fault_id,fault_type,fault_name,fault_addr,fault_bit,tool,activated,activation_count,detected,error_count,first_fail_addr,first_fail_stage,first_fail_expected,first_fail_actual,request_count,cycles,simulation_status,outcome,reason,attempts,raw_log
F0000,1,SA0,0,0,icarus,1,2,1,2,0,M2,FF,FE,640,960,valid,activated_detected,,1,results/step06/raw/full/icarus/run_0001_offset_0000_count_0064.log
F0001,1,SA0,0,1,icarus,1,2,1,2,0,M2,FF,FD,640,960,valid,activated_detected,,1,results/step06/raw/full/icarus/run_0001_offset_0000_count_0064.log
F0002,1,SA0,0,2,icarus,1,2,1,2,0,M2,FF,FB,640,960,valid,activated_detected,,1,results/step06/raw/full/icarus/run_0001_offset_0000_count_0064.log
F0003,1,SA0,0,3,icarus,1,2,1,2,0,M2,FF,F7,640,960,valid,activated_detected,,1,results/step06/raw/full/icarus/run_0001_offset_0000_count_0064.log
F0004,1,SA0,0,4,icarus,1,2,1,2,0,M2,FF,EF,640,960,valid,activated_detected,,1,results/step06/raw/full/icarus/run_0001_offset_0000_count_0064.log
F0005,1,SA0,0,5,icarus,1,2,1,2,0,M2,FF,DF,640,960,valid,activated_detected,,1,results/step06/raw/full/icarus/run_0001_offset_0000_count_0064.log
F0006,1,SA0,0,6,icarus,1,2,1,2,0,M2,FF,BF,640,960,valid,activated_detected,,1,results/step06/raw/full/icarus/run_0001_offset_0000_count_0064.log
F0007,1,SA0,0,7,icarus,1,2,1,2,0,M2,FF,7F,640,960,valid,activated_detected,,1,results/step06/raw/full/icarus/run_0001_offset_0000_count_0064.log
F0008,1,SA0,1,0,icarus,1,2,1,2,1,M2,FF,FE,640,960,valid,activated_detected,,1,results/step06/raw/full/icarus/run_0001_offset_0000_count_0064.log
F0009,1,SA0,1,1,icarus,1,2,1,2,1,M2,FF,FD,640,960,valid,activated_detected,,1,results/step06/raw/full/icarus/run_0001_offset_0000_count_0064.log
F0010,1,SA0,1,2,icarus,1,2,1,2,1,M2,FF,FB,640,960,valid,activated_detected,,1,results/step06/raw/full/icarus/run_0001_offset_0000_count_0064.log
F0011,1,SA0,1,3,icarus,1,2,1,2,1,M2,FF,F7,640,960,valid,activated_detected,,1,results/step06/raw/full/icarus/run_0001_offset_0000_count_0064.log
F0012,1,SA0,1,4,icarus,1,2,1,2,1,M2,FF,EF,640,960,valid,activated_detected,,1,results/step06/raw/full/icarus/run_0001_offset_0000_count_0064.log
F0013,1,SA0,1,5,icarus,1,2,1,2,1,M2,FF,DF,640,960,valid,activated_detected,,1,results/step06/raw/full/icarus/run_0001_offset_0000_count_0064.log
F0014,1,SA0,1,6,icarus,1,2,1,2,1,M2,FF,BF,640,960,valid,activated_detected,,1,results/step06/raw/full/icarus/run_0001_offset_0000_count_0064.log
F0015,1,SA0,1,7,icarus,1,2,1,2,1,M2,FF,7F,640,960,valid,activated_detected,,1,results/step06/raw/full/icarus/run_0001_offset_0000_count_0064.log
F0016,1,SA0,2,0,icarus,1,2,1,2,2,M2,FF,FE,640,960,valid,activated_detected,,1,results/step06/raw/full/icarus/run_0001_offset_0000_count_0064.log
F0017,1,SA0,2,1,icarus,1,2,1,2,2,M2,FF,FD,640,960,valid,activated_detected,,1,results/step06/raw/full/icarus/run_0001_offset_0000_count_0064.log
F0018,1,SA0,2,2,icarus,1,2,1,2,2,M2,FF,FB,640,960,valid,activated_detected,,1,results/step06/raw/full/icarus/run_0001_offset_0000_count_0064.log
F0019,1,SA0,2,3,icarus,1,2,1,2,2,M2,FF,F7,640,960,valid,activated_detected,,1,results/step06/raw/full/icarus/run_0001_offset_0000_count_0064.log
F0020,1,SA0,2,4,icarus,1,2,1,2,2,M2,FF,EF,640,960,valid,activated_detected,,1,results/step06/raw/full/icarus/run_0001_offset_0000_count_0064.log
F0021,1,SA0,2,5,icarus,1,2,1,2,2,M2,FF,DF,640,960,valid,activated_detected,,1,results/step06/raw/full/icarus/run_0001_offset_0000_count_0064.log
F0022,1,SA0,2,6,icarus,1,2,1,2,2,M2,FF,BF,640,960,valid,activated_detected,,1,results/step06/raw/full/icarus/run_0001_offset_0000_count_0064.log
F0023,1,SA0,2,7,icarus,1,2,1,2,2,M2,FF,7F,640,960,valid,activated_detected,,1,results/step06/raw/full/icarus/run_0001_offset_0000_count_0064.log
F0024,1,SA0,3,0,icarus,1,2,1,2,3,M2,FF,FE,640,960,valid,activated_detected,,1,results/step06/raw/full/icarus/run_0001_offset_0000_count_0064.log
F0025,1,SA0,3,1,icarus,1,2,1,2,3,M2,FF,FD,640,960,valid,activated_detected,,1,results/step06/raw/full/icarus/run_0001_offset_0000_count_0064.log
F0026,1,SA0,3,2,icarus,1,2,1,2,3,M2,FF,FB,640,960,valid,activated_detected,,1,results/step06/raw/full/icarus/run_0001_offset_0000_count_0064.log
F0027,1,SA0,3,3,icarus,1,2,1,2,3,M2,FF,F7,640,960,valid,activated_detected,,1,results/step06/raw/full/icarus/run_0001_offset_0000_count_0064.log
F0028,1,SA0,3,4,icarus,1,2,1,2,3,M2,FF,EF,640,960,valid,activated_detected,,1,results/step06/raw/full/icarus/run_0001_offset_0000_count_0064.log
F0029,1,SA0,3,5,icarus,1,2,1,2,3,M2,FF,DF,640,960,valid,activated_detected,,1,results/step06/raw/full/icarus/run_0001_offset_0000_count_0064.log
F0030,1,SA0,3,6,icarus,1,2,1,2,3,M2,FF,BF,640,960,valid,activated_detected,,1,results/step06/raw/full/icarus/run_0001_offset_0000_count_0064.log
F0031,1,SA0,3,7,icarus,1,2,1,2,3,M2,FF,7F,640,960,valid,activated_detected,,1,results/step06/raw/full/icarus/run_0001_offset_0000_count_0064.log
F0032,1,SA0,4,0,icarus,1,2,1,2,4,M2,FF,FE,640,960,valid,activated_detected,,1,results/step06/raw/full/icarus/run_0001_offset_0000_count_0064.log
F0033,1,SA0,4,1,icarus,1,2,1,2,4,M2,FF,FD,640,960,valid,activated_detected,,1,results/step06/raw/full/icarus/run_0001_offset_0000_count_0064.log
F0034,1,SA0,4,2,icarus,1,2,1,2,4,M2,FF,FB,640,960,valid,activated_detected,,1,results/step06/raw/full/icarus/run_0001_offset_0000_count_0064.log
F0035,1,SA0,4,3,icarus,1,2,1,2,4,M2,FF,F7,640,960,valid,activated_detected,,1,results/step06/raw/full/icarus/run_0001_offset_0000_count_0064.log
F0036,1,SA0,4,4,icarus,1,2,1,2,4,M2,FF,EF,640,960,valid,activated_detected,,1,results/step06/raw/full/icarus/run_0001_offset_0000_count_0064.log
F0037,1,SA0,4,5,icarus,1,2,1,2,4,M2,FF,DF,640,960,valid,activated_detected,,1,results/step06/raw/full/icarus/run_0001_offset_0000_count_0064.log
F0038,1,SA0,4,6,icarus,1,2,1,2,4,M2,FF,BF,640,960,valid,activated_detected,,1,results/step06/raw/full/icarus/run_0001_offset_0000_count_0064.log
F0039,1,SA0,4,7,icarus,1,2,1,2,4,M2,FF,7F,640,960,valid,activated_detected,,1,results/step06/raw/full/icarus/run_0001_offset_0000_count_0064.log
F0040,1,SA0,5,0,icarus,1,2,1,2,5,M2,FF,FE,640,960,valid,activated_detected,,1,results/step06/raw/full/icarus/run_0001_offset_0000_count_0064.log
F0041,1,SA0,5,1,icarus,1,2,1,2,5,M2,FF,FD,640,960,valid,activated_detected,,1,results/step06/raw/full/icarus/run_0001_offset_0000_count_0064.log
F0042,1,SA0,5,2,icarus,1,2,1,2,5,M2,FF,FB,640,960,valid,activated_detected,,1,results/step06/raw/full/icarus/run_0001_offset_0000_count_0064.log
F0043,1,SA0,5,3,icarus,1,2,1,2,5,M2,FF,F7,640,960,valid,activated_detected,,1,results/step06/raw/full/icarus/run_0001_offset_0000_count_0064.log
F0044,1,SA0,5,4,icarus,1,2,1,2,5,M2,FF,EF,640,960,valid,activated_detected,,1,results/step06/raw/full/icarus/run_0001_offset_0000_count_0064.log
F0045,1,SA0,5,5,icarus,1,2,1,2,5,M2,FF,DF,640,960,valid,activated_detected,,1,results/step06/raw/full/icarus/run_0001_offset_0000_count_0064.log
F0046,1,SA0,5,6,icarus,1,2,1,2,5,M2,FF,BF,640,960,valid,activated_detected,,1,results/step06/raw/full/icarus/run_0001_offset_0000_count_0064.log
F0047,1,SA0,5,7,icarus,1,2,1,2,5,M2,FF,7F,640,960,valid,activated_detected,,1,results/step06/raw/full/icarus/run_0001_offset_0000_count_0064.log
F0048,1,SA0,6,0,icarus,1,2,1,2,6,M2,FF,FE,640,960,valid,activated_detected,,1,results/step06/raw/full/icarus/run_0001_offset_0000_count_0064.log
F0049,1,SA0,6,1,icarus,1,2,1,2,6,M2,FF,FD,640,960,valid,activated_detected,,1,results/step06/raw/full/icarus/run_0001_offset_0000_count_0064.log
F0050,1,SA0,6,2,icarus,1,2,1,2,6,M2,FF,FB,640,960,valid,activated_detected,,1,results/step06/raw/full/icarus/run_0001_offset_0000_count_0064.log
F0051,1,SA0,6,3,icarus,1,2,1,2,6,M2,FF,F7,640,960,valid,activated_detected,,1,results/step06/raw/full/icarus/run_0001_offset_0000_count_0064.log
F0052,1,SA0,6,4,icarus,1,2,1,2,6,M2,FF,EF,640,960,valid,activated_detected,,1,results/step06/raw/full/icarus/run_0001_offset_0000_count_0064.log
F0053,1,SA0,6,5,icarus,1,2,1,2,6,M2,FF,DF,640,960,valid,activated_detected,,1,results/step06/raw/full/icarus/run_0001_offset_0000_count_0064.log
F0054,1,SA0,6,6,icarus,1,2,1,2,6,M2,FF,BF,640,960,valid,activated_detected,,1,results/step06/raw/full/icarus/run_0001_offset_0000_count_0064.log
F0055,1,SA0,6,7,icarus,1,2,1,2,6,M2,FF,7F,640,960,valid,activated_detected,,1,results/step06/raw/full/icarus/run_0001_offset_0000_count_0064.log
F0056,1,SA0,7,0,icarus,1,2,1,2,7,M2,FF,FE,640,960,valid,activated_detected,,1,results/step06/raw/full/icarus/run_0001_offset_0000_count_0064.log
F0057,1,SA0,7,1,icarus,1,2,1,2,7,M2,FF,FD,640,960,valid,activated_detected,,1,results/step06/raw/full/icarus/run_0001_offset_0000_count_0064.log
F0058,1,SA0,7,2,icarus,1,2,1,2,7,M2,FF,FB,640,960,valid,activated_detected,,1,results/step06/raw/full/icarus/run_0001_offset_0000_count_0064.log
F0059,1,SA0,7,3,icarus,1,2,1,2,7,M2,FF,F7,640,960,valid,activated_detected,,1,results/step06/raw/full/icarus/run_0001_offset_0000_count_0064.log
F0060,1,SA0,7,4,icarus,1,2,1,2,7,M2,FF,EF,640,960,valid,activated_detected,,1,results/step06/raw/full/icarus/run_0001_offset_0000_count_0064.log
F0061,1,SA0,7,5,icarus,1,2,1,2,7,M2,FF,DF,640,960,valid,activated_detected,,1,results/step06/raw/full/icarus/run_0001_offset_0000_count_0064.log
F0062,1,SA0,7,6,icarus,1,2,1,2,7,M2,FF,BF,640,960,valid,activated_detected,,1,results/step06/raw/full/icarus/run_0001_offset_0000_count_0064.log
F0063,1,SA0,7,7,icarus,1,2,1,2,7,M2,FF,7F,640,960,valid,activated_detected,,1,results/step06/raw/full/icarus/run_0001_offset_0000_count_0064.log
F0064,1,SA0,8,0,icarus,1,2,1,2,8,M2,FF,FE,640,960,valid,activated_detected,,1,results/step06/raw/full/icarus/run_0002_offset_0064_count_0064.log
F0065,1,SA0,8,1,icarus,1,2,1,2,8,M2,FF,FD,640,960,valid,activated_detected,,1,results/step06/raw/full/icarus/run_0002_offset_0064_count_0064.log
F0066,1,SA0,8,2,icarus,1,2,1,2,8,M2,FF,FB,640,960,valid,activated_detected,,1,results/step06/raw/full/icarus/run_0002_offset_0064_count_0064.log
F0067,1,SA0,8,3,icarus,1,2,1,2,8,M2,FF,F7,640,960,valid,activated_detected,,1,results/step06/raw/full/icarus/run_0002_offset_0064_count_0064.log
F0068,1,SA0,8,4,icarus,1,2,1,2,8,M2,FF,EF,640,960,valid,activated_detected,,1,results/step06/raw/full/icarus/run_0002_offset_0064_count_0064.log
F0069,1,SA0,8,5,icarus,1,2,1,2,8,M2,FF,DF,640,960,valid,activated_detected,,1,results/step06/raw/full/icarus/run_0002_offset_0064_count_0064.log
F0070,1,SA0,8,6,icarus,1,2,1,2,8,M2,FF,BF,640,960,valid,activated_detected,,1,results/step06/raw/full/icarus/run_0002_offset_0064_count_0064.log
F0071,1,SA0,8,7,icarus,1,2,1,2,8,M2,FF,7F,640,960,valid,activated_detected,,1,results/step06/raw/full/icarus/run_0002_offset_0064_count_0064.log
F0072,1,SA0,9,0,icarus,1,2,1,2,9,M2,FF,FE,640,960,valid,activated_detected,,1,results/step06/raw/full/icarus/run_0002_offset_0064_count_0064.log
F0073,1,SA0,9,1,icarus,1,2,1,2,9,M2,FF,FD,640,960,valid,activated_detected,,1,results/step06/raw/full/icarus/run_0002_offset_0064_count_0064.log
F0074,1,SA0,9,2,icarus,1,2,1,2,9,M2,FF,FB,640,960,valid,activated_detected,,1,results/step06/raw/full/icarus/run_0002_offset_0064_count_0064.log
F0075,1,SA0,9,3,icarus,1,2,1,2,9,M2,FF,F7,640,960,valid,activated_detected,,1,results/step06/raw/full/icarus/run_0002_offset_0064_count_0064.log
F0076,1,SA0,9,4,icarus,1,2,1,2,9,M2,FF,EF,640,960,valid,activated_detected,,1,results/step06/raw/full/icarus/run_0002_offset_0064_count_0064.log
F0077,1,SA0,9,5,icarus,1,2,1,2,9,M2,FF,DF,640,960,valid,activated_detected,,1,results/step06/raw/full/icarus/run_0002_offset_0064_count_0064.log
F0078,1,SA0,9,6,icarus,1,2,1,2,9,M2,FF,BF,640,960,valid,activated_detected,,1,results/step06/raw/full/icarus/run_0002_offset_0064_count_0064.log
F0079,1,SA0,9,7,icarus,1,2,1,2,9,M2,FF,7F,640,960,valid,activated_detected,,1,results/step06/raw/full/icarus/run_0002_offset_0064_count_0064.log
F0080,1,SA0,10,0,icarus,1,2,1,2,10,M2,FF,FE,640,960,valid,activated_detected,,1,results/step06/raw/full/icarus/run_0002_offset_0064_count_0064.log
F0081,1,SA0,10,1,icarus,1,2,1,2,10,M2,FF,FD,640,960,valid,activated_detected,,1,results/step06/raw/full/icarus/run_0002_offset_0064_count_0064.log
F0082,1,SA0,10,2,icarus,1,2,1,2,10,M2,FF,FB,640,960,valid,activated_detected,,1,results/step06/raw/full/icarus/run_0002_offset_0064_count_0064.log
F0083,1,SA0,10,3,icarus,1,2,1,2,10,M2,FF,F7,640,960,valid,activated_detected,,1,results/step06/raw/full/icarus/run_0002_offset_0064_count_0064.log
F0084,1,SA0,10,4,icarus,1,2,1,2,10,M2,FF,EF,640,960,valid,activated_detected,,1,results/step06/raw/full/icarus/run_0002_offset_0064_count_0064.log
F0085,1,SA0,10,5,icarus,1,2,1,2,10,M2,FF,DF,640,960,valid,activated_detected,,1,results/step06/raw/full/icarus/run_0002_offset_0064_count_0064.log
F0086,1,SA0,10,6,icarus,1,2,1,2,10,M2,FF,BF,640,960,valid,activated_detected,,1,results/step06/raw/full/icarus/run_0002_offset_0064_count_0064.log
F0087,1,SA0,10,7,icarus,1,2,1,2,10,M2,FF,7F,640,960,valid,activated_detected,,1,results/step06/raw/full/icarus/run_0002_offset_0064_count_0064.log
F0088,1,SA0,11,0,icarus,1,2,1,2,11,M2,FF,FE,640,960,valid,activated_detected,,1,results/step06/raw/full/icarus/run_0002_offset_0064_count_0064.log
F0089,1,SA0,11,1,icarus,1,2,1,2,11,M2,FF,FD,640,960,valid,activated_detected,,1,results/step06/raw/full/icarus/run_0002_offset_0064_count_0064.log
F0090,1,SA0,11,2,icarus,1,2,1,2,11,M2,FF,FB,640,960,valid,activated_detected,,1,results/step06/raw/full/icarus/run_0002_offset_0064_count_0064.log
F0091,1,SA0,11,3,icarus,1,2,1,2,11,M2,FF,F7,640,960,valid,activated_detected,,1,results/step06/raw/full/icarus/run_0002_offset_0064_count_0064.log
F0092,1,SA0,11,4,icarus,1,2,1,2,11,M2,FF,EF,640,960,valid,activated_detected,,1,results/step06/raw/full/icarus/run_0002_offset_0064_count_0064.log
F0093,1,SA0,11,5,icarus,1,2,1,2,11,M2,FF,DF,640,960,valid,activated_detected,,1,results/step06/raw/full/icarus/run_0002_offset_0064_count_0064.log
F0094,1,SA0,11,6,icarus,1,2,1,2,11,M2,FF,BF,640,960,valid,activated_detected,,1,results/step06/raw/full/icarus/run_0002_offset_0064_count_0064.log
F0095,1,SA0,11,7,icarus,1,2,1,2,11,M2,FF,7F,640,960,valid,activated_detected,,1,results/step06/raw/full/icarus/run_0002_offset_0064_count_0064.log
F0096,1,SA0,12,0,icarus,1,2,1,2,12,M2,FF,FE,640,960,valid,activated_detected,,1,results/step06/raw/full/icarus/run_0002_offset_0064_count_0064.log
F0097,1,SA0,12,1,icarus,1,2,1,2,12,M2,FF,FD,640,960,valid,activated_detected,,1,results/step06/raw/full/icarus/run_0002_offset_0064_count_0064.log
F0098,1,SA0,12,2,icarus,1,2,1,2,12,M2,FF,FB,640,960,valid,activated_detected,,1,results/step06/raw/full/icarus/run_0002_offset_0064_count_0064.log
F0099,1,SA0,12,3,icarus,1,2,1,2,12,M2,FF,F7,640,960,valid,activated_detected,,1,results/step06/raw/full/icarus/run_0002_offset_0064_count_0064.log
F0100,1,SA0,12,4,icarus,1,2,1,2,12,M2,FF,EF,640,960,valid,activated_detected,,1,results/step06/raw/full/icarus/run_0002_offset_0064_count_0064.log
F0101,1,SA0,12,5,icarus,1,2,1,2,12,M2,FF,DF,640,960,valid,activated_detected,,1,results/step06/raw/full/icarus/run_0002_offset_0064_count_0064.log
F0102,1,SA0,12,6,icarus,1,2,1,2,12,M2,FF,BF,640,960,valid,activated_detected,,1,results/step06/raw/full/icarus/run_0002_offset_0064_count_0064.log
F0103,1,SA0,12,7,icarus,1,2,1,2,12,M2,FF,7F,640,960,valid,activated_detected,,1,results/step06/raw/full/icarus/run_0002_offset_0064_count_0064.log
F0104,1,SA0,13,0,icarus,1,2,1,2,13,M2,FF,FE,640,960,valid,activated_detected,,1,results/step06/raw/full/icarus/run_0002_offset_0064_count_0064.log
F0105,1,SA0,13,1,icarus,1,2,1,2,13,M2,FF,FD,640,960,valid,activated_detected,,1,results/step06/raw/full/icarus/run_0002_offset_0064_count_0064.log
F0106,1,SA0,13,2,icarus,1,2,1,2,13,M2,FF,FB,640,960,valid,activated_detected,,1,results/step06/raw/full/icarus/run_0002_offset_0064_count_0064.log
F0107,1,SA0,13,3,icarus,1,2,1,2,13,M2,FF,F7,640,960,valid,activated_detected,,1,results/step06/raw/full/icarus/run_0002_offset_0064_count_0064.log
F0108,1,SA0,13,4,icarus,1,2,1,2,13,M2,FF,EF,640,960,valid,activated_detected,,1,results/step06/raw/full/icarus/run_0002_offset_0064_count_0064.log
F0109,1,SA0,13,5,icarus,1,2,1,2,13,M2,FF,DF,640,960,valid,activated_detected,,1,results/step06/raw/full/icarus/run_0002_offset_0064_count_0064.log
F0110,1,SA0,13,6,icarus,1,2,1,2,13,M2,FF,BF,640,960,valid,activated_detected,,1,results/step06/raw/full/icarus/run_0002_offset_0064_count_0064.log
F0111,1,SA0,13,7,icarus,1,2,1,2,13,M2,FF,7F,640,960,valid,activated_detected,,1,results/step06/raw/full/icarus/run_0002_offset_0064_count_0064.log
F0112,1,SA0,14,0,icarus,1,2,1,2,14,M2,FF,FE,640,960,valid,activated_detected,,1,results/step06/raw/full/icarus/run_0002_offset_0064_count_0064.log
F0113,1,SA0,14,1,icarus,1,2,1,2,14,M2,FF,FD,640,960,valid,activated_detected,,1,results/step06/raw/full/icarus/run_0002_offset_0064_count_0064.log
F0114,1,SA0,14,2,icarus,1,2,1,2,14,M2,FF,FB,640,960,valid,activated_detected,,1,results/step06/raw/full/icarus/run_0002_offset_0064_count_0064.log
F0115,1,SA0,14,3,icarus,1,2,1,2,14,M2,FF,F7,640,960,valid,activated_detected,,1,results/step06/raw/full/icarus/run_0002_offset_0064_count_0064.log
F0116,1,SA0,14,4,icarus,1,2,1,2,14,M2,FF,EF,640,960,valid,activated_detected,,1,results/step06/raw/full/icarus/run_0002_offset_0064_count_0064.log
F0117,1,SA0,14,5,icarus,1,2,1,2,14,M2,FF,DF,640,960,valid,activated_detected,,1,results/step06/raw/full/icarus/run_0002_offset_0064_count_0064.log
F0118,1,SA0,14,6,icarus,1,2,1,2,14,M2,FF,BF,640,960,valid,activated_detected,,1,results/step06/raw/full/icarus/run_0002_offset_0064_count_0064.log
F0119,1,SA0,14,7,icarus,1,2,1,2,14,M2,FF,7F,640,960,valid,activated_detected,,1,results/step06/raw/full/icarus/run_0002_offset_0064_count_0064.log
F0120,1,SA0,15,0,icarus,1,2,1,2,15,M2,FF,FE,640,960,valid,activated_detected,,1,results/step06/raw/full/icarus/run_0002_offset_0064_count_0064.log
F0121,1,SA0,15,1,icarus,1,2,1,2,15,M2,FF,FD,640,960,valid,activated_detected,,1,results/step06/raw/full/icarus/run_0002_offset_0064_count_0064.log
F0122,1,SA0,15,2,icarus,1,2,1,2,15,M2,FF,FB,640,960,valid,activated_detected,,1,results/step06/raw/full/icarus/run_0002_offset_0064_count_0064.log
F0123,1,SA0,15,3,icarus,1,2,1,2,15,M2,FF,F7,640,960,valid,activated_detected,,1,results/step06/raw/full/icarus/run_0002_offset_0064_count_0064.log
F0124,1,SA0,15,4,icarus,1,2,1,2,15,M2,FF,EF,640,960,valid,activated_detected,,1,results/step06/raw/full/icarus/run_0002_offset_0064_count_0064.log
F0125,1,SA0,15,5,icarus,1,2,1,2,15,M2,FF,DF,640,960,valid,activated_detected,,1,results/step06/raw/full/icarus/run_0002_offset_0064_count_0064.log
F0126,1,SA0,15,6,icarus,1,2,1,2,15,M2,FF,BF,640,960,valid,activated_detected,,1,results/step06/raw/full/icarus/run_0002_offset_0064_count_0064.log
F0127,1,SA0,15,7,icarus,1,2,1,2,15,M2,FF,7F,640,960,valid,activated_detected,,1,results/step06/raw/full/icarus/run_0002_offset_0064_count_0064.log
F0128,1,SA0,16,0,icarus,1,2,1,2,16,M2,FF,FE,640,960,valid,activated_detected,,1,results/step06/raw/full/icarus/run_0003_offset_0128_count_0064.log
F0129,1,SA0,16,1,icarus,1,2,1,2,16,M2,FF,FD,640,960,valid,activated_detected,,1,results/step06/raw/full/icarus/run_0003_offset_0128_count_0064.log
F0130,1,SA0,16,2,icarus,1,2,1,2,16,M2,FF,FB,640,960,valid,activated_detected,,1,results/step06/raw/full/icarus/run_0003_offset_0128_count_0064.log
F0131,1,SA0,16,3,icarus,1,2,1,2,16,M2,FF,F7,640,960,valid,activated_detected,,1,results/step06/raw/full/icarus/run_0003_offset_0128_count_0064.log
F0132,1,SA0,16,4,icarus,1,2,1,2,16,M2,FF,EF,640,960,valid,activated_detected,,1,results/step06/raw/full/icarus/run_0003_offset_0128_count_0064.log
F0133,1,SA0,16,5,icarus,1,2,1,2,16,M2,FF,DF,640,960,valid,activated_detected,,1,results/step06/raw/full/icarus/run_0003_offset_0128_count_0064.log
F0134,1,SA0,16,6,icarus,1,2,1,2,16,M2,FF,BF,640,960,valid,activated_detected,,1,results/step06/raw/full/icarus/run_0003_offset_0128_count_0064.log
F0135,1,SA0,16,7,icarus,1,2,1,2,16,M2,FF,7F,640,960,valid,activated_detected,,1,results/step06/raw/full/icarus/run_0003_offset_0128_count_0064.log
F0136,1,SA0,17,0,icarus,1,2,1,2,17,M2,FF,FE,640,960,valid,activated_detected,,1,results/step06/raw/full/icarus/run_0003_offset_0128_count_0064.log
F0137,1,SA0,17,1,icarus,1,2,1,2,17,M2,FF,FD,640,960,valid,activated_detected,,1,results/step06/raw/full/icarus/run_0003_offset_0128_count_0064.log
F0138,1,SA0,17,2,icarus,1,2,1,2,17,M2,FF,FB,640,960,valid,activated_detected,,1,results/step06/raw/full/icarus/run_0003_offset_0128_count_0064.log
F0139,1,SA0,17,3,icarus,1,2,1,2,17,M2,FF,F7,640,960,valid,activated_detected,,1,results/step06/raw/full/icarus/run_0003_offset_0128_count_0064.log
F0140,1,SA0,17,4,icarus,1,2,1,2,17,M2,FF,EF,640,960,valid,activated_detected,,1,results/step06/raw/full/icarus/run_0003_offset_0128_count_0064.log
F0141,1,SA0,17,5,icarus,1,2,1,2,17,M2,FF,DF,640,960,valid,activated_detected,,1,results/step06/raw/full/icarus/run_0003_offset_0128_count_0064.log
F0142,1,SA0,17,6,icarus,1,2,1,2,17,M2,FF,BF,640,960,valid,activated_detected,,1,results/step06/raw/full/icarus/run_0003_offset_0128_count_0064.log
F0143,1,SA0,17,7,icarus,1,2,1,2,17,M2,FF,7F,640,960,valid,activated_detected,,1,results/step06/raw/full/icarus/run_0003_offset_0128_count_0064.log
F0144,1,SA0,18,0,icarus,1,2,1,2,18,M2,FF,FE,640,960,valid,activated_detected,,1,results/step06/raw/full/icarus/run_0003_offset_0128_count_0064.log
F0145,1,SA0,18,1,icarus,1,2,1,2,18,M2,FF,FD,640,960,valid,activated_detected,,1,results/step06/raw/full/icarus/run_0003_offset_0128_count_0064.log
F0146,1,SA0,18,2,icarus,1,2,1,2,18,M2,FF,FB,640,960,valid,activated_detected,,1,results/step06/raw/full/icarus/run_0003_offset_0128_count_0064.log
F0147,1,SA0,18,3,icarus,1,2,1,2,18,M2,FF,F7,640,960,valid,activated_detected,,1,results/step06/raw/full/icarus/run_0003_offset_0128_count_0064.log
F0148,1,SA0,18,4,icarus,1,2,1,2,18,M2,FF,EF,640,960,valid,activated_detected,,1,results/step06/raw/full/icarus/run_0003_offset_0128_count_0064.log
F0149,1,SA0,18,5,icarus,1,2,1,2,18,M2,FF,DF,640,960,valid,activated_detected,,1,results/step06/raw/full/icarus/run_0003_offset_0128_count_0064.log
F0150,1,SA0,18,6,icarus,1,2,1,2,18,M2,FF,BF,640,960,valid,activated_detected,,1,results/step06/raw/full/icarus/run_0003_offset_0128_count_0064.log
F0151,1,SA0,18,7,icarus,1,2,1,2,18,M2,FF,7F,640,960,valid,activated_detected,,1,results/step06/raw/full/icarus/run_0003_offset_0128_count_0064.log
F0152,1,SA0,19,0,icarus,1,2,1,2,19,M2,FF,FE,640,960,valid,activated_detected,,1,results/step06/raw/full/icarus/run_0003_offset_0128_count_0064.log
F0153,1,SA0,19,1,icarus,1,2,1,2,19,M2,FF,FD,640,960,valid,activated_detected,,1,results/step06/raw/full/icarus/run_0003_offset_0128_count_0064.log
F0154,1,SA0,19,2,icarus,1,2,1,2,19,M2,FF,FB,640,960,valid,activated_detected,,1,results/step06/raw/full/icarus/run_0003_offset_0128_count_0064.log
F0155,1,SA0,19,3,icarus,1,2,1,2,19,M2,FF,F7,640,960,valid,activated_detected,,1,results/step06/raw/full/icarus/run_0003_offset_0128_count_0064.log
F0156,1,SA0,19,4,icarus,1,2,1,2,19,M2,FF,EF,640,960,valid,activated_detected,,1,results/step06/raw/full/icarus/run_0003_offset_0128_count_0064.log
F0157,1,SA0,19,5,icarus,1,2,1,2,19,M2,FF,DF,640,960,valid,activated_detected,,1,results/step06/raw/full/icarus/run_0003_offset_0128_count_0064.log
F0158,1,SA0,19,6,icarus,1,2,1,2,19,M2,FF,BF,640,960,valid,activated_detected,,1,results/step06/raw/full/icarus/run_0003_offset_0128_count_0064.log
F0159,1,SA0,19,7,icarus,1,2,1,2,19,M2,FF,7F,640,960,valid,activated_detected,,1,results/step06/raw/full/icarus/run_0003_offset_0128_count_0064.log
F0160,1,SA0,20,0,icarus,1,2,1,2,20,M2,FF,FE,640,960,valid,activated_detected,,1,results/step06/raw/full/icarus/run_0003_offset_0128_count_0064.log
F0161,1,SA0,20,1,icarus,1,2,1,2,20,M2,FF,FD,640,960,valid,activated_detected,,1,results/step06/raw/full/icarus/run_0003_offset_0128_count_0064.log
F0162,1,SA0,20,2,icarus,1,2,1,2,20,M2,FF,FB,640,960,valid,activated_detected,,1,results/step06/raw/full/icarus/run_0003_offset_0128_count_0064.log
F0163,1,SA0,20,3,icarus,1,2,1,2,20,M2,FF,F7,640,960,valid,activated_detected,,1,results/step06/raw/full/icarus/run_0003_offset_0128_count_0064.log
F0164,1,SA0,20,4,icarus,1,2,1,2,20,M2,FF,EF,640,960,valid,activated_detected,,1,results/step06/raw/full/icarus/run_0003_offset_0128_count_0064.log
F0165,1,SA0,20,5,icarus,1,2,1,2,20,M2,FF,DF,640,960,valid,activated_detected,,1,results/step06/raw/full/icarus/run_0003_offset_0128_count_0064.log
F0166,1,SA0,20,6,icarus,1,2,1,2,20,M2,FF,BF,640,960,valid,activated_detected,,1,results/step06/raw/full/icarus/run_0003_offset_0128_count_0064.log
F0167,1,SA0,20,7,icarus,1,2,1,2,20,M2,FF,7F,640,960,valid,activated_detected,,1,results/step06/raw/full/icarus/run_0003_offset_0128_count_0064.log
F0168,1,SA0,21,0,icarus,1,2,1,2,21,M2,FF,FE,640,960,valid,activated_detected,,1,results/step06/raw/full/icarus/run_0003_offset_0128_count_0064.log
F0169,1,SA0,21,1,icarus,1,2,1,2,21,M2,FF,FD,640,960,valid,activated_detected,,1,results/step06/raw/full/icarus/run_0003_offset_0128_count_0064.log
F0170,1,SA0,21,2,icarus,1,2,1,2,21,M2,FF,FB,640,960,valid,activated_detected,,1,results/step06/raw/full/icarus/run_0003_offset_0128_count_0064.log
F0171,1,SA0,21,3,icarus,1,2,1,2,21,M2,FF,F7,640,960,valid,activated_detected,,1,results/step06/raw/full/icarus/run_0003_offset_0128_count_0064.log
F0172,1,SA0,21,4,icarus,1,2,1,2,21,M2,FF,EF,640,960,valid,activated_detected,,1,results/step06/raw/full/icarus/run_0003_offset_0128_count_0064.log
F0173,1,SA0,21,5,icarus,1,2,1,2,21,M2,FF,DF,640,960,valid,activated_detected,,1,results/step06/raw/full/icarus/run_0003_offset_0128_count_0064.log
F0174,1,SA0,21,6,icarus,1,2,1,2,21,M2,FF,BF,640,960,valid,activated_detected,,1,results/step06/raw/full/icarus/run_0003_offset_0128_count_0064.log
F0175,1,SA0,21,7,icarus,1,2,1,2,21,M2,FF,7F,640,960,valid,activated_detected,,1,results/step06/raw/full/icarus/run_0003_offset_0128_count_0064.log
F0176,1,SA0,22,0,icarus,1,2,1,2,22,M2,FF,FE,640,960,valid,activated_detected,,1,results/step06/raw/full/icarus/run_0003_offset_0128_count_0064.log
F0177,1,SA0,22,1,icarus,1,2,1,2,22,M2,FF,FD,640,960,valid,activated_detected,,1,results/step06/raw/full/icarus/run_0003_offset_0128_count_0064.log
F0178,1,SA0,22,2,icarus,1,2,1,2,22,M2,FF,FB,640,960,valid,activated_detected,,1,results/step06/raw/full/icarus/run_0003_offset_0128_count_0064.log
F0179,1,SA0,22,3,icarus,1,2,1,2,22,M2,FF,F7,640,960,valid,activated_detected,,1,results/step06/raw/full/icarus/run_0003_offset_0128_count_0064.log
F0180,1,SA0,22,4,icarus,1,2,1,2,22,M2,FF,EF,640,960,valid,activated_detected,,1,results/step06/raw/full/icarus/run_0003_offset_0128_count_0064.log
F0181,1,SA0,22,5,icarus,1,2,1,2,22,M2,FF,DF,640,960,valid,activated_detected,,1,results/step06/raw/full/icarus/run_0003_offset_0128_count_0064.log
F0182,1,SA0,22,6,icarus,1,2,1,2,22,M2,FF,BF,640,960,valid,activated_detected,,1,results/step06/raw/full/icarus/run_0003_offset_0128_count_0064.log
F0183,1,SA0,22,7,icarus,1,2,1,2,22,M2,FF,7F,640,960,valid,activated_detected,,1,results/step06/raw/full/icarus/run_0003_offset_0128_count_0064.log
F0184,1,SA0,23,0,icarus,1,2,1,2,23,M2,FF,FE,640,960,valid,activated_detected,,1,results/step06/raw/full/icarus/run_0003_offset_0128_count_0064.log
F0185,1,SA0,23,1,icarus,1,2,1,2,23,M2,FF,FD,640,960,valid,activated_detected,,1,results/step06/raw/full/icarus/run_0003_offset_0128_count_0064.log
F0186,1,SA0,23,2,icarus,1,2,1,2,23,M2,FF,FB,640,960,valid,activated_detected,,1,results/step06/raw/full/icarus/run_0003_offset_0128_count_0064.log
F0187,1,SA0,23,3,icarus,1,2,1,2,23,M2,FF,F7,640,960,valid,activated_detected,,1,results/step06/raw/full/icarus/run_0003_offset_0128_count_0064.log
F0188,1,SA0,23,4,icarus,1,2,1,2,23,M2,FF,EF,640,960,valid,activated_detected,,1,results/step06/raw/full/icarus/run_0003_offset_0128_count_0064.log
F0189,1,SA0,23,5,icarus,1,2,1,2,23,M2,FF,DF,640,960,valid,activated_detected,,1,results/step06/raw/full/icarus/run_0003_offset_0128_count_0064.log
F0190,1,SA0,23,6,icarus,1,2,1,2,23,M2,FF,BF,640,960,valid,activated_detected,,1,results/step06/raw/full/icarus/run_0003_offset_0128_count_0064.log
F0191,1,SA0,23,7,icarus,1,2,1,2,23,M2,FF,7F,640,960,valid,activated_detected,,1,results/step06/raw/full/icarus/run_0003_offset_0128_count_0064.log
F0192,1,SA0,24,0,icarus,1,2,1,2,24,M2,FF,FE,640,960,valid,activated_detected,,1,results/step06/raw/full/icarus/run_0004_offset_0192_count_0064.log
F0193,1,SA0,24,1,icarus,1,2,1,2,24,M2,FF,FD,640,960,valid,activated_detected,,1,results/step06/raw/full/icarus/run_0004_offset_0192_count_0064.log
F0194,1,SA0,24,2,icarus,1,2,1,2,24,M2,FF,FB,640,960,valid,activated_detected,,1,results/step06/raw/full/icarus/run_0004_offset_0192_count_0064.log
F0195,1,SA0,24,3,icarus,1,2,1,2,24,M2,FF,F7,640,960,valid,activated_detected,,1,results/step06/raw/full/icarus/run_0004_offset_0192_count_0064.log
F0196,1,SA0,24,4,icarus,1,2,1,2,24,M2,FF,EF,640,960,valid,activated_detected,,1,results/step06/raw/full/icarus/run_0004_offset_0192_count_0064.log
F0197,1,SA0,24,5,icarus,1,2,1,2,24,M2,FF,DF,640,960,valid,activated_detected,,1,results/step06/raw/full/icarus/run_0004_offset_0192_count_0064.log
F0198,1,SA0,24,6,icarus,1,2,1,2,24,M2,FF,BF,640,960,valid,activated_detected,,1,results/step06/raw/full/icarus/run_0004_offset_0192_count_0064.log
F0199,1,SA0,24,7,icarus,1,2,1,2,24,M2,FF,7F,640,960,valid,activated_detected,,1,results/step06/raw/full/icarus/run_0004_offset_0192_count_0064.log
F0200,1,SA0,25,0,icarus,1,2,1,2,25,M2,FF,FE,640,960,valid,activated_detected,,1,results/step06/raw/full/icarus/run_0004_offset_0192_count_0064.log
F0201,1,SA0,25,1,icarus,1,2,1,2,25,M2,FF,FD,640,960,valid,activated_detected,,1,results/step06/raw/full/icarus/run_0004_offset_0192_count_0064.log
F0202,1,SA0,25,2,icarus,1,2,1,2,25,M2,FF,FB,640,960,valid,activated_detected,,1,results/step06/raw/full/icarus/run_0004_offset_0192_count_0064.log
F0203,1,SA0,25,3,icarus,1,2,1,2,25,M2,FF,F7,640,960,valid,activated_detected,,1,results/step06/raw/full/icarus/run_0004_offset_0192_count_0064.log
F0204,1,SA0,25,4,icarus,1,2,1,2,25,M2,FF,EF,640,960,valid,activated_detected,,1,results/step06/raw/full/icarus/run_0004_offset_0192_count_0064.log
F0205,1,SA0,25,5,icarus,1,2,1,2,25,M2,FF,DF,640,960,valid,activated_detected,,1,results/step06/raw/full/icarus/run_0004_offset_0192_count_0064.log
F0206,1,SA0,25,6,icarus,1,2,1,2,25,M2,FF,BF,640,960,valid,activated_detected,,1,results/step06/raw/full/icarus/run_0004_offset_0192_count_0064.log
F0207,1,SA0,25,7,icarus,1,2,1,2,25,M2,FF,7F,640,960,valid,activated_detected,,1,results/step06/raw/full/icarus/run_0004_offset_0192_count_0064.log
F0208,1,SA0,26,0,icarus,1,2,1,2,26,M2,FF,FE,640,960,valid,activated_detected,,1,results/step06/raw/full/icarus/run_0004_offset_0192_count_0064.log
F0209,1,SA0,26,1,icarus,1,2,1,2,26,M2,FF,FD,640,960,valid,activated_detected,,1,results/step06/raw/full/icarus/run_0004_offset_0192_count_0064.log
F0210,1,SA0,26,2,icarus,1,2,1,2,26,M2,FF,FB,640,960,valid,activated_detected,,1,results/step06/raw/full/icarus/run_0004_offset_0192_count_0064.log
F0211,1,SA0,26,3,icarus,1,2,1,2,26,M2,FF,F7,640,960,valid,activated_detected,,1,results/step06/raw/full/icarus/run_0004_offset_0192_count_0064.log
F0212,1,SA0,26,4,icarus,1,2,1,2,26,M2,FF,EF,640,960,valid,activated_detected,,1,results/step06/raw/full/icarus/run_0004_offset_0192_count_0064.log
F0213,1,SA0,26,5,icarus,1,2,1,2,26,M2,FF,DF,640,960,valid,activated_detected,,1,results/step06/raw/full/icarus/run_0004_offset_0192_count_0064.log
F0214,1,SA0,26,6,icarus,1,2,1,2,26,M2,FF,BF,640,960,valid,activated_detected,,1,results/step06/raw/full/icarus/run_0004_offset_0192_count_0064.log
F0215,1,SA0,26,7,icarus,1,2,1,2,26,M2,FF,7F,640,960,valid,activated_detected,,1,results/step06/raw/full/icarus/run_0004_offset_0192_count_0064.log
F0216,1,SA0,27,0,icarus,1,2,1,2,27,M2,FF,FE,640,960,valid,activated_detected,,1,results/step06/raw/full/icarus/run_0004_offset_0192_count_0064.log
F0217,1,SA0,27,1,icarus,1,2,1,2,27,M2,FF,FD,640,960,valid,activated_detected,,1,results/step06/raw/full/icarus/run_0004_offset_0192_count_0064.log
F0218,1,SA0,27,2,icarus,1,2,1,2,27,M2,FF,FB,640,960,valid,activated_detected,,1,results/step06/raw/full/icarus/run_0004_offset_0192_count_0064.log
F0219,1,SA0,27,3,icarus,1,2,1,2,27,M2,FF,F7,640,960,valid,activated_detected,,1,results/step06/raw/full/icarus/run_0004_offset_0192_count_0064.log
F0220,1,SA0,27,4,icarus,1,2,1,2,27,M2,FF,EF,640,960,valid,activated_detected,,1,results/step06/raw/full/icarus/run_0004_offset_0192_count_0064.log
F0221,1,SA0,27,5,icarus,1,2,1,2,27,M2,FF,DF,640,960,valid,activated_detected,,1,results/step06/raw/full/icarus/run_0004_offset_0192_count_0064.log
F0222,1,SA0,27,6,icarus,1,2,1,2,27,M2,FF,BF,640,960,valid,activated_detected,,1,results/step06/raw/full/icarus/run_0004_offset_0192_count_0064.log
F0223,1,SA0,27,7,icarus,1,2,1,2,27,M2,FF,7F,640,960,valid,activated_detected,,1,results/step06/raw/full/icarus/run_0004_offset_0192_count_0064.log
F0224,1,SA0,28,0,icarus,1,2,1,2,28,M2,FF,FE,640,960,valid,activated_detected,,1,results/step06/raw/full/icarus/run_0004_offset_0192_count_0064.log
F0225,1,SA0,28,1,icarus,1,2,1,2,28,M2,FF,FD,640,960,valid,activated_detected,,1,results/step06/raw/full/icarus/run_0004_offset_0192_count_0064.log
F0226,1,SA0,28,2,icarus,1,2,1,2,28,M2,FF,FB,640,960,valid,activated_detected,,1,results/step06/raw/full/icarus/run_0004_offset_0192_count_0064.log
F0227,1,SA0,28,3,icarus,1,2,1,2,28,M2,FF,F7,640,960,valid,activated_detected,,1,results/step06/raw/full/icarus/run_0004_offset_0192_count_0064.log
F0228,1,SA0,28,4,icarus,1,2,1,2,28,M2,FF,EF,640,960,valid,activated_detected,,1,results/step06/raw/full/icarus/run_0004_offset_0192_count_0064.log
F0229,1,SA0,28,5,icarus,1,2,1,2,28,M2,FF,DF,640,960,valid,activated_detected,,1,results/step06/raw/full/icarus/run_0004_offset_0192_count_0064.log
F0230,1,SA0,28,6,icarus,1,2,1,2,28,M2,FF,BF,640,960,valid,activated_detected,,1,results/step06/raw/full/icarus/run_0004_offset_0192_count_0064.log
F0231,1,SA0,28,7,icarus,1,2,1,2,28,M2,FF,7F,640,960,valid,activated_detected,,1,results/step06/raw/full/icarus/run_0004_offset_0192_count_0064.log
F0232,1,SA0,29,0,icarus,1,2,1,2,29,M2,FF,FE,640,960,valid,activated_detected,,1,results/step06/raw/full/icarus/run_0004_offset_0192_count_0064.log
F0233,1,SA0,29,1,icarus,1,2,1,2,29,M2,FF,FD,640,960,valid,activated_detected,,1,results/step06/raw/full/icarus/run_0004_offset_0192_count_0064.log
F0234,1,SA0,29,2,icarus,1,2,1,2,29,M2,FF,FB,640,960,valid,activated_detected,,1,results/step06/raw/full/icarus/run_0004_offset_0192_count_0064.log
F0235,1,SA0,29,3,icarus,1,2,1,2,29,M2,FF,F7,640,960,valid,activated_detected,,1,results/step06/raw/full/icarus/run_0004_offset_0192_count_0064.log
F0236,1,SA0,29,4,icarus,1,2,1,2,29,M2,FF,EF,640,960,valid,activated_detected,,1,results/step06/raw/full/icarus/run_0004_offset_0192_count_0064.log
F0237,1,SA0,29,5,icarus,1,2,1,2,29,M2,FF,DF,640,960,valid,activated_detected,,1,results/step06/raw/full/icarus/run_0004_offset_0192_count_0064.log
F0238,1,SA0,29,6,icarus,1,2,1,2,29,M2,FF,BF,640,960,valid,activated_detected,,1,results/step06/raw/full/icarus/run_0004_offset_0192_count_0064.log
F0239,1,SA0,29,7,icarus,1,2,1,2,29,M2,FF,7F,640,960,valid,activated_detected,,1,results/step06/raw/full/icarus/run_0004_offset_0192_count_0064.log
F0240,1,SA0,30,0,icarus,1,2,1,2,30,M2,FF,FE,640,960,valid,activated_detected,,1,results/step06/raw/full/icarus/run_0004_offset_0192_count_0064.log
F0241,1,SA0,30,1,icarus,1,2,1,2,30,M2,FF,FD,640,960,valid,activated_detected,,1,results/step06/raw/full/icarus/run_0004_offset_0192_count_0064.log
F0242,1,SA0,30,2,icarus,1,2,1,2,30,M2,FF,FB,640,960,valid,activated_detected,,1,results/step06/raw/full/icarus/run_0004_offset_0192_count_0064.log
F0243,1,SA0,30,3,icarus,1,2,1,2,30,M2,FF,F7,640,960,valid,activated_detected,,1,results/step06/raw/full/icarus/run_0004_offset_0192_count_0064.log
F0244,1,SA0,30,4,icarus,1,2,1,2,30,M2,FF,EF,640,960,valid,activated_detected,,1,results/step06/raw/full/icarus/run_0004_offset_0192_count_0064.log
F0245,1,SA0,30,5,icarus,1,2,1,2,30,M2,FF,DF,640,960,valid,activated_detected,,1,results/step06/raw/full/icarus/run_0004_offset_0192_count_0064.log
F0246,1,SA0,30,6,icarus,1,2,1,2,30,M2,FF,BF,640,960,valid,activated_detected,,1,results/step06/raw/full/icarus/run_0004_offset_0192_count_0064.log
F0247,1,SA0,30,7,icarus,1,2,1,2,30,M2,FF,7F,640,960,valid,activated_detected,,1,results/step06/raw/full/icarus/run_0004_offset_0192_count_0064.log
F0248,1,SA0,31,0,icarus,1,2,1,2,31,M2,FF,FE,640,960,valid,activated_detected,,1,results/step06/raw/full/icarus/run_0004_offset_0192_count_0064.log
F0249,1,SA0,31,1,icarus,1,2,1,2,31,M2,FF,FD,640,960,valid,activated_detected,,1,results/step06/raw/full/icarus/run_0004_offset_0192_count_0064.log
F0250,1,SA0,31,2,icarus,1,2,1,2,31,M2,FF,FB,640,960,valid,activated_detected,,1,results/step06/raw/full/icarus/run_0004_offset_0192_count_0064.log
F0251,1,SA0,31,3,icarus,1,2,1,2,31,M2,FF,F7,640,960,valid,activated_detected,,1,results/step06/raw/full/icarus/run_0004_offset_0192_count_0064.log
F0252,1,SA0,31,4,icarus,1,2,1,2,31,M2,FF,EF,640,960,valid,activated_detected,,1,results/step06/raw/full/icarus/run_0004_offset_0192_count_0064.log
F0253,1,SA0,31,5,icarus,1,2,1,2,31,M2,FF,DF,640,960,valid,activated_detected,,1,results/step06/raw/full/icarus/run_0004_offset_0192_count_0064.log
F0254,1,SA0,31,6,icarus,1,2,1,2,31,M2,FF,BF,640,960,valid,activated_detected,,1,results/step06/raw/full/icarus/run_0004_offset_0192_count_0064.log
F0255,1,SA0,31,7,icarus,1,2,1,2,31,M2,FF,7F,640,960,valid,activated_detected,,1,results/step06/raw/full/icarus/run_0004_offset_0192_count_0064.log
F0256,1,SA0,32,0,icarus,1,2,1,2,32,M2,FF,FE,640,960,valid,activated_detected,,1,results/step06/raw/full/icarus/run_0005_offset_0256_count_0064.log
F0257,1,SA0,32,1,icarus,1,2,1,2,32,M2,FF,FD,640,960,valid,activated_detected,,1,results/step06/raw/full/icarus/run_0005_offset_0256_count_0064.log
F0258,1,SA0,32,2,icarus,1,2,1,2,32,M2,FF,FB,640,960,valid,activated_detected,,1,results/step06/raw/full/icarus/run_0005_offset_0256_count_0064.log
F0259,1,SA0,32,3,icarus,1,2,1,2,32,M2,FF,F7,640,960,valid,activated_detected,,1,results/step06/raw/full/icarus/run_0005_offset_0256_count_0064.log
F0260,1,SA0,32,4,icarus,1,2,1,2,32,M2,FF,EF,640,960,valid,activated_detected,,1,results/step06/raw/full/icarus/run_0005_offset_0256_count_0064.log
F0261,1,SA0,32,5,icarus,1,2,1,2,32,M2,FF,DF,640,960,valid,activated_detected,,1,results/step06/raw/full/icarus/run_0005_offset_0256_count_0064.log
F0262,1,SA0,32,6,icarus,1,2,1,2,32,M2,FF,BF,640,960,valid,activated_detected,,1,results/step06/raw/full/icarus/run_0005_offset_0256_count_0064.log
F0263,1,SA0,32,7,icarus,1,2,1,2,32,M2,FF,7F,640,960,valid,activated_detected,,1,results/step06/raw/full/icarus/run_0005_offset_0256_count_0064.log
F0264,1,SA0,33,0,icarus,1,2,1,2,33,M2,FF,FE,640,960,valid,activated_detected,,1,results/step06/raw/full/icarus/run_0005_offset_0256_count_0064.log
F0265,1,SA0,33,1,icarus,1,2,1,2,33,M2,FF,FD,640,960,valid,activated_detected,,1,results/step06/raw/full/icarus/run_0005_offset_0256_count_0064.log
F0266,1,SA0,33,2,icarus,1,2,1,2,33,M2,FF,FB,640,960,valid,activated_detected,,1,results/step06/raw/full/icarus/run_0005_offset_0256_count_0064.log
F0267,1,SA0,33,3,icarus,1,2,1,2,33,M2,FF,F7,640,960,valid,activated_detected,,1,results/step06/raw/full/icarus/run_0005_offset_0256_count_0064.log
F0268,1,SA0,33,4,icarus,1,2,1,2,33,M2,FF,EF,640,960,valid,activated_detected,,1,results/step06/raw/full/icarus/run_0005_offset_0256_count_0064.log
F0269,1,SA0,33,5,icarus,1,2,1,2,33,M2,FF,DF,640,960,valid,activated_detected,,1,results/step06/raw/full/icarus/run_0005_offset_0256_count_0064.log
F0270,1,SA0,33,6,icarus,1,2,1,2,33,M2,FF,BF,640,960,valid,activated_detected,,1,results/step06/raw/full/icarus/run_0005_offset_0256_count_0064.log
F0271,1,SA0,33,7,icarus,1,2,1,2,33,M2,FF,7F,640,960,valid,activated_detected,,1,results/step06/raw/full/icarus/run_0005_offset_0256_count_0064.log
F0272,1,SA0,34,0,icarus,1,2,1,2,34,M2,FF,FE,640,960,valid,activated_detected,,1,results/step06/raw/full/icarus/run_0005_offset_0256_count_0064.log
F0273,1,SA0,34,1,icarus,1,2,1,2,34,M2,FF,FD,640,960,valid,activated_detected,,1,results/step06/raw/full/icarus/run_0005_offset_0256_count_0064.log
F0274,1,SA0,34,2,icarus,1,2,1,2,34,M2,FF,FB,640,960,valid,activated_detected,,1,results/step06/raw/full/icarus/run_0005_offset_0256_count_0064.log
F0275,1,SA0,34,3,icarus,1,2,1,2,34,M2,FF,F7,640,960,valid,activated_detected,,1,results/step06/raw/full/icarus/run_0005_offset_0256_count_0064.log
F0276,1,SA0,34,4,icarus,1,2,1,2,34,M2,FF,EF,640,960,valid,activated_detected,,1,results/step06/raw/full/icarus/run_0005_offset_0256_count_0064.log
F0277,1,SA0,34,5,icarus,1,2,1,2,34,M2,FF,DF,640,960,valid,activated_detected,,1,results/step06/raw/full/icarus/run_0005_offset_0256_count_0064.log
F0278,1,SA0,34,6,icarus,1,2,1,2,34,M2,FF,BF,640,960,valid,activated_detected,,1,results/step06/raw/full/icarus/run_0005_offset_0256_count_0064.log
F0279,1,SA0,34,7,icarus,1,2,1,2,34,M2,FF,7F,640,960,valid,activated_detected,,1,results/step06/raw/full/icarus/run_0005_offset_0256_count_0064.log
F0280,1,SA0,35,0,icarus,1,2,1,2,35,M2,FF,FE,640,960,valid,activated_detected,,1,results/step06/raw/full/icarus/run_0005_offset_0256_count_0064.log
F0281,1,SA0,35,1,icarus,1,2,1,2,35,M2,FF,FD,640,960,valid,activated_detected,,1,results/step06/raw/full/icarus/run_0005_offset_0256_count_0064.log
F0282,1,SA0,35,2,icarus,1,2,1,2,35,M2,FF,FB,640,960,valid,activated_detected,,1,results/step06/raw/full/icarus/run_0005_offset_0256_count_0064.log
F0283,1,SA0,35,3,icarus,1,2,1,2,35,M2,FF,F7,640,960,valid,activated_detected,,1,results/step06/raw/full/icarus/run_0005_offset_0256_count_0064.log
F0284,1,SA0,35,4,icarus,1,2,1,2,35,M2,FF,EF,640,960,valid,activated_detected,,1,results/step06/raw/full/icarus/run_0005_offset_0256_count_0064.log
F0285,1,SA0,35,5,icarus,1,2,1,2,35,M2,FF,DF,640,960,valid,activated_detected,,1,results/step06/raw/full/icarus/run_0005_offset_0256_count_0064.log
F0286,1,SA0,35,6,icarus,1,2,1,2,35,M2,FF,BF,640,960,valid,activated_detected,,1,results/step06/raw/full/icarus/run_0005_offset_0256_count_0064.log
F0287,1,SA0,35,7,icarus,1,2,1,2,35,M2,FF,7F,640,960,valid,activated_detected,,1,results/step06/raw/full/icarus/run_0005_offset_0256_count_0064.log
F0288,1,SA0,36,0,icarus,1,2,1,2,36,M2,FF,FE,640,960,valid,activated_detected,,1,results/step06/raw/full/icarus/run_0005_offset_0256_count_0064.log
F0289,1,SA0,36,1,icarus,1,2,1,2,36,M2,FF,FD,640,960,valid,activated_detected,,1,results/step06/raw/full/icarus/run_0005_offset_0256_count_0064.log
F0290,1,SA0,36,2,icarus,1,2,1,2,36,M2,FF,FB,640,960,valid,activated_detected,,1,results/step06/raw/full/icarus/run_0005_offset_0256_count_0064.log
F0291,1,SA0,36,3,icarus,1,2,1,2,36,M2,FF,F7,640,960,valid,activated_detected,,1,results/step06/raw/full/icarus/run_0005_offset_0256_count_0064.log
F0292,1,SA0,36,4,icarus,1,2,1,2,36,M2,FF,EF,640,960,valid,activated_detected,,1,results/step06/raw/full/icarus/run_0005_offset_0256_count_0064.log
F0293,1,SA0,36,5,icarus,1,2,1,2,36,M2,FF,DF,640,960,valid,activated_detected,,1,results/step06/raw/full/icarus/run_0005_offset_0256_count_0064.log
F0294,1,SA0,36,6,icarus,1,2,1,2,36,M2,FF,BF,640,960,valid,activated_detected,,1,results/step06/raw/full/icarus/run_0005_offset_0256_count_0064.log
F0295,1,SA0,36,7,icarus,1,2,1,2,36,M2,FF,7F,640,960,valid,activated_detected,,1,results/step06/raw/full/icarus/run_0005_offset_0256_count_0064.log
F0296,1,SA0,37,0,icarus,1,2,1,2,37,M2,FF,FE,640,960,valid,activated_detected,,1,results/step06/raw/full/icarus/run_0005_offset_0256_count_0064.log
F0297,1,SA0,37,1,icarus,1,2,1,2,37,M2,FF,FD,640,960,valid,activated_detected,,1,results/step06/raw/full/icarus/run_0005_offset_0256_count_0064.log
F0298,1,SA0,37,2,icarus,1,2,1,2,37,M2,FF,FB,640,960,valid,activated_detected,,1,results/step06/raw/full/icarus/run_0005_offset_0256_count_0064.log
F0299,1,SA0,37,3,icarus,1,2,1,2,37,M2,FF,F7,640,960,valid,activated_detected,,1,results/step06/raw/full/icarus/run_0005_offset_0256_count_0064.log
F0300,1,SA0,37,4,icarus,1,2,1,2,37,M2,FF,EF,640,960,valid,activated_detected,,1,results/step06/raw/full/icarus/run_0005_offset_0256_count_0064.log
F0301,1,SA0,37,5,icarus,1,2,1,2,37,M2,FF,DF,640,960,valid,activated_detected,,1,results/step06/raw/full/icarus/run_0005_offset_0256_count_0064.log
F0302,1,SA0,37,6,icarus,1,2,1,2,37,M2,FF,BF,640,960,valid,activated_detected,,1,results/step06/raw/full/icarus/run_0005_offset_0256_count_0064.log
F0303,1,SA0,37,7,icarus,1,2,1,2,37,M2,FF,7F,640,960,valid,activated_detected,,1,results/step06/raw/full/icarus/run_0005_offset_0256_count_0064.log
F0304,1,SA0,38,0,icarus,1,2,1,2,38,M2,FF,FE,640,960,valid,activated_detected,,1,results/step06/raw/full/icarus/run_0005_offset_0256_count_0064.log
F0305,1,SA0,38,1,icarus,1,2,1,2,38,M2,FF,FD,640,960,valid,activated_detected,,1,results/step06/raw/full/icarus/run_0005_offset_0256_count_0064.log
F0306,1,SA0,38,2,icarus,1,2,1,2,38,M2,FF,FB,640,960,valid,activated_detected,,1,results/step06/raw/full/icarus/run_0005_offset_0256_count_0064.log
F0307,1,SA0,38,3,icarus,1,2,1,2,38,M2,FF,F7,640,960,valid,activated_detected,,1,results/step06/raw/full/icarus/run_0005_offset_0256_count_0064.log
F0308,1,SA0,38,4,icarus,1,2,1,2,38,M2,FF,EF,640,960,valid,activated_detected,,1,results/step06/raw/full/icarus/run_0005_offset_0256_count_0064.log
F0309,1,SA0,38,5,icarus,1,2,1,2,38,M2,FF,DF,640,960,valid,activated_detected,,1,results/step06/raw/full/icarus/run_0005_offset_0256_count_0064.log
F0310,1,SA0,38,6,icarus,1,2,1,2,38,M2,FF,BF,640,960,valid,activated_detected,,1,results/step06/raw/full/icarus/run_0005_offset_0256_count_0064.log
F0311,1,SA0,38,7,icarus,1,2,1,2,38,M2,FF,7F,640,960,valid,activated_detected,,1,results/step06/raw/full/icarus/run_0005_offset_0256_count_0064.log
F0312,1,SA0,39,0,icarus,1,2,1,2,39,M2,FF,FE,640,960,valid,activated_detected,,1,results/step06/raw/full/icarus/run_0005_offset_0256_count_0064.log
F0313,1,SA0,39,1,icarus,1,2,1,2,39,M2,FF,FD,640,960,valid,activated_detected,,1,results/step06/raw/full/icarus/run_0005_offset_0256_count_0064.log
F0314,1,SA0,39,2,icarus,1,2,1,2,39,M2,FF,FB,640,960,valid,activated_detected,,1,results/step06/raw/full/icarus/run_0005_offset_0256_count_0064.log
F0315,1,SA0,39,3,icarus,1,2,1,2,39,M2,FF,F7,640,960,valid,activated_detected,,1,results/step06/raw/full/icarus/run_0005_offset_0256_count_0064.log
F0316,1,SA0,39,4,icarus,1,2,1,2,39,M2,FF,EF,640,960,valid,activated_detected,,1,results/step06/raw/full/icarus/run_0005_offset_0256_count_0064.log
F0317,1,SA0,39,5,icarus,1,2,1,2,39,M2,FF,DF,640,960,valid,activated_detected,,1,results/step06/raw/full/icarus/run_0005_offset_0256_count_0064.log
F0318,1,SA0,39,6,icarus,1,2,1,2,39,M2,FF,BF,640,960,valid,activated_detected,,1,results/step06/raw/full/icarus/run_0005_offset_0256_count_0064.log
F0319,1,SA0,39,7,icarus,1,2,1,2,39,M2,FF,7F,640,960,valid,activated_detected,,1,results/step06/raw/full/icarus/run_0005_offset_0256_count_0064.log
F0320,1,SA0,40,0,icarus,1,2,1,2,40,M2,FF,FE,640,960,valid,activated_detected,,1,results/step06/raw/full/icarus/run_0006_offset_0320_count_0064.log
F0321,1,SA0,40,1,icarus,1,2,1,2,40,M2,FF,FD,640,960,valid,activated_detected,,1,results/step06/raw/full/icarus/run_0006_offset_0320_count_0064.log
F0322,1,SA0,40,2,icarus,1,2,1,2,40,M2,FF,FB,640,960,valid,activated_detected,,1,results/step06/raw/full/icarus/run_0006_offset_0320_count_0064.log
F0323,1,SA0,40,3,icarus,1,2,1,2,40,M2,FF,F7,640,960,valid,activated_detected,,1,results/step06/raw/full/icarus/run_0006_offset_0320_count_0064.log
F0324,1,SA0,40,4,icarus,1,2,1,2,40,M2,FF,EF,640,960,valid,activated_detected,,1,results/step06/raw/full/icarus/run_0006_offset_0320_count_0064.log
F0325,1,SA0,40,5,icarus,1,2,1,2,40,M2,FF,DF,640,960,valid,activated_detected,,1,results/step06/raw/full/icarus/run_0006_offset_0320_count_0064.log
F0326,1,SA0,40,6,icarus,1,2,1,2,40,M2,FF,BF,640,960,valid,activated_detected,,1,results/step06/raw/full/icarus/run_0006_offset_0320_count_0064.log
F0327,1,SA0,40,7,icarus,1,2,1,2,40,M2,FF,7F,640,960,valid,activated_detected,,1,results/step06/raw/full/icarus/run_0006_offset_0320_count_0064.log
F0328,1,SA0,41,0,icarus,1,2,1,2,41,M2,FF,FE,640,960,valid,activated_detected,,1,results/step06/raw/full/icarus/run_0006_offset_0320_count_0064.log
F0329,1,SA0,41,1,icarus,1,2,1,2,41,M2,FF,FD,640,960,valid,activated_detected,,1,results/step06/raw/full/icarus/run_0006_offset_0320_count_0064.log
F0330,1,SA0,41,2,icarus,1,2,1,2,41,M2,FF,FB,640,960,valid,activated_detected,,1,results/step06/raw/full/icarus/run_0006_offset_0320_count_0064.log
F0331,1,SA0,41,3,icarus,1,2,1,2,41,M2,FF,F7,640,960,valid,activated_detected,,1,results/step06/raw/full/icarus/run_0006_offset_0320_count_0064.log
F0332,1,SA0,41,4,icarus,1,2,1,2,41,M2,FF,EF,640,960,valid,activated_detected,,1,results/step06/raw/full/icarus/run_0006_offset_0320_count_0064.log
F0333,1,SA0,41,5,icarus,1,2,1,2,41,M2,FF,DF,640,960,valid,activated_detected,,1,results/step06/raw/full/icarus/run_0006_offset_0320_count_0064.log
F0334,1,SA0,41,6,icarus,1,2,1,2,41,M2,FF,BF,640,960,valid,activated_detected,,1,results/step06/raw/full/icarus/run_0006_offset_0320_count_0064.log
F0335,1,SA0,41,7,icarus,1,2,1,2,41,M2,FF,7F,640,960,valid,activated_detected,,1,results/step06/raw/full/icarus/run_0006_offset_0320_count_0064.log
F0336,1,SA0,42,0,icarus,1,2,1,2,42,M2,FF,FE,640,960,valid,activated_detected,,1,results/step06/raw/full/icarus/run_0006_offset_0320_count_0064.log
F0337,1,SA0,42,1,icarus,1,2,1,2,42,M2,FF,FD,640,960,valid,activated_detected,,1,results/step06/raw/full/icarus/run_0006_offset_0320_count_0064.log
F0338,1,SA0,42,2,icarus,1,2,1,2,42,M2,FF,FB,640,960,valid,activated_detected,,1,results/step06/raw/full/icarus/run_0006_offset_0320_count_0064.log
F0339,1,SA0,42,3,icarus,1,2,1,2,42,M2,FF,F7,640,960,valid,activated_detected,,1,results/step06/raw/full/icarus/run_0006_offset_0320_count_0064.log
F0340,1,SA0,42,4,icarus,1,2,1,2,42,M2,FF,EF,640,960,valid,activated_detected,,1,results/step06/raw/full/icarus/run_0006_offset_0320_count_0064.log
F0341,1,SA0,42,5,icarus,1,2,1,2,42,M2,FF,DF,640,960,valid,activated_detected,,1,results/step06/raw/full/icarus/run_0006_offset_0320_count_0064.log
F0342,1,SA0,42,6,icarus,1,2,1,2,42,M2,FF,BF,640,960,valid,activated_detected,,1,results/step06/raw/full/icarus/run_0006_offset_0320_count_0064.log
F0343,1,SA0,42,7,icarus,1,2,1,2,42,M2,FF,7F,640,960,valid,activated_detected,,1,results/step06/raw/full/icarus/run_0006_offset_0320_count_0064.log
F0344,1,SA0,43,0,icarus,1,2,1,2,43,M2,FF,FE,640,960,valid,activated_detected,,1,results/step06/raw/full/icarus/run_0006_offset_0320_count_0064.log
F0345,1,SA0,43,1,icarus,1,2,1,2,43,M2,FF,FD,640,960,valid,activated_detected,,1,results/step06/raw/full/icarus/run_0006_offset_0320_count_0064.log
F0346,1,SA0,43,2,icarus,1,2,1,2,43,M2,FF,FB,640,960,valid,activated_detected,,1,results/step06/raw/full/icarus/run_0006_offset_0320_count_0064.log
F0347,1,SA0,43,3,icarus,1,2,1,2,43,M2,FF,F7,640,960,valid,activated_detected,,1,results/step06/raw/full/icarus/run_0006_offset_0320_count_0064.log
F0348,1,SA0,43,4,icarus,1,2,1,2,43,M2,FF,EF,640,960,valid,activated_detected,,1,results/step06/raw/full/icarus/run_0006_offset_0320_count_0064.log
F0349,1,SA0,43,5,icarus,1,2,1,2,43,M2,FF,DF,640,960,valid,activated_detected,,1,results/step06/raw/full/icarus/run_0006_offset_0320_count_0064.log
F0350,1,SA0,43,6,icarus,1,2,1,2,43,M2,FF,BF,640,960,valid,activated_detected,,1,results/step06/raw/full/icarus/run_0006_offset_0320_count_0064.log
F0351,1,SA0,43,7,icarus,1,2,1,2,43,M2,FF,7F,640,960,valid,activated_detected,,1,results/step06/raw/full/icarus/run_0006_offset_0320_count_0064.log
F0352,1,SA0,44,0,icarus,1,2,1,2,44,M2,FF,FE,640,960,valid,activated_detected,,1,results/step06/raw/full/icarus/run_0006_offset_0320_count_0064.log
F0353,1,SA0,44,1,icarus,1,2,1,2,44,M2,FF,FD,640,960,valid,activated_detected,,1,results/step06/raw/full/icarus/run_0006_offset_0320_count_0064.log
F0354,1,SA0,44,2,icarus,1,2,1,2,44,M2,FF,FB,640,960,valid,activated_detected,,1,results/step06/raw/full/icarus/run_0006_offset_0320_count_0064.log
F0355,1,SA0,44,3,icarus,1,2,1,2,44,M2,FF,F7,640,960,valid,activated_detected,,1,results/step06/raw/full/icarus/run_0006_offset_0320_count_0064.log
F0356,1,SA0,44,4,icarus,1,2,1,2,44,M2,FF,EF,640,960,valid,activated_detected,,1,results/step06/raw/full/icarus/run_0006_offset_0320_count_0064.log
F0357,1,SA0,44,5,icarus,1,2,1,2,44,M2,FF,DF,640,960,valid,activated_detected,,1,results/step06/raw/full/icarus/run_0006_offset_0320_count_0064.log
F0358,1,SA0,44,6,icarus,1,2,1,2,44,M2,FF,BF,640,960,valid,activated_detected,,1,results/step06/raw/full/icarus/run_0006_offset_0320_count_0064.log
F0359,1,SA0,44,7,icarus,1,2,1,2,44,M2,FF,7F,640,960,valid,activated_detected,,1,results/step06/raw/full/icarus/run_0006_offset_0320_count_0064.log
F0360,1,SA0,45,0,icarus,1,2,1,2,45,M2,FF,FE,640,960,valid,activated_detected,,1,results/step06/raw/full/icarus/run_0006_offset_0320_count_0064.log
F0361,1,SA0,45,1,icarus,1,2,1,2,45,M2,FF,FD,640,960,valid,activated_detected,,1,results/step06/raw/full/icarus/run_0006_offset_0320_count_0064.log
F0362,1,SA0,45,2,icarus,1,2,1,2,45,M2,FF,FB,640,960,valid,activated_detected,,1,results/step06/raw/full/icarus/run_0006_offset_0320_count_0064.log
F0363,1,SA0,45,3,icarus,1,2,1,2,45,M2,FF,F7,640,960,valid,activated_detected,,1,results/step06/raw/full/icarus/run_0006_offset_0320_count_0064.log
F0364,1,SA0,45,4,icarus,1,2,1,2,45,M2,FF,EF,640,960,valid,activated_detected,,1,results/step06/raw/full/icarus/run_0006_offset_0320_count_0064.log
F0365,1,SA0,45,5,icarus,1,2,1,2,45,M2,FF,DF,640,960,valid,activated_detected,,1,results/step06/raw/full/icarus/run_0006_offset_0320_count_0064.log
F0366,1,SA0,45,6,icarus,1,2,1,2,45,M2,FF,BF,640,960,valid,activated_detected,,1,results/step06/raw/full/icarus/run_0006_offset_0320_count_0064.log
F0367,1,SA0,45,7,icarus,1,2,1,2,45,M2,FF,7F,640,960,valid,activated_detected,,1,results/step06/raw/full/icarus/run_0006_offset_0320_count_0064.log
F0368,1,SA0,46,0,icarus,1,2,1,2,46,M2,FF,FE,640,960,valid,activated_detected,,1,results/step06/raw/full/icarus/run_0006_offset_0320_count_0064.log
F0369,1,SA0,46,1,icarus,1,2,1,2,46,M2,FF,FD,640,960,valid,activated_detected,,1,results/step06/raw/full/icarus/run_0006_offset_0320_count_0064.log
F0370,1,SA0,46,2,icarus,1,2,1,2,46,M2,FF,FB,640,960,valid,activated_detected,,1,results/step06/raw/full/icarus/run_0006_offset_0320_count_0064.log
F0371,1,SA0,46,3,icarus,1,2,1,2,46,M2,FF,F7,640,960,valid,activated_detected,,1,results/step06/raw/full/icarus/run_0006_offset_0320_count_0064.log
F0372,1,SA0,46,4,icarus,1,2,1,2,46,M2,FF,EF,640,960,valid,activated_detected,,1,results/step06/raw/full/icarus/run_0006_offset_0320_count_0064.log
F0373,1,SA0,46,5,icarus,1,2,1,2,46,M2,FF,DF,640,960,valid,activated_detected,,1,results/step06/raw/full/icarus/run_0006_offset_0320_count_0064.log
F0374,1,SA0,46,6,icarus,1,2,1,2,46,M2,FF,BF,640,960,valid,activated_detected,,1,results/step06/raw/full/icarus/run_0006_offset_0320_count_0064.log
F0375,1,SA0,46,7,icarus,1,2,1,2,46,M2,FF,7F,640,960,valid,activated_detected,,1,results/step06/raw/full/icarus/run_0006_offset_0320_count_0064.log
F0376,1,SA0,47,0,icarus,1,2,1,2,47,M2,FF,FE,640,960,valid,activated_detected,,1,results/step06/raw/full/icarus/run_0006_offset_0320_count_0064.log
F0377,1,SA0,47,1,icarus,1,2,1,2,47,M2,FF,FD,640,960,valid,activated_detected,,1,results/step06/raw/full/icarus/run_0006_offset_0320_count_0064.log
F0378,1,SA0,47,2,icarus,1,2,1,2,47,M2,FF,FB,640,960,valid,activated_detected,,1,results/step06/raw/full/icarus/run_0006_offset_0320_count_0064.log
F0379,1,SA0,47,3,icarus,1,2,1,2,47,M2,FF,F7,640,960,valid,activated_detected,,1,results/step06/raw/full/icarus/run_0006_offset_0320_count_0064.log
F0380,1,SA0,47,4,icarus,1,2,1,2,47,M2,FF,EF,640,960,valid,activated_detected,,1,results/step06/raw/full/icarus/run_0006_offset_0320_count_0064.log
F0381,1,SA0,47,5,icarus,1,2,1,2,47,M2,FF,DF,640,960,valid,activated_detected,,1,results/step06/raw/full/icarus/run_0006_offset_0320_count_0064.log
F0382,1,SA0,47,6,icarus,1,2,1,2,47,M2,FF,BF,640,960,valid,activated_detected,,1,results/step06/raw/full/icarus/run_0006_offset_0320_count_0064.log
F0383,1,SA0,47,7,icarus,1,2,1,2,47,M2,FF,7F,640,960,valid,activated_detected,,1,results/step06/raw/full/icarus/run_0006_offset_0320_count_0064.log
F0384,1,SA0,48,0,icarus,1,2,1,2,48,M2,FF,FE,640,960,valid,activated_detected,,1,results/step06/raw/full/icarus/run_0007_offset_0384_count_0064.log
F0385,1,SA0,48,1,icarus,1,2,1,2,48,M2,FF,FD,640,960,valid,activated_detected,,1,results/step06/raw/full/icarus/run_0007_offset_0384_count_0064.log
F0386,1,SA0,48,2,icarus,1,2,1,2,48,M2,FF,FB,640,960,valid,activated_detected,,1,results/step06/raw/full/icarus/run_0007_offset_0384_count_0064.log
F0387,1,SA0,48,3,icarus,1,2,1,2,48,M2,FF,F7,640,960,valid,activated_detected,,1,results/step06/raw/full/icarus/run_0007_offset_0384_count_0064.log
F0388,1,SA0,48,4,icarus,1,2,1,2,48,M2,FF,EF,640,960,valid,activated_detected,,1,results/step06/raw/full/icarus/run_0007_offset_0384_count_0064.log
F0389,1,SA0,48,5,icarus,1,2,1,2,48,M2,FF,DF,640,960,valid,activated_detected,,1,results/step06/raw/full/icarus/run_0007_offset_0384_count_0064.log
F0390,1,SA0,48,6,icarus,1,2,1,2,48,M2,FF,BF,640,960,valid,activated_detected,,1,results/step06/raw/full/icarus/run_0007_offset_0384_count_0064.log
F0391,1,SA0,48,7,icarus,1,2,1,2,48,M2,FF,7F,640,960,valid,activated_detected,,1,results/step06/raw/full/icarus/run_0007_offset_0384_count_0064.log
F0392,1,SA0,49,0,icarus,1,2,1,2,49,M2,FF,FE,640,960,valid,activated_detected,,1,results/step06/raw/full/icarus/run_0007_offset_0384_count_0064.log
F0393,1,SA0,49,1,icarus,1,2,1,2,49,M2,FF,FD,640,960,valid,activated_detected,,1,results/step06/raw/full/icarus/run_0007_offset_0384_count_0064.log
F0394,1,SA0,49,2,icarus,1,2,1,2,49,M2,FF,FB,640,960,valid,activated_detected,,1,results/step06/raw/full/icarus/run_0007_offset_0384_count_0064.log
F0395,1,SA0,49,3,icarus,1,2,1,2,49,M2,FF,F7,640,960,valid,activated_detected,,1,results/step06/raw/full/icarus/run_0007_offset_0384_count_0064.log
F0396,1,SA0,49,4,icarus,1,2,1,2,49,M2,FF,EF,640,960,valid,activated_detected,,1,results/step06/raw/full/icarus/run_0007_offset_0384_count_0064.log
F0397,1,SA0,49,5,icarus,1,2,1,2,49,M2,FF,DF,640,960,valid,activated_detected,,1,results/step06/raw/full/icarus/run_0007_offset_0384_count_0064.log
F0398,1,SA0,49,6,icarus,1,2,1,2,49,M2,FF,BF,640,960,valid,activated_detected,,1,results/step06/raw/full/icarus/run_0007_offset_0384_count_0064.log
F0399,1,SA0,49,7,icarus,1,2,1,2,49,M2,FF,7F,640,960,valid,activated_detected,,1,results/step06/raw/full/icarus/run_0007_offset_0384_count_0064.log
F0400,1,SA0,50,0,icarus,1,2,1,2,50,M2,FF,FE,640,960,valid,activated_detected,,1,results/step06/raw/full/icarus/run_0007_offset_0384_count_0064.log
F0401,1,SA0,50,1,icarus,1,2,1,2,50,M2,FF,FD,640,960,valid,activated_detected,,1,results/step06/raw/full/icarus/run_0007_offset_0384_count_0064.log
F0402,1,SA0,50,2,icarus,1,2,1,2,50,M2,FF,FB,640,960,valid,activated_detected,,1,results/step06/raw/full/icarus/run_0007_offset_0384_count_0064.log
F0403,1,SA0,50,3,icarus,1,2,1,2,50,M2,FF,F7,640,960,valid,activated_detected,,1,results/step06/raw/full/icarus/run_0007_offset_0384_count_0064.log
F0404,1,SA0,50,4,icarus,1,2,1,2,50,M2,FF,EF,640,960,valid,activated_detected,,1,results/step06/raw/full/icarus/run_0007_offset_0384_count_0064.log
F0405,1,SA0,50,5,icarus,1,2,1,2,50,M2,FF,DF,640,960,valid,activated_detected,,1,results/step06/raw/full/icarus/run_0007_offset_0384_count_0064.log
F0406,1,SA0,50,6,icarus,1,2,1,2,50,M2,FF,BF,640,960,valid,activated_detected,,1,results/step06/raw/full/icarus/run_0007_offset_0384_count_0064.log
F0407,1,SA0,50,7,icarus,1,2,1,2,50,M2,FF,7F,640,960,valid,activated_detected,,1,results/step06/raw/full/icarus/run_0007_offset_0384_count_0064.log
F0408,1,SA0,51,0,icarus,1,2,1,2,51,M2,FF,FE,640,960,valid,activated_detected,,1,results/step06/raw/full/icarus/run_0007_offset_0384_count_0064.log
F0409,1,SA0,51,1,icarus,1,2,1,2,51,M2,FF,FD,640,960,valid,activated_detected,,1,results/step06/raw/full/icarus/run_0007_offset_0384_count_0064.log
F0410,1,SA0,51,2,icarus,1,2,1,2,51,M2,FF,FB,640,960,valid,activated_detected,,1,results/step06/raw/full/icarus/run_0007_offset_0384_count_0064.log
F0411,1,SA0,51,3,icarus,1,2,1,2,51,M2,FF,F7,640,960,valid,activated_detected,,1,results/step06/raw/full/icarus/run_0007_offset_0384_count_0064.log
F0412,1,SA0,51,4,icarus,1,2,1,2,51,M2,FF,EF,640,960,valid,activated_detected,,1,results/step06/raw/full/icarus/run_0007_offset_0384_count_0064.log
F0413,1,SA0,51,5,icarus,1,2,1,2,51,M2,FF,DF,640,960,valid,activated_detected,,1,results/step06/raw/full/icarus/run_0007_offset_0384_count_0064.log
F0414,1,SA0,51,6,icarus,1,2,1,2,51,M2,FF,BF,640,960,valid,activated_detected,,1,results/step06/raw/full/icarus/run_0007_offset_0384_count_0064.log
F0415,1,SA0,51,7,icarus,1,2,1,2,51,M2,FF,7F,640,960,valid,activated_detected,,1,results/step06/raw/full/icarus/run_0007_offset_0384_count_0064.log
F0416,1,SA0,52,0,icarus,1,2,1,2,52,M2,FF,FE,640,960,valid,activated_detected,,1,results/step06/raw/full/icarus/run_0007_offset_0384_count_0064.log
F0417,1,SA0,52,1,icarus,1,2,1,2,52,M2,FF,FD,640,960,valid,activated_detected,,1,results/step06/raw/full/icarus/run_0007_offset_0384_count_0064.log
F0418,1,SA0,52,2,icarus,1,2,1,2,52,M2,FF,FB,640,960,valid,activated_detected,,1,results/step06/raw/full/icarus/run_0007_offset_0384_count_0064.log
F0419,1,SA0,52,3,icarus,1,2,1,2,52,M2,FF,F7,640,960,valid,activated_detected,,1,results/step06/raw/full/icarus/run_0007_offset_0384_count_0064.log
F0420,1,SA0,52,4,icarus,1,2,1,2,52,M2,FF,EF,640,960,valid,activated_detected,,1,results/step06/raw/full/icarus/run_0007_offset_0384_count_0064.log
F0421,1,SA0,52,5,icarus,1,2,1,2,52,M2,FF,DF,640,960,valid,activated_detected,,1,results/step06/raw/full/icarus/run_0007_offset_0384_count_0064.log
F0422,1,SA0,52,6,icarus,1,2,1,2,52,M2,FF,BF,640,960,valid,activated_detected,,1,results/step06/raw/full/icarus/run_0007_offset_0384_count_0064.log
F0423,1,SA0,52,7,icarus,1,2,1,2,52,M2,FF,7F,640,960,valid,activated_detected,,1,results/step06/raw/full/icarus/run_0007_offset_0384_count_0064.log
F0424,1,SA0,53,0,icarus,1,2,1,2,53,M2,FF,FE,640,960,valid,activated_detected,,1,results/step06/raw/full/icarus/run_0007_offset_0384_count_0064.log
F0425,1,SA0,53,1,icarus,1,2,1,2,53,M2,FF,FD,640,960,valid,activated_detected,,1,results/step06/raw/full/icarus/run_0007_offset_0384_count_0064.log
F0426,1,SA0,53,2,icarus,1,2,1,2,53,M2,FF,FB,640,960,valid,activated_detected,,1,results/step06/raw/full/icarus/run_0007_offset_0384_count_0064.log
F0427,1,SA0,53,3,icarus,1,2,1,2,53,M2,FF,F7,640,960,valid,activated_detected,,1,results/step06/raw/full/icarus/run_0007_offset_0384_count_0064.log
F0428,1,SA0,53,4,icarus,1,2,1,2,53,M2,FF,EF,640,960,valid,activated_detected,,1,results/step06/raw/full/icarus/run_0007_offset_0384_count_0064.log
F0429,1,SA0,53,5,icarus,1,2,1,2,53,M2,FF,DF,640,960,valid,activated_detected,,1,results/step06/raw/full/icarus/run_0007_offset_0384_count_0064.log
F0430,1,SA0,53,6,icarus,1,2,1,2,53,M2,FF,BF,640,960,valid,activated_detected,,1,results/step06/raw/full/icarus/run_0007_offset_0384_count_0064.log
F0431,1,SA0,53,7,icarus,1,2,1,2,53,M2,FF,7F,640,960,valid,activated_detected,,1,results/step06/raw/full/icarus/run_0007_offset_0384_count_0064.log
F0432,1,SA0,54,0,icarus,1,2,1,2,54,M2,FF,FE,640,960,valid,activated_detected,,1,results/step06/raw/full/icarus/run_0007_offset_0384_count_0064.log
F0433,1,SA0,54,1,icarus,1,2,1,2,54,M2,FF,FD,640,960,valid,activated_detected,,1,results/step06/raw/full/icarus/run_0007_offset_0384_count_0064.log
F0434,1,SA0,54,2,icarus,1,2,1,2,54,M2,FF,FB,640,960,valid,activated_detected,,1,results/step06/raw/full/icarus/run_0007_offset_0384_count_0064.log
F0435,1,SA0,54,3,icarus,1,2,1,2,54,M2,FF,F7,640,960,valid,activated_detected,,1,results/step06/raw/full/icarus/run_0007_offset_0384_count_0064.log
F0436,1,SA0,54,4,icarus,1,2,1,2,54,M2,FF,EF,640,960,valid,activated_detected,,1,results/step06/raw/full/icarus/run_0007_offset_0384_count_0064.log
F0437,1,SA0,54,5,icarus,1,2,1,2,54,M2,FF,DF,640,960,valid,activated_detected,,1,results/step06/raw/full/icarus/run_0007_offset_0384_count_0064.log
F0438,1,SA0,54,6,icarus,1,2,1,2,54,M2,FF,BF,640,960,valid,activated_detected,,1,results/step06/raw/full/icarus/run_0007_offset_0384_count_0064.log
F0439,1,SA0,54,7,icarus,1,2,1,2,54,M2,FF,7F,640,960,valid,activated_detected,,1,results/step06/raw/full/icarus/run_0007_offset_0384_count_0064.log
F0440,1,SA0,55,0,icarus,1,2,1,2,55,M2,FF,FE,640,960,valid,activated_detected,,1,results/step06/raw/full/icarus/run_0007_offset_0384_count_0064.log
F0441,1,SA0,55,1,icarus,1,2,1,2,55,M2,FF,FD,640,960,valid,activated_detected,,1,results/step06/raw/full/icarus/run_0007_offset_0384_count_0064.log
F0442,1,SA0,55,2,icarus,1,2,1,2,55,M2,FF,FB,640,960,valid,activated_detected,,1,results/step06/raw/full/icarus/run_0007_offset_0384_count_0064.log
F0443,1,SA0,55,3,icarus,1,2,1,2,55,M2,FF,F7,640,960,valid,activated_detected,,1,results/step06/raw/full/icarus/run_0007_offset_0384_count_0064.log
F0444,1,SA0,55,4,icarus,1,2,1,2,55,M2,FF,EF,640,960,valid,activated_detected,,1,results/step06/raw/full/icarus/run_0007_offset_0384_count_0064.log
F0445,1,SA0,55,5,icarus,1,2,1,2,55,M2,FF,DF,640,960,valid,activated_detected,,1,results/step06/raw/full/icarus/run_0007_offset_0384_count_0064.log
F0446,1,SA0,55,6,icarus,1,2,1,2,55,M2,FF,BF,640,960,valid,activated_detected,,1,results/step06/raw/full/icarus/run_0007_offset_0384_count_0064.log
F0447,1,SA0,55,7,icarus,1,2,1,2,55,M2,FF,7F,640,960,valid,activated_detected,,1,results/step06/raw/full/icarus/run_0007_offset_0384_count_0064.log
F0448,1,SA0,56,0,icarus,1,2,1,2,56,M2,FF,FE,640,960,valid,activated_detected,,1,results/step06/raw/full/icarus/run_0008_offset_0448_count_0064.log
F0449,1,SA0,56,1,icarus,1,2,1,2,56,M2,FF,FD,640,960,valid,activated_detected,,1,results/step06/raw/full/icarus/run_0008_offset_0448_count_0064.log
F0450,1,SA0,56,2,icarus,1,2,1,2,56,M2,FF,FB,640,960,valid,activated_detected,,1,results/step06/raw/full/icarus/run_0008_offset_0448_count_0064.log
F0451,1,SA0,56,3,icarus,1,2,1,2,56,M2,FF,F7,640,960,valid,activated_detected,,1,results/step06/raw/full/icarus/run_0008_offset_0448_count_0064.log
F0452,1,SA0,56,4,icarus,1,2,1,2,56,M2,FF,EF,640,960,valid,activated_detected,,1,results/step06/raw/full/icarus/run_0008_offset_0448_count_0064.log
F0453,1,SA0,56,5,icarus,1,2,1,2,56,M2,FF,DF,640,960,valid,activated_detected,,1,results/step06/raw/full/icarus/run_0008_offset_0448_count_0064.log
F0454,1,SA0,56,6,icarus,1,2,1,2,56,M2,FF,BF,640,960,valid,activated_detected,,1,results/step06/raw/full/icarus/run_0008_offset_0448_count_0064.log
F0455,1,SA0,56,7,icarus,1,2,1,2,56,M2,FF,7F,640,960,valid,activated_detected,,1,results/step06/raw/full/icarus/run_0008_offset_0448_count_0064.log
F0456,1,SA0,57,0,icarus,1,2,1,2,57,M2,FF,FE,640,960,valid,activated_detected,,1,results/step06/raw/full/icarus/run_0008_offset_0448_count_0064.log
F0457,1,SA0,57,1,icarus,1,2,1,2,57,M2,FF,FD,640,960,valid,activated_detected,,1,results/step06/raw/full/icarus/run_0008_offset_0448_count_0064.log
F0458,1,SA0,57,2,icarus,1,2,1,2,57,M2,FF,FB,640,960,valid,activated_detected,,1,results/step06/raw/full/icarus/run_0008_offset_0448_count_0064.log
F0459,1,SA0,57,3,icarus,1,2,1,2,57,M2,FF,F7,640,960,valid,activated_detected,,1,results/step06/raw/full/icarus/run_0008_offset_0448_count_0064.log
F0460,1,SA0,57,4,icarus,1,2,1,2,57,M2,FF,EF,640,960,valid,activated_detected,,1,results/step06/raw/full/icarus/run_0008_offset_0448_count_0064.log
F0461,1,SA0,57,5,icarus,1,2,1,2,57,M2,FF,DF,640,960,valid,activated_detected,,1,results/step06/raw/full/icarus/run_0008_offset_0448_count_0064.log
F0462,1,SA0,57,6,icarus,1,2,1,2,57,M2,FF,BF,640,960,valid,activated_detected,,1,results/step06/raw/full/icarus/run_0008_offset_0448_count_0064.log
F0463,1,SA0,57,7,icarus,1,2,1,2,57,M2,FF,7F,640,960,valid,activated_detected,,1,results/step06/raw/full/icarus/run_0008_offset_0448_count_0064.log
F0464,1,SA0,58,0,icarus,1,2,1,2,58,M2,FF,FE,640,960,valid,activated_detected,,1,results/step06/raw/full/icarus/run_0008_offset_0448_count_0064.log
F0465,1,SA0,58,1,icarus,1,2,1,2,58,M2,FF,FD,640,960,valid,activated_detected,,1,results/step06/raw/full/icarus/run_0008_offset_0448_count_0064.log
F0466,1,SA0,58,2,icarus,1,2,1,2,58,M2,FF,FB,640,960,valid,activated_detected,,1,results/step06/raw/full/icarus/run_0008_offset_0448_count_0064.log
F0467,1,SA0,58,3,icarus,1,2,1,2,58,M2,FF,F7,640,960,valid,activated_detected,,1,results/step06/raw/full/icarus/run_0008_offset_0448_count_0064.log
F0468,1,SA0,58,4,icarus,1,2,1,2,58,M2,FF,EF,640,960,valid,activated_detected,,1,results/step06/raw/full/icarus/run_0008_offset_0448_count_0064.log
F0469,1,SA0,58,5,icarus,1,2,1,2,58,M2,FF,DF,640,960,valid,activated_detected,,1,results/step06/raw/full/icarus/run_0008_offset_0448_count_0064.log
F0470,1,SA0,58,6,icarus,1,2,1,2,58,M2,FF,BF,640,960,valid,activated_detected,,1,results/step06/raw/full/icarus/run_0008_offset_0448_count_0064.log
F0471,1,SA0,58,7,icarus,1,2,1,2,58,M2,FF,7F,640,960,valid,activated_detected,,1,results/step06/raw/full/icarus/run_0008_offset_0448_count_0064.log
F0472,1,SA0,59,0,icarus,1,2,1,2,59,M2,FF,FE,640,960,valid,activated_detected,,1,results/step06/raw/full/icarus/run_0008_offset_0448_count_0064.log
F0473,1,SA0,59,1,icarus,1,2,1,2,59,M2,FF,FD,640,960,valid,activated_detected,,1,results/step06/raw/full/icarus/run_0008_offset_0448_count_0064.log
F0474,1,SA0,59,2,icarus,1,2,1,2,59,M2,FF,FB,640,960,valid,activated_detected,,1,results/step06/raw/full/icarus/run_0008_offset_0448_count_0064.log
F0475,1,SA0,59,3,icarus,1,2,1,2,59,M2,FF,F7,640,960,valid,activated_detected,,1,results/step06/raw/full/icarus/run_0008_offset_0448_count_0064.log
F0476,1,SA0,59,4,icarus,1,2,1,2,59,M2,FF,EF,640,960,valid,activated_detected,,1,results/step06/raw/full/icarus/run_0008_offset_0448_count_0064.log
F0477,1,SA0,59,5,icarus,1,2,1,2,59,M2,FF,DF,640,960,valid,activated_detected,,1,results/step06/raw/full/icarus/run_0008_offset_0448_count_0064.log
F0478,1,SA0,59,6,icarus,1,2,1,2,59,M2,FF,BF,640,960,valid,activated_detected,,1,results/step06/raw/full/icarus/run_0008_offset_0448_count_0064.log
F0479,1,SA0,59,7,icarus,1,2,1,2,59,M2,FF,7F,640,960,valid,activated_detected,,1,results/step06/raw/full/icarus/run_0008_offset_0448_count_0064.log
F0480,1,SA0,60,0,icarus,1,2,1,2,60,M2,FF,FE,640,960,valid,activated_detected,,1,results/step06/raw/full/icarus/run_0008_offset_0448_count_0064.log
F0481,1,SA0,60,1,icarus,1,2,1,2,60,M2,FF,FD,640,960,valid,activated_detected,,1,results/step06/raw/full/icarus/run_0008_offset_0448_count_0064.log
F0482,1,SA0,60,2,icarus,1,2,1,2,60,M2,FF,FB,640,960,valid,activated_detected,,1,results/step06/raw/full/icarus/run_0008_offset_0448_count_0064.log
F0483,1,SA0,60,3,icarus,1,2,1,2,60,M2,FF,F7,640,960,valid,activated_detected,,1,results/step06/raw/full/icarus/run_0008_offset_0448_count_0064.log
F0484,1,SA0,60,4,icarus,1,2,1,2,60,M2,FF,EF,640,960,valid,activated_detected,,1,results/step06/raw/full/icarus/run_0008_offset_0448_count_0064.log
F0485,1,SA0,60,5,icarus,1,2,1,2,60,M2,FF,DF,640,960,valid,activated_detected,,1,results/step06/raw/full/icarus/run_0008_offset_0448_count_0064.log
F0486,1,SA0,60,6,icarus,1,2,1,2,60,M2,FF,BF,640,960,valid,activated_detected,,1,results/step06/raw/full/icarus/run_0008_offset_0448_count_0064.log
F0487,1,SA0,60,7,icarus,1,2,1,2,60,M2,FF,7F,640,960,valid,activated_detected,,1,results/step06/raw/full/icarus/run_0008_offset_0448_count_0064.log
F0488,1,SA0,61,0,icarus,1,2,1,2,61,M2,FF,FE,640,960,valid,activated_detected,,1,results/step06/raw/full/icarus/run_0008_offset_0448_count_0064.log
F0489,1,SA0,61,1,icarus,1,2,1,2,61,M2,FF,FD,640,960,valid,activated_detected,,1,results/step06/raw/full/icarus/run_0008_offset_0448_count_0064.log
F0490,1,SA0,61,2,icarus,1,2,1,2,61,M2,FF,FB,640,960,valid,activated_detected,,1,results/step06/raw/full/icarus/run_0008_offset_0448_count_0064.log
F0491,1,SA0,61,3,icarus,1,2,1,2,61,M2,FF,F7,640,960,valid,activated_detected,,1,results/step06/raw/full/icarus/run_0008_offset_0448_count_0064.log
F0492,1,SA0,61,4,icarus,1,2,1,2,61,M2,FF,EF,640,960,valid,activated_detected,,1,results/step06/raw/full/icarus/run_0008_offset_0448_count_0064.log
F0493,1,SA0,61,5,icarus,1,2,1,2,61,M2,FF,DF,640,960,valid,activated_detected,,1,results/step06/raw/full/icarus/run_0008_offset_0448_count_0064.log
F0494,1,SA0,61,6,icarus,1,2,1,2,61,M2,FF,BF,640,960,valid,activated_detected,,1,results/step06/raw/full/icarus/run_0008_offset_0448_count_0064.log
F0495,1,SA0,61,7,icarus,1,2,1,2,61,M2,FF,7F,640,960,valid,activated_detected,,1,results/step06/raw/full/icarus/run_0008_offset_0448_count_0064.log
F0496,1,SA0,62,0,icarus,1,2,1,2,62,M2,FF,FE,640,960,valid,activated_detected,,1,results/step06/raw/full/icarus/run_0008_offset_0448_count_0064.log
F0497,1,SA0,62,1,icarus,1,2,1,2,62,M2,FF,FD,640,960,valid,activated_detected,,1,results/step06/raw/full/icarus/run_0008_offset_0448_count_0064.log
F0498,1,SA0,62,2,icarus,1,2,1,2,62,M2,FF,FB,640,960,valid,activated_detected,,1,results/step06/raw/full/icarus/run_0008_offset_0448_count_0064.log
F0499,1,SA0,62,3,icarus,1,2,1,2,62,M2,FF,F7,640,960,valid,activated_detected,,1,results/step06/raw/full/icarus/run_0008_offset_0448_count_0064.log
F0500,1,SA0,62,4,icarus,1,2,1,2,62,M2,FF,EF,640,960,valid,activated_detected,,1,results/step06/raw/full/icarus/run_0008_offset_0448_count_0064.log
F0501,1,SA0,62,5,icarus,1,2,1,2,62,M2,FF,DF,640,960,valid,activated_detected,,1,results/step06/raw/full/icarus/run_0008_offset_0448_count_0064.log
F0502,1,SA0,62,6,icarus,1,2,1,2,62,M2,FF,BF,640,960,valid,activated_detected,,1,results/step06/raw/full/icarus/run_0008_offset_0448_count_0064.log
F0503,1,SA0,62,7,icarus,1,2,1,2,62,M2,FF,7F,640,960,valid,activated_detected,,1,results/step06/raw/full/icarus/run_0008_offset_0448_count_0064.log
F0504,1,SA0,63,0,icarus,1,2,1,2,63,M2,FF,FE,640,960,valid,activated_detected,,1,results/step06/raw/full/icarus/run_0008_offset_0448_count_0064.log
F0505,1,SA0,63,1,icarus,1,2,1,2,63,M2,FF,FD,640,960,valid,activated_detected,,1,results/step06/raw/full/icarus/run_0008_offset_0448_count_0064.log
F0506,1,SA0,63,2,icarus,1,2,1,2,63,M2,FF,FB,640,960,valid,activated_detected,,1,results/step06/raw/full/icarus/run_0008_offset_0448_count_0064.log
F0507,1,SA0,63,3,icarus,1,2,1,2,63,M2,FF,F7,640,960,valid,activated_detected,,1,results/step06/raw/full/icarus/run_0008_offset_0448_count_0064.log
F0508,1,SA0,63,4,icarus,1,2,1,2,63,M2,FF,EF,640,960,valid,activated_detected,,1,results/step06/raw/full/icarus/run_0008_offset_0448_count_0064.log
F0509,1,SA0,63,5,icarus,1,2,1,2,63,M2,FF,DF,640,960,valid,activated_detected,,1,results/step06/raw/full/icarus/run_0008_offset_0448_count_0064.log
F0510,1,SA0,63,6,icarus,1,2,1,2,63,M2,FF,BF,640,960,valid,activated_detected,,1,results/step06/raw/full/icarus/run_0008_offset_0448_count_0064.log
F0511,1,SA0,63,7,icarus,1,2,1,2,63,M2,FF,7F,640,960,valid,activated_detected,,1,results/step06/raw/full/icarus/run_0008_offset_0448_count_0064.log
F0512,2,SA1,0,0,icarus,1,3,1,3,0,M1,00,01,640,960,valid,activated_detected,,1,results/step06/raw/full/icarus/run_0009_offset_0512_count_0064.log
F0513,2,SA1,0,1,icarus,1,3,1,3,0,M1,00,02,640,960,valid,activated_detected,,1,results/step06/raw/full/icarus/run_0009_offset_0512_count_0064.log
F0514,2,SA1,0,2,icarus,1,3,1,3,0,M1,00,04,640,960,valid,activated_detected,,1,results/step06/raw/full/icarus/run_0009_offset_0512_count_0064.log
F0515,2,SA1,0,3,icarus,1,3,1,3,0,M1,00,08,640,960,valid,activated_detected,,1,results/step06/raw/full/icarus/run_0009_offset_0512_count_0064.log
F0516,2,SA1,0,4,icarus,1,3,1,3,0,M1,00,10,640,960,valid,activated_detected,,1,results/step06/raw/full/icarus/run_0009_offset_0512_count_0064.log
F0517,2,SA1,0,5,icarus,1,3,1,3,0,M1,00,20,640,960,valid,activated_detected,,1,results/step06/raw/full/icarus/run_0009_offset_0512_count_0064.log
F0518,2,SA1,0,6,icarus,1,3,1,3,0,M1,00,40,640,960,valid,activated_detected,,1,results/step06/raw/full/icarus/run_0009_offset_0512_count_0064.log
F0519,2,SA1,0,7,icarus,1,3,1,3,0,M1,00,80,640,960,valid,activated_detected,,1,results/step06/raw/full/icarus/run_0009_offset_0512_count_0064.log
F0520,2,SA1,1,0,icarus,1,3,1,3,1,M1,00,01,640,960,valid,activated_detected,,1,results/step06/raw/full/icarus/run_0009_offset_0512_count_0064.log
F0521,2,SA1,1,1,icarus,1,3,1,3,1,M1,00,02,640,960,valid,activated_detected,,1,results/step06/raw/full/icarus/run_0009_offset_0512_count_0064.log
F0522,2,SA1,1,2,icarus,1,3,1,3,1,M1,00,04,640,960,valid,activated_detected,,1,results/step06/raw/full/icarus/run_0009_offset_0512_count_0064.log
F0523,2,SA1,1,3,icarus,1,3,1,3,1,M1,00,08,640,960,valid,activated_detected,,1,results/step06/raw/full/icarus/run_0009_offset_0512_count_0064.log
F0524,2,SA1,1,4,icarus,1,3,1,3,1,M1,00,10,640,960,valid,activated_detected,,1,results/step06/raw/full/icarus/run_0009_offset_0512_count_0064.log
F0525,2,SA1,1,5,icarus,1,3,1,3,1,M1,00,20,640,960,valid,activated_detected,,1,results/step06/raw/full/icarus/run_0009_offset_0512_count_0064.log
F0526,2,SA1,1,6,icarus,1,3,1,3,1,M1,00,40,640,960,valid,activated_detected,,1,results/step06/raw/full/icarus/run_0009_offset_0512_count_0064.log
F0527,2,SA1,1,7,icarus,1,3,1,3,1,M1,00,80,640,960,valid,activated_detected,,1,results/step06/raw/full/icarus/run_0009_offset_0512_count_0064.log
F0528,2,SA1,2,0,icarus,1,3,1,3,2,M1,00,01,640,960,valid,activated_detected,,1,results/step06/raw/full/icarus/run_0009_offset_0512_count_0064.log
F0529,2,SA1,2,1,icarus,1,3,1,3,2,M1,00,02,640,960,valid,activated_detected,,1,results/step06/raw/full/icarus/run_0009_offset_0512_count_0064.log
F0530,2,SA1,2,2,icarus,1,3,1,3,2,M1,00,04,640,960,valid,activated_detected,,1,results/step06/raw/full/icarus/run_0009_offset_0512_count_0064.log
F0531,2,SA1,2,3,icarus,1,3,1,3,2,M1,00,08,640,960,valid,activated_detected,,1,results/step06/raw/full/icarus/run_0009_offset_0512_count_0064.log
F0532,2,SA1,2,4,icarus,1,3,1,3,2,M1,00,10,640,960,valid,activated_detected,,1,results/step06/raw/full/icarus/run_0009_offset_0512_count_0064.log
F0533,2,SA1,2,5,icarus,1,3,1,3,2,M1,00,20,640,960,valid,activated_detected,,1,results/step06/raw/full/icarus/run_0009_offset_0512_count_0064.log
F0534,2,SA1,2,6,icarus,1,3,1,3,2,M1,00,40,640,960,valid,activated_detected,,1,results/step06/raw/full/icarus/run_0009_offset_0512_count_0064.log
F0535,2,SA1,2,7,icarus,1,3,1,3,2,M1,00,80,640,960,valid,activated_detected,,1,results/step06/raw/full/icarus/run_0009_offset_0512_count_0064.log
F0536,2,SA1,3,0,icarus,1,3,1,3,3,M1,00,01,640,960,valid,activated_detected,,1,results/step06/raw/full/icarus/run_0009_offset_0512_count_0064.log
F0537,2,SA1,3,1,icarus,1,3,1,3,3,M1,00,02,640,960,valid,activated_detected,,1,results/step06/raw/full/icarus/run_0009_offset_0512_count_0064.log
F0538,2,SA1,3,2,icarus,1,3,1,3,3,M1,00,04,640,960,valid,activated_detected,,1,results/step06/raw/full/icarus/run_0009_offset_0512_count_0064.log
F0539,2,SA1,3,3,icarus,1,3,1,3,3,M1,00,08,640,960,valid,activated_detected,,1,results/step06/raw/full/icarus/run_0009_offset_0512_count_0064.log
F0540,2,SA1,3,4,icarus,1,3,1,3,3,M1,00,10,640,960,valid,activated_detected,,1,results/step06/raw/full/icarus/run_0009_offset_0512_count_0064.log
F0541,2,SA1,3,5,icarus,1,3,1,3,3,M1,00,20,640,960,valid,activated_detected,,1,results/step06/raw/full/icarus/run_0009_offset_0512_count_0064.log
F0542,2,SA1,3,6,icarus,1,3,1,3,3,M1,00,40,640,960,valid,activated_detected,,1,results/step06/raw/full/icarus/run_0009_offset_0512_count_0064.log
F0543,2,SA1,3,7,icarus,1,3,1,3,3,M1,00,80,640,960,valid,activated_detected,,1,results/step06/raw/full/icarus/run_0009_offset_0512_count_0064.log
F0544,2,SA1,4,0,icarus,1,3,1,3,4,M1,00,01,640,960,valid,activated_detected,,1,results/step06/raw/full/icarus/run_0009_offset_0512_count_0064.log
F0545,2,SA1,4,1,icarus,1,3,1,3,4,M1,00,02,640,960,valid,activated_detected,,1,results/step06/raw/full/icarus/run_0009_offset_0512_count_0064.log
F0546,2,SA1,4,2,icarus,1,3,1,3,4,M1,00,04,640,960,valid,activated_detected,,1,results/step06/raw/full/icarus/run_0009_offset_0512_count_0064.log
F0547,2,SA1,4,3,icarus,1,3,1,3,4,M1,00,08,640,960,valid,activated_detected,,1,results/step06/raw/full/icarus/run_0009_offset_0512_count_0064.log
F0548,2,SA1,4,4,icarus,1,3,1,3,4,M1,00,10,640,960,valid,activated_detected,,1,results/step06/raw/full/icarus/run_0009_offset_0512_count_0064.log
F0549,2,SA1,4,5,icarus,1,3,1,3,4,M1,00,20,640,960,valid,activated_detected,,1,results/step06/raw/full/icarus/run_0009_offset_0512_count_0064.log
F0550,2,SA1,4,6,icarus,1,3,1,3,4,M1,00,40,640,960,valid,activated_detected,,1,results/step06/raw/full/icarus/run_0009_offset_0512_count_0064.log
F0551,2,SA1,4,7,icarus,1,3,1,3,4,M1,00,80,640,960,valid,activated_detected,,1,results/step06/raw/full/icarus/run_0009_offset_0512_count_0064.log
F0552,2,SA1,5,0,icarus,1,3,1,3,5,M1,00,01,640,960,valid,activated_detected,,1,results/step06/raw/full/icarus/run_0009_offset_0512_count_0064.log
F0553,2,SA1,5,1,icarus,1,3,1,3,5,M1,00,02,640,960,valid,activated_detected,,1,results/step06/raw/full/icarus/run_0009_offset_0512_count_0064.log
F0554,2,SA1,5,2,icarus,1,3,1,3,5,M1,00,04,640,960,valid,activated_detected,,1,results/step06/raw/full/icarus/run_0009_offset_0512_count_0064.log
F0555,2,SA1,5,3,icarus,1,3,1,3,5,M1,00,08,640,960,valid,activated_detected,,1,results/step06/raw/full/icarus/run_0009_offset_0512_count_0064.log
F0556,2,SA1,5,4,icarus,1,3,1,3,5,M1,00,10,640,960,valid,activated_detected,,1,results/step06/raw/full/icarus/run_0009_offset_0512_count_0064.log
F0557,2,SA1,5,5,icarus,1,3,1,3,5,M1,00,20,640,960,valid,activated_detected,,1,results/step06/raw/full/icarus/run_0009_offset_0512_count_0064.log
F0558,2,SA1,5,6,icarus,1,3,1,3,5,M1,00,40,640,960,valid,activated_detected,,1,results/step06/raw/full/icarus/run_0009_offset_0512_count_0064.log
F0559,2,SA1,5,7,icarus,1,3,1,3,5,M1,00,80,640,960,valid,activated_detected,,1,results/step06/raw/full/icarus/run_0009_offset_0512_count_0064.log
F0560,2,SA1,6,0,icarus,1,3,1,3,6,M1,00,01,640,960,valid,activated_detected,,1,results/step06/raw/full/icarus/run_0009_offset_0512_count_0064.log
F0561,2,SA1,6,1,icarus,1,3,1,3,6,M1,00,02,640,960,valid,activated_detected,,1,results/step06/raw/full/icarus/run_0009_offset_0512_count_0064.log
F0562,2,SA1,6,2,icarus,1,3,1,3,6,M1,00,04,640,960,valid,activated_detected,,1,results/step06/raw/full/icarus/run_0009_offset_0512_count_0064.log
F0563,2,SA1,6,3,icarus,1,3,1,3,6,M1,00,08,640,960,valid,activated_detected,,1,results/step06/raw/full/icarus/run_0009_offset_0512_count_0064.log
F0564,2,SA1,6,4,icarus,1,3,1,3,6,M1,00,10,640,960,valid,activated_detected,,1,results/step06/raw/full/icarus/run_0009_offset_0512_count_0064.log
F0565,2,SA1,6,5,icarus,1,3,1,3,6,M1,00,20,640,960,valid,activated_detected,,1,results/step06/raw/full/icarus/run_0009_offset_0512_count_0064.log
F0566,2,SA1,6,6,icarus,1,3,1,3,6,M1,00,40,640,960,valid,activated_detected,,1,results/step06/raw/full/icarus/run_0009_offset_0512_count_0064.log
F0567,2,SA1,6,7,icarus,1,3,1,3,6,M1,00,80,640,960,valid,activated_detected,,1,results/step06/raw/full/icarus/run_0009_offset_0512_count_0064.log
F0568,2,SA1,7,0,icarus,1,3,1,3,7,M1,00,01,640,960,valid,activated_detected,,1,results/step06/raw/full/icarus/run_0009_offset_0512_count_0064.log
F0569,2,SA1,7,1,icarus,1,3,1,3,7,M1,00,02,640,960,valid,activated_detected,,1,results/step06/raw/full/icarus/run_0009_offset_0512_count_0064.log
F0570,2,SA1,7,2,icarus,1,3,1,3,7,M1,00,04,640,960,valid,activated_detected,,1,results/step06/raw/full/icarus/run_0009_offset_0512_count_0064.log
F0571,2,SA1,7,3,icarus,1,3,1,3,7,M1,00,08,640,960,valid,activated_detected,,1,results/step06/raw/full/icarus/run_0009_offset_0512_count_0064.log
F0572,2,SA1,7,4,icarus,1,3,1,3,7,M1,00,10,640,960,valid,activated_detected,,1,results/step06/raw/full/icarus/run_0009_offset_0512_count_0064.log
F0573,2,SA1,7,5,icarus,1,3,1,3,7,M1,00,20,640,960,valid,activated_detected,,1,results/step06/raw/full/icarus/run_0009_offset_0512_count_0064.log
F0574,2,SA1,7,6,icarus,1,3,1,3,7,M1,00,40,640,960,valid,activated_detected,,1,results/step06/raw/full/icarus/run_0009_offset_0512_count_0064.log
F0575,2,SA1,7,7,icarus,1,3,1,3,7,M1,00,80,640,960,valid,activated_detected,,1,results/step06/raw/full/icarus/run_0009_offset_0512_count_0064.log
F0576,2,SA1,8,0,icarus,1,3,1,3,8,M1,00,01,640,960,valid,activated_detected,,1,results/step06/raw/full/icarus/run_0010_offset_0576_count_0064.log
F0577,2,SA1,8,1,icarus,1,3,1,3,8,M1,00,02,640,960,valid,activated_detected,,1,results/step06/raw/full/icarus/run_0010_offset_0576_count_0064.log
F0578,2,SA1,8,2,icarus,1,3,1,3,8,M1,00,04,640,960,valid,activated_detected,,1,results/step06/raw/full/icarus/run_0010_offset_0576_count_0064.log
F0579,2,SA1,8,3,icarus,1,3,1,3,8,M1,00,08,640,960,valid,activated_detected,,1,results/step06/raw/full/icarus/run_0010_offset_0576_count_0064.log
F0580,2,SA1,8,4,icarus,1,3,1,3,8,M1,00,10,640,960,valid,activated_detected,,1,results/step06/raw/full/icarus/run_0010_offset_0576_count_0064.log
F0581,2,SA1,8,5,icarus,1,3,1,3,8,M1,00,20,640,960,valid,activated_detected,,1,results/step06/raw/full/icarus/run_0010_offset_0576_count_0064.log
F0582,2,SA1,8,6,icarus,1,3,1,3,8,M1,00,40,640,960,valid,activated_detected,,1,results/step06/raw/full/icarus/run_0010_offset_0576_count_0064.log
F0583,2,SA1,8,7,icarus,1,3,1,3,8,M1,00,80,640,960,valid,activated_detected,,1,results/step06/raw/full/icarus/run_0010_offset_0576_count_0064.log
F0584,2,SA1,9,0,icarus,1,3,1,3,9,M1,00,01,640,960,valid,activated_detected,,1,results/step06/raw/full/icarus/run_0010_offset_0576_count_0064.log
F0585,2,SA1,9,1,icarus,1,3,1,3,9,M1,00,02,640,960,valid,activated_detected,,1,results/step06/raw/full/icarus/run_0010_offset_0576_count_0064.log
F0586,2,SA1,9,2,icarus,1,3,1,3,9,M1,00,04,640,960,valid,activated_detected,,1,results/step06/raw/full/icarus/run_0010_offset_0576_count_0064.log
F0587,2,SA1,9,3,icarus,1,3,1,3,9,M1,00,08,640,960,valid,activated_detected,,1,results/step06/raw/full/icarus/run_0010_offset_0576_count_0064.log
F0588,2,SA1,9,4,icarus,1,3,1,3,9,M1,00,10,640,960,valid,activated_detected,,1,results/step06/raw/full/icarus/run_0010_offset_0576_count_0064.log
F0589,2,SA1,9,5,icarus,1,3,1,3,9,M1,00,20,640,960,valid,activated_detected,,1,results/step06/raw/full/icarus/run_0010_offset_0576_count_0064.log
F0590,2,SA1,9,6,icarus,1,3,1,3,9,M1,00,40,640,960,valid,activated_detected,,1,results/step06/raw/full/icarus/run_0010_offset_0576_count_0064.log
F0591,2,SA1,9,7,icarus,1,3,1,3,9,M1,00,80,640,960,valid,activated_detected,,1,results/step06/raw/full/icarus/run_0010_offset_0576_count_0064.log
F0592,2,SA1,10,0,icarus,1,3,1,3,10,M1,00,01,640,960,valid,activated_detected,,1,results/step06/raw/full/icarus/run_0010_offset_0576_count_0064.log
F0593,2,SA1,10,1,icarus,1,3,1,3,10,M1,00,02,640,960,valid,activated_detected,,1,results/step06/raw/full/icarus/run_0010_offset_0576_count_0064.log
F0594,2,SA1,10,2,icarus,1,3,1,3,10,M1,00,04,640,960,valid,activated_detected,,1,results/step06/raw/full/icarus/run_0010_offset_0576_count_0064.log
F0595,2,SA1,10,3,icarus,1,3,1,3,10,M1,00,08,640,960,valid,activated_detected,,1,results/step06/raw/full/icarus/run_0010_offset_0576_count_0064.log
F0596,2,SA1,10,4,icarus,1,3,1,3,10,M1,00,10,640,960,valid,activated_detected,,1,results/step06/raw/full/icarus/run_0010_offset_0576_count_0064.log
F0597,2,SA1,10,5,icarus,1,3,1,3,10,M1,00,20,640,960,valid,activated_detected,,1,results/step06/raw/full/icarus/run_0010_offset_0576_count_0064.log
F0598,2,SA1,10,6,icarus,1,3,1,3,10,M1,00,40,640,960,valid,activated_detected,,1,results/step06/raw/full/icarus/run_0010_offset_0576_count_0064.log
F0599,2,SA1,10,7,icarus,1,3,1,3,10,M1,00,80,640,960,valid,activated_detected,,1,results/step06/raw/full/icarus/run_0010_offset_0576_count_0064.log
F0600,2,SA1,11,0,icarus,1,3,1,3,11,M1,00,01,640,960,valid,activated_detected,,1,results/step06/raw/full/icarus/run_0010_offset_0576_count_0064.log
F0601,2,SA1,11,1,icarus,1,3,1,3,11,M1,00,02,640,960,valid,activated_detected,,1,results/step06/raw/full/icarus/run_0010_offset_0576_count_0064.log
F0602,2,SA1,11,2,icarus,1,3,1,3,11,M1,00,04,640,960,valid,activated_detected,,1,results/step06/raw/full/icarus/run_0010_offset_0576_count_0064.log
F0603,2,SA1,11,3,icarus,1,3,1,3,11,M1,00,08,640,960,valid,activated_detected,,1,results/step06/raw/full/icarus/run_0010_offset_0576_count_0064.log
F0604,2,SA1,11,4,icarus,1,3,1,3,11,M1,00,10,640,960,valid,activated_detected,,1,results/step06/raw/full/icarus/run_0010_offset_0576_count_0064.log
F0605,2,SA1,11,5,icarus,1,3,1,3,11,M1,00,20,640,960,valid,activated_detected,,1,results/step06/raw/full/icarus/run_0010_offset_0576_count_0064.log
F0606,2,SA1,11,6,icarus,1,3,1,3,11,M1,00,40,640,960,valid,activated_detected,,1,results/step06/raw/full/icarus/run_0010_offset_0576_count_0064.log
F0607,2,SA1,11,7,icarus,1,3,1,3,11,M1,00,80,640,960,valid,activated_detected,,1,results/step06/raw/full/icarus/run_0010_offset_0576_count_0064.log
F0608,2,SA1,12,0,icarus,1,3,1,3,12,M1,00,01,640,960,valid,activated_detected,,1,results/step06/raw/full/icarus/run_0010_offset_0576_count_0064.log
F0609,2,SA1,12,1,icarus,1,3,1,3,12,M1,00,02,640,960,valid,activated_detected,,1,results/step06/raw/full/icarus/run_0010_offset_0576_count_0064.log
F0610,2,SA1,12,2,icarus,1,3,1,3,12,M1,00,04,640,960,valid,activated_detected,,1,results/step06/raw/full/icarus/run_0010_offset_0576_count_0064.log
F0611,2,SA1,12,3,icarus,1,3,1,3,12,M1,00,08,640,960,valid,activated_detected,,1,results/step06/raw/full/icarus/run_0010_offset_0576_count_0064.log
F0612,2,SA1,12,4,icarus,1,3,1,3,12,M1,00,10,640,960,valid,activated_detected,,1,results/step06/raw/full/icarus/run_0010_offset_0576_count_0064.log
F0613,2,SA1,12,5,icarus,1,3,1,3,12,M1,00,20,640,960,valid,activated_detected,,1,results/step06/raw/full/icarus/run_0010_offset_0576_count_0064.log
F0614,2,SA1,12,6,icarus,1,3,1,3,12,M1,00,40,640,960,valid,activated_detected,,1,results/step06/raw/full/icarus/run_0010_offset_0576_count_0064.log
F0615,2,SA1,12,7,icarus,1,3,1,3,12,M1,00,80,640,960,valid,activated_detected,,1,results/step06/raw/full/icarus/run_0010_offset_0576_count_0064.log
F0616,2,SA1,13,0,icarus,1,3,1,3,13,M1,00,01,640,960,valid,activated_detected,,1,results/step06/raw/full/icarus/run_0010_offset_0576_count_0064.log
F0617,2,SA1,13,1,icarus,1,3,1,3,13,M1,00,02,640,960,valid,activated_detected,,1,results/step06/raw/full/icarus/run_0010_offset_0576_count_0064.log
F0618,2,SA1,13,2,icarus,1,3,1,3,13,M1,00,04,640,960,valid,activated_detected,,1,results/step06/raw/full/icarus/run_0010_offset_0576_count_0064.log
F0619,2,SA1,13,3,icarus,1,3,1,3,13,M1,00,08,640,960,valid,activated_detected,,1,results/step06/raw/full/icarus/run_0010_offset_0576_count_0064.log
F0620,2,SA1,13,4,icarus,1,3,1,3,13,M1,00,10,640,960,valid,activated_detected,,1,results/step06/raw/full/icarus/run_0010_offset_0576_count_0064.log
F0621,2,SA1,13,5,icarus,1,3,1,3,13,M1,00,20,640,960,valid,activated_detected,,1,results/step06/raw/full/icarus/run_0010_offset_0576_count_0064.log
F0622,2,SA1,13,6,icarus,1,3,1,3,13,M1,00,40,640,960,valid,activated_detected,,1,results/step06/raw/full/icarus/run_0010_offset_0576_count_0064.log
F0623,2,SA1,13,7,icarus,1,3,1,3,13,M1,00,80,640,960,valid,activated_detected,,1,results/step06/raw/full/icarus/run_0010_offset_0576_count_0064.log
F0624,2,SA1,14,0,icarus,1,3,1,3,14,M1,00,01,640,960,valid,activated_detected,,1,results/step06/raw/full/icarus/run_0010_offset_0576_count_0064.log
F0625,2,SA1,14,1,icarus,1,3,1,3,14,M1,00,02,640,960,valid,activated_detected,,1,results/step06/raw/full/icarus/run_0010_offset_0576_count_0064.log
F0626,2,SA1,14,2,icarus,1,3,1,3,14,M1,00,04,640,960,valid,activated_detected,,1,results/step06/raw/full/icarus/run_0010_offset_0576_count_0064.log
F0627,2,SA1,14,3,icarus,1,3,1,3,14,M1,00,08,640,960,valid,activated_detected,,1,results/step06/raw/full/icarus/run_0010_offset_0576_count_0064.log
F0628,2,SA1,14,4,icarus,1,3,1,3,14,M1,00,10,640,960,valid,activated_detected,,1,results/step06/raw/full/icarus/run_0010_offset_0576_count_0064.log
F0629,2,SA1,14,5,icarus,1,3,1,3,14,M1,00,20,640,960,valid,activated_detected,,1,results/step06/raw/full/icarus/run_0010_offset_0576_count_0064.log
F0630,2,SA1,14,6,icarus,1,3,1,3,14,M1,00,40,640,960,valid,activated_detected,,1,results/step06/raw/full/icarus/run_0010_offset_0576_count_0064.log
F0631,2,SA1,14,7,icarus,1,3,1,3,14,M1,00,80,640,960,valid,activated_detected,,1,results/step06/raw/full/icarus/run_0010_offset_0576_count_0064.log
F0632,2,SA1,15,0,icarus,1,3,1,3,15,M1,00,01,640,960,valid,activated_detected,,1,results/step06/raw/full/icarus/run_0010_offset_0576_count_0064.log
F0633,2,SA1,15,1,icarus,1,3,1,3,15,M1,00,02,640,960,valid,activated_detected,,1,results/step06/raw/full/icarus/run_0010_offset_0576_count_0064.log
F0634,2,SA1,15,2,icarus,1,3,1,3,15,M1,00,04,640,960,valid,activated_detected,,1,results/step06/raw/full/icarus/run_0010_offset_0576_count_0064.log
F0635,2,SA1,15,3,icarus,1,3,1,3,15,M1,00,08,640,960,valid,activated_detected,,1,results/step06/raw/full/icarus/run_0010_offset_0576_count_0064.log
F0636,2,SA1,15,4,icarus,1,3,1,3,15,M1,00,10,640,960,valid,activated_detected,,1,results/step06/raw/full/icarus/run_0010_offset_0576_count_0064.log
F0637,2,SA1,15,5,icarus,1,3,1,3,15,M1,00,20,640,960,valid,activated_detected,,1,results/step06/raw/full/icarus/run_0010_offset_0576_count_0064.log
F0638,2,SA1,15,6,icarus,1,3,1,3,15,M1,00,40,640,960,valid,activated_detected,,1,results/step06/raw/full/icarus/run_0010_offset_0576_count_0064.log
F0639,2,SA1,15,7,icarus,1,3,1,3,15,M1,00,80,640,960,valid,activated_detected,,1,results/step06/raw/full/icarus/run_0010_offset_0576_count_0064.log
F0640,2,SA1,16,0,icarus,1,3,1,3,16,M1,00,01,640,960,valid,activated_detected,,1,results/step06/raw/full/icarus/run_0011_offset_0640_count_0064.log
F0641,2,SA1,16,1,icarus,1,3,1,3,16,M1,00,02,640,960,valid,activated_detected,,1,results/step06/raw/full/icarus/run_0011_offset_0640_count_0064.log
F0642,2,SA1,16,2,icarus,1,3,1,3,16,M1,00,04,640,960,valid,activated_detected,,1,results/step06/raw/full/icarus/run_0011_offset_0640_count_0064.log
F0643,2,SA1,16,3,icarus,1,3,1,3,16,M1,00,08,640,960,valid,activated_detected,,1,results/step06/raw/full/icarus/run_0011_offset_0640_count_0064.log
F0644,2,SA1,16,4,icarus,1,3,1,3,16,M1,00,10,640,960,valid,activated_detected,,1,results/step06/raw/full/icarus/run_0011_offset_0640_count_0064.log
F0645,2,SA1,16,5,icarus,1,3,1,3,16,M1,00,20,640,960,valid,activated_detected,,1,results/step06/raw/full/icarus/run_0011_offset_0640_count_0064.log
F0646,2,SA1,16,6,icarus,1,3,1,3,16,M1,00,40,640,960,valid,activated_detected,,1,results/step06/raw/full/icarus/run_0011_offset_0640_count_0064.log
F0647,2,SA1,16,7,icarus,1,3,1,3,16,M1,00,80,640,960,valid,activated_detected,,1,results/step06/raw/full/icarus/run_0011_offset_0640_count_0064.log
F0648,2,SA1,17,0,icarus,1,3,1,3,17,M1,00,01,640,960,valid,activated_detected,,1,results/step06/raw/full/icarus/run_0011_offset_0640_count_0064.log
F0649,2,SA1,17,1,icarus,1,3,1,3,17,M1,00,02,640,960,valid,activated_detected,,1,results/step06/raw/full/icarus/run_0011_offset_0640_count_0064.log
F0650,2,SA1,17,2,icarus,1,3,1,3,17,M1,00,04,640,960,valid,activated_detected,,1,results/step06/raw/full/icarus/run_0011_offset_0640_count_0064.log
F0651,2,SA1,17,3,icarus,1,3,1,3,17,M1,00,08,640,960,valid,activated_detected,,1,results/step06/raw/full/icarus/run_0011_offset_0640_count_0064.log
F0652,2,SA1,17,4,icarus,1,3,1,3,17,M1,00,10,640,960,valid,activated_detected,,1,results/step06/raw/full/icarus/run_0011_offset_0640_count_0064.log
F0653,2,SA1,17,5,icarus,1,3,1,3,17,M1,00,20,640,960,valid,activated_detected,,1,results/step06/raw/full/icarus/run_0011_offset_0640_count_0064.log
F0654,2,SA1,17,6,icarus,1,3,1,3,17,M1,00,40,640,960,valid,activated_detected,,1,results/step06/raw/full/icarus/run_0011_offset_0640_count_0064.log
F0655,2,SA1,17,7,icarus,1,3,1,3,17,M1,00,80,640,960,valid,activated_detected,,1,results/step06/raw/full/icarus/run_0011_offset_0640_count_0064.log
F0656,2,SA1,18,0,icarus,1,3,1,3,18,M1,00,01,640,960,valid,activated_detected,,1,results/step06/raw/full/icarus/run_0011_offset_0640_count_0064.log
F0657,2,SA1,18,1,icarus,1,3,1,3,18,M1,00,02,640,960,valid,activated_detected,,1,results/step06/raw/full/icarus/run_0011_offset_0640_count_0064.log
F0658,2,SA1,18,2,icarus,1,3,1,3,18,M1,00,04,640,960,valid,activated_detected,,1,results/step06/raw/full/icarus/run_0011_offset_0640_count_0064.log
F0659,2,SA1,18,3,icarus,1,3,1,3,18,M1,00,08,640,960,valid,activated_detected,,1,results/step06/raw/full/icarus/run_0011_offset_0640_count_0064.log
F0660,2,SA1,18,4,icarus,1,3,1,3,18,M1,00,10,640,960,valid,activated_detected,,1,results/step06/raw/full/icarus/run_0011_offset_0640_count_0064.log
F0661,2,SA1,18,5,icarus,1,3,1,3,18,M1,00,20,640,960,valid,activated_detected,,1,results/step06/raw/full/icarus/run_0011_offset_0640_count_0064.log
F0662,2,SA1,18,6,icarus,1,3,1,3,18,M1,00,40,640,960,valid,activated_detected,,1,results/step06/raw/full/icarus/run_0011_offset_0640_count_0064.log
F0663,2,SA1,18,7,icarus,1,3,1,3,18,M1,00,80,640,960,valid,activated_detected,,1,results/step06/raw/full/icarus/run_0011_offset_0640_count_0064.log
F0664,2,SA1,19,0,icarus,1,3,1,3,19,M1,00,01,640,960,valid,activated_detected,,1,results/step06/raw/full/icarus/run_0011_offset_0640_count_0064.log
F0665,2,SA1,19,1,icarus,1,3,1,3,19,M1,00,02,640,960,valid,activated_detected,,1,results/step06/raw/full/icarus/run_0011_offset_0640_count_0064.log
F0666,2,SA1,19,2,icarus,1,3,1,3,19,M1,00,04,640,960,valid,activated_detected,,1,results/step06/raw/full/icarus/run_0011_offset_0640_count_0064.log
F0667,2,SA1,19,3,icarus,1,3,1,3,19,M1,00,08,640,960,valid,activated_detected,,1,results/step06/raw/full/icarus/run_0011_offset_0640_count_0064.log
F0668,2,SA1,19,4,icarus,1,3,1,3,19,M1,00,10,640,960,valid,activated_detected,,1,results/step06/raw/full/icarus/run_0011_offset_0640_count_0064.log
F0669,2,SA1,19,5,icarus,1,3,1,3,19,M1,00,20,640,960,valid,activated_detected,,1,results/step06/raw/full/icarus/run_0011_offset_0640_count_0064.log
F0670,2,SA1,19,6,icarus,1,3,1,3,19,M1,00,40,640,960,valid,activated_detected,,1,results/step06/raw/full/icarus/run_0011_offset_0640_count_0064.log
F0671,2,SA1,19,7,icarus,1,3,1,3,19,M1,00,80,640,960,valid,activated_detected,,1,results/step06/raw/full/icarus/run_0011_offset_0640_count_0064.log
F0672,2,SA1,20,0,icarus,1,3,1,3,20,M1,00,01,640,960,valid,activated_detected,,1,results/step06/raw/full/icarus/run_0011_offset_0640_count_0064.log
F0673,2,SA1,20,1,icarus,1,3,1,3,20,M1,00,02,640,960,valid,activated_detected,,1,results/step06/raw/full/icarus/run_0011_offset_0640_count_0064.log
F0674,2,SA1,20,2,icarus,1,3,1,3,20,M1,00,04,640,960,valid,activated_detected,,1,results/step06/raw/full/icarus/run_0011_offset_0640_count_0064.log
F0675,2,SA1,20,3,icarus,1,3,1,3,20,M1,00,08,640,960,valid,activated_detected,,1,results/step06/raw/full/icarus/run_0011_offset_0640_count_0064.log
F0676,2,SA1,20,4,icarus,1,3,1,3,20,M1,00,10,640,960,valid,activated_detected,,1,results/step06/raw/full/icarus/run_0011_offset_0640_count_0064.log
F0677,2,SA1,20,5,icarus,1,3,1,3,20,M1,00,20,640,960,valid,activated_detected,,1,results/step06/raw/full/icarus/run_0011_offset_0640_count_0064.log
F0678,2,SA1,20,6,icarus,1,3,1,3,20,M1,00,40,640,960,valid,activated_detected,,1,results/step06/raw/full/icarus/run_0011_offset_0640_count_0064.log
F0679,2,SA1,20,7,icarus,1,3,1,3,20,M1,00,80,640,960,valid,activated_detected,,1,results/step06/raw/full/icarus/run_0011_offset_0640_count_0064.log
F0680,2,SA1,21,0,icarus,1,3,1,3,21,M1,00,01,640,960,valid,activated_detected,,1,results/step06/raw/full/icarus/run_0011_offset_0640_count_0064.log
F0681,2,SA1,21,1,icarus,1,3,1,3,21,M1,00,02,640,960,valid,activated_detected,,1,results/step06/raw/full/icarus/run_0011_offset_0640_count_0064.log
F0682,2,SA1,21,2,icarus,1,3,1,3,21,M1,00,04,640,960,valid,activated_detected,,1,results/step06/raw/full/icarus/run_0011_offset_0640_count_0064.log
F0683,2,SA1,21,3,icarus,1,3,1,3,21,M1,00,08,640,960,valid,activated_detected,,1,results/step06/raw/full/icarus/run_0011_offset_0640_count_0064.log
F0684,2,SA1,21,4,icarus,1,3,1,3,21,M1,00,10,640,960,valid,activated_detected,,1,results/step06/raw/full/icarus/run_0011_offset_0640_count_0064.log
F0685,2,SA1,21,5,icarus,1,3,1,3,21,M1,00,20,640,960,valid,activated_detected,,1,results/step06/raw/full/icarus/run_0011_offset_0640_count_0064.log
F0686,2,SA1,21,6,icarus,1,3,1,3,21,M1,00,40,640,960,valid,activated_detected,,1,results/step06/raw/full/icarus/run_0011_offset_0640_count_0064.log
F0687,2,SA1,21,7,icarus,1,3,1,3,21,M1,00,80,640,960,valid,activated_detected,,1,results/step06/raw/full/icarus/run_0011_offset_0640_count_0064.log
F0688,2,SA1,22,0,icarus,1,3,1,3,22,M1,00,01,640,960,valid,activated_detected,,1,results/step06/raw/full/icarus/run_0011_offset_0640_count_0064.log
F0689,2,SA1,22,1,icarus,1,3,1,3,22,M1,00,02,640,960,valid,activated_detected,,1,results/step06/raw/full/icarus/run_0011_offset_0640_count_0064.log
F0690,2,SA1,22,2,icarus,1,3,1,3,22,M1,00,04,640,960,valid,activated_detected,,1,results/step06/raw/full/icarus/run_0011_offset_0640_count_0064.log
F0691,2,SA1,22,3,icarus,1,3,1,3,22,M1,00,08,640,960,valid,activated_detected,,1,results/step06/raw/full/icarus/run_0011_offset_0640_count_0064.log
F0692,2,SA1,22,4,icarus,1,3,1,3,22,M1,00,10,640,960,valid,activated_detected,,1,results/step06/raw/full/icarus/run_0011_offset_0640_count_0064.log
F0693,2,SA1,22,5,icarus,1,3,1,3,22,M1,00,20,640,960,valid,activated_detected,,1,results/step06/raw/full/icarus/run_0011_offset_0640_count_0064.log
F0694,2,SA1,22,6,icarus,1,3,1,3,22,M1,00,40,640,960,valid,activated_detected,,1,results/step06/raw/full/icarus/run_0011_offset_0640_count_0064.log
F0695,2,SA1,22,7,icarus,1,3,1,3,22,M1,00,80,640,960,valid,activated_detected,,1,results/step06/raw/full/icarus/run_0011_offset_0640_count_0064.log
F0696,2,SA1,23,0,icarus,1,3,1,3,23,M1,00,01,640,960,valid,activated_detected,,1,results/step06/raw/full/icarus/run_0011_offset_0640_count_0064.log
F0697,2,SA1,23,1,icarus,1,3,1,3,23,M1,00,02,640,960,valid,activated_detected,,1,results/step06/raw/full/icarus/run_0011_offset_0640_count_0064.log
F0698,2,SA1,23,2,icarus,1,3,1,3,23,M1,00,04,640,960,valid,activated_detected,,1,results/step06/raw/full/icarus/run_0011_offset_0640_count_0064.log
F0699,2,SA1,23,3,icarus,1,3,1,3,23,M1,00,08,640,960,valid,activated_detected,,1,results/step06/raw/full/icarus/run_0011_offset_0640_count_0064.log
F0700,2,SA1,23,4,icarus,1,3,1,3,23,M1,00,10,640,960,valid,activated_detected,,1,results/step06/raw/full/icarus/run_0011_offset_0640_count_0064.log
F0701,2,SA1,23,5,icarus,1,3,1,3,23,M1,00,20,640,960,valid,activated_detected,,1,results/step06/raw/full/icarus/run_0011_offset_0640_count_0064.log
F0702,2,SA1,23,6,icarus,1,3,1,3,23,M1,00,40,640,960,valid,activated_detected,,1,results/step06/raw/full/icarus/run_0011_offset_0640_count_0064.log
F0703,2,SA1,23,7,icarus,1,3,1,3,23,M1,00,80,640,960,valid,activated_detected,,1,results/step06/raw/full/icarus/run_0011_offset_0640_count_0064.log
F0704,2,SA1,24,0,icarus,1,3,1,3,24,M1,00,01,640,960,valid,activated_detected,,1,results/step06/raw/full/icarus/run_0012_offset_0704_count_0064.log
F0705,2,SA1,24,1,icarus,1,3,1,3,24,M1,00,02,640,960,valid,activated_detected,,1,results/step06/raw/full/icarus/run_0012_offset_0704_count_0064.log
F0706,2,SA1,24,2,icarus,1,3,1,3,24,M1,00,04,640,960,valid,activated_detected,,1,results/step06/raw/full/icarus/run_0012_offset_0704_count_0064.log
F0707,2,SA1,24,3,icarus,1,3,1,3,24,M1,00,08,640,960,valid,activated_detected,,1,results/step06/raw/full/icarus/run_0012_offset_0704_count_0064.log
F0708,2,SA1,24,4,icarus,1,3,1,3,24,M1,00,10,640,960,valid,activated_detected,,1,results/step06/raw/full/icarus/run_0012_offset_0704_count_0064.log
F0709,2,SA1,24,5,icarus,1,3,1,3,24,M1,00,20,640,960,valid,activated_detected,,1,results/step06/raw/full/icarus/run_0012_offset_0704_count_0064.log
F0710,2,SA1,24,6,icarus,1,3,1,3,24,M1,00,40,640,960,valid,activated_detected,,1,results/step06/raw/full/icarus/run_0012_offset_0704_count_0064.log
F0711,2,SA1,24,7,icarus,1,3,1,3,24,M1,00,80,640,960,valid,activated_detected,,1,results/step06/raw/full/icarus/run_0012_offset_0704_count_0064.log
F0712,2,SA1,25,0,icarus,1,3,1,3,25,M1,00,01,640,960,valid,activated_detected,,1,results/step06/raw/full/icarus/run_0012_offset_0704_count_0064.log
F0713,2,SA1,25,1,icarus,1,3,1,3,25,M1,00,02,640,960,valid,activated_detected,,1,results/step06/raw/full/icarus/run_0012_offset_0704_count_0064.log
F0714,2,SA1,25,2,icarus,1,3,1,3,25,M1,00,04,640,960,valid,activated_detected,,1,results/step06/raw/full/icarus/run_0012_offset_0704_count_0064.log
F0715,2,SA1,25,3,icarus,1,3,1,3,25,M1,00,08,640,960,valid,activated_detected,,1,results/step06/raw/full/icarus/run_0012_offset_0704_count_0064.log
F0716,2,SA1,25,4,icarus,1,3,1,3,25,M1,00,10,640,960,valid,activated_detected,,1,results/step06/raw/full/icarus/run_0012_offset_0704_count_0064.log
F0717,2,SA1,25,5,icarus,1,3,1,3,25,M1,00,20,640,960,valid,activated_detected,,1,results/step06/raw/full/icarus/run_0012_offset_0704_count_0064.log
F0718,2,SA1,25,6,icarus,1,3,1,3,25,M1,00,40,640,960,valid,activated_detected,,1,results/step06/raw/full/icarus/run_0012_offset_0704_count_0064.log
F0719,2,SA1,25,7,icarus,1,3,1,3,25,M1,00,80,640,960,valid,activated_detected,,1,results/step06/raw/full/icarus/run_0012_offset_0704_count_0064.log
F0720,2,SA1,26,0,icarus,1,3,1,3,26,M1,00,01,640,960,valid,activated_detected,,1,results/step06/raw/full/icarus/run_0012_offset_0704_count_0064.log
F0721,2,SA1,26,1,icarus,1,3,1,3,26,M1,00,02,640,960,valid,activated_detected,,1,results/step06/raw/full/icarus/run_0012_offset_0704_count_0064.log
F0722,2,SA1,26,2,icarus,1,3,1,3,26,M1,00,04,640,960,valid,activated_detected,,1,results/step06/raw/full/icarus/run_0012_offset_0704_count_0064.log
F0723,2,SA1,26,3,icarus,1,3,1,3,26,M1,00,08,640,960,valid,activated_detected,,1,results/step06/raw/full/icarus/run_0012_offset_0704_count_0064.log
F0724,2,SA1,26,4,icarus,1,3,1,3,26,M1,00,10,640,960,valid,activated_detected,,1,results/step06/raw/full/icarus/run_0012_offset_0704_count_0064.log
F0725,2,SA1,26,5,icarus,1,3,1,3,26,M1,00,20,640,960,valid,activated_detected,,1,results/step06/raw/full/icarus/run_0012_offset_0704_count_0064.log
F0726,2,SA1,26,6,icarus,1,3,1,3,26,M1,00,40,640,960,valid,activated_detected,,1,results/step06/raw/full/icarus/run_0012_offset_0704_count_0064.log
F0727,2,SA1,26,7,icarus,1,3,1,3,26,M1,00,80,640,960,valid,activated_detected,,1,results/step06/raw/full/icarus/run_0012_offset_0704_count_0064.log
F0728,2,SA1,27,0,icarus,1,3,1,3,27,M1,00,01,640,960,valid,activated_detected,,1,results/step06/raw/full/icarus/run_0012_offset_0704_count_0064.log
F0729,2,SA1,27,1,icarus,1,3,1,3,27,M1,00,02,640,960,valid,activated_detected,,1,results/step06/raw/full/icarus/run_0012_offset_0704_count_0064.log
F0730,2,SA1,27,2,icarus,1,3,1,3,27,M1,00,04,640,960,valid,activated_detected,,1,results/step06/raw/full/icarus/run_0012_offset_0704_count_0064.log
F0731,2,SA1,27,3,icarus,1,3,1,3,27,M1,00,08,640,960,valid,activated_detected,,1,results/step06/raw/full/icarus/run_0012_offset_0704_count_0064.log
F0732,2,SA1,27,4,icarus,1,3,1,3,27,M1,00,10,640,960,valid,activated_detected,,1,results/step06/raw/full/icarus/run_0012_offset_0704_count_0064.log
F0733,2,SA1,27,5,icarus,1,3,1,3,27,M1,00,20,640,960,valid,activated_detected,,1,results/step06/raw/full/icarus/run_0012_offset_0704_count_0064.log
F0734,2,SA1,27,6,icarus,1,3,1,3,27,M1,00,40,640,960,valid,activated_detected,,1,results/step06/raw/full/icarus/run_0012_offset_0704_count_0064.log
F0735,2,SA1,27,7,icarus,1,3,1,3,27,M1,00,80,640,960,valid,activated_detected,,1,results/step06/raw/full/icarus/run_0012_offset_0704_count_0064.log
F0736,2,SA1,28,0,icarus,1,3,1,3,28,M1,00,01,640,960,valid,activated_detected,,1,results/step06/raw/full/icarus/run_0012_offset_0704_count_0064.log
F0737,2,SA1,28,1,icarus,1,3,1,3,28,M1,00,02,640,960,valid,activated_detected,,1,results/step06/raw/full/icarus/run_0012_offset_0704_count_0064.log
F0738,2,SA1,28,2,icarus,1,3,1,3,28,M1,00,04,640,960,valid,activated_detected,,1,results/step06/raw/full/icarus/run_0012_offset_0704_count_0064.log
F0739,2,SA1,28,3,icarus,1,3,1,3,28,M1,00,08,640,960,valid,activated_detected,,1,results/step06/raw/full/icarus/run_0012_offset_0704_count_0064.log
F0740,2,SA1,28,4,icarus,1,3,1,3,28,M1,00,10,640,960,valid,activated_detected,,1,results/step06/raw/full/icarus/run_0012_offset_0704_count_0064.log
F0741,2,SA1,28,5,icarus,1,3,1,3,28,M1,00,20,640,960,valid,activated_detected,,1,results/step06/raw/full/icarus/run_0012_offset_0704_count_0064.log
F0742,2,SA1,28,6,icarus,1,3,1,3,28,M1,00,40,640,960,valid,activated_detected,,1,results/step06/raw/full/icarus/run_0012_offset_0704_count_0064.log
F0743,2,SA1,28,7,icarus,1,3,1,3,28,M1,00,80,640,960,valid,activated_detected,,1,results/step06/raw/full/icarus/run_0012_offset_0704_count_0064.log
F0744,2,SA1,29,0,icarus,1,3,1,3,29,M1,00,01,640,960,valid,activated_detected,,1,results/step06/raw/full/icarus/run_0012_offset_0704_count_0064.log
F0745,2,SA1,29,1,icarus,1,3,1,3,29,M1,00,02,640,960,valid,activated_detected,,1,results/step06/raw/full/icarus/run_0012_offset_0704_count_0064.log
F0746,2,SA1,29,2,icarus,1,3,1,3,29,M1,00,04,640,960,valid,activated_detected,,1,results/step06/raw/full/icarus/run_0012_offset_0704_count_0064.log
F0747,2,SA1,29,3,icarus,1,3,1,3,29,M1,00,08,640,960,valid,activated_detected,,1,results/step06/raw/full/icarus/run_0012_offset_0704_count_0064.log
F0748,2,SA1,29,4,icarus,1,3,1,3,29,M1,00,10,640,960,valid,activated_detected,,1,results/step06/raw/full/icarus/run_0012_offset_0704_count_0064.log
F0749,2,SA1,29,5,icarus,1,3,1,3,29,M1,00,20,640,960,valid,activated_detected,,1,results/step06/raw/full/icarus/run_0012_offset_0704_count_0064.log
F0750,2,SA1,29,6,icarus,1,3,1,3,29,M1,00,40,640,960,valid,activated_detected,,1,results/step06/raw/full/icarus/run_0012_offset_0704_count_0064.log
F0751,2,SA1,29,7,icarus,1,3,1,3,29,M1,00,80,640,960,valid,activated_detected,,1,results/step06/raw/full/icarus/run_0012_offset_0704_count_0064.log
F0752,2,SA1,30,0,icarus,1,3,1,3,30,M1,00,01,640,960,valid,activated_detected,,1,results/step06/raw/full/icarus/run_0012_offset_0704_count_0064.log
F0753,2,SA1,30,1,icarus,1,3,1,3,30,M1,00,02,640,960,valid,activated_detected,,1,results/step06/raw/full/icarus/run_0012_offset_0704_count_0064.log
F0754,2,SA1,30,2,icarus,1,3,1,3,30,M1,00,04,640,960,valid,activated_detected,,1,results/step06/raw/full/icarus/run_0012_offset_0704_count_0064.log
F0755,2,SA1,30,3,icarus,1,3,1,3,30,M1,00,08,640,960,valid,activated_detected,,1,results/step06/raw/full/icarus/run_0012_offset_0704_count_0064.log
F0756,2,SA1,30,4,icarus,1,3,1,3,30,M1,00,10,640,960,valid,activated_detected,,1,results/step06/raw/full/icarus/run_0012_offset_0704_count_0064.log
F0757,2,SA1,30,5,icarus,1,3,1,3,30,M1,00,20,640,960,valid,activated_detected,,1,results/step06/raw/full/icarus/run_0012_offset_0704_count_0064.log
F0758,2,SA1,30,6,icarus,1,3,1,3,30,M1,00,40,640,960,valid,activated_detected,,1,results/step06/raw/full/icarus/run_0012_offset_0704_count_0064.log
F0759,2,SA1,30,7,icarus,1,3,1,3,30,M1,00,80,640,960,valid,activated_detected,,1,results/step06/raw/full/icarus/run_0012_offset_0704_count_0064.log
F0760,2,SA1,31,0,icarus,1,3,1,3,31,M1,00,01,640,960,valid,activated_detected,,1,results/step06/raw/full/icarus/run_0012_offset_0704_count_0064.log
F0761,2,SA1,31,1,icarus,1,3,1,3,31,M1,00,02,640,960,valid,activated_detected,,1,results/step06/raw/full/icarus/run_0012_offset_0704_count_0064.log
F0762,2,SA1,31,2,icarus,1,3,1,3,31,M1,00,04,640,960,valid,activated_detected,,1,results/step06/raw/full/icarus/run_0012_offset_0704_count_0064.log
F0763,2,SA1,31,3,icarus,1,3,1,3,31,M1,00,08,640,960,valid,activated_detected,,1,results/step06/raw/full/icarus/run_0012_offset_0704_count_0064.log
F0764,2,SA1,31,4,icarus,1,3,1,3,31,M1,00,10,640,960,valid,activated_detected,,1,results/step06/raw/full/icarus/run_0012_offset_0704_count_0064.log
F0765,2,SA1,31,5,icarus,1,3,1,3,31,M1,00,20,640,960,valid,activated_detected,,1,results/step06/raw/full/icarus/run_0012_offset_0704_count_0064.log
F0766,2,SA1,31,6,icarus,1,3,1,3,31,M1,00,40,640,960,valid,activated_detected,,1,results/step06/raw/full/icarus/run_0012_offset_0704_count_0064.log
F0767,2,SA1,31,7,icarus,1,3,1,3,31,M1,00,80,640,960,valid,activated_detected,,1,results/step06/raw/full/icarus/run_0012_offset_0704_count_0064.log
F0768,2,SA1,32,0,icarus,1,3,1,3,32,M1,00,01,640,960,valid,activated_detected,,1,results/step06/raw/full/icarus/run_0013_offset_0768_count_0064.log
F0769,2,SA1,32,1,icarus,1,3,1,3,32,M1,00,02,640,960,valid,activated_detected,,1,results/step06/raw/full/icarus/run_0013_offset_0768_count_0064.log
F0770,2,SA1,32,2,icarus,1,3,1,3,32,M1,00,04,640,960,valid,activated_detected,,1,results/step06/raw/full/icarus/run_0013_offset_0768_count_0064.log
F0771,2,SA1,32,3,icarus,1,3,1,3,32,M1,00,08,640,960,valid,activated_detected,,1,results/step06/raw/full/icarus/run_0013_offset_0768_count_0064.log
F0772,2,SA1,32,4,icarus,1,3,1,3,32,M1,00,10,640,960,valid,activated_detected,,1,results/step06/raw/full/icarus/run_0013_offset_0768_count_0064.log
F0773,2,SA1,32,5,icarus,1,3,1,3,32,M1,00,20,640,960,valid,activated_detected,,1,results/step06/raw/full/icarus/run_0013_offset_0768_count_0064.log
F0774,2,SA1,32,6,icarus,1,3,1,3,32,M1,00,40,640,960,valid,activated_detected,,1,results/step06/raw/full/icarus/run_0013_offset_0768_count_0064.log
F0775,2,SA1,32,7,icarus,1,3,1,3,32,M1,00,80,640,960,valid,activated_detected,,1,results/step06/raw/full/icarus/run_0013_offset_0768_count_0064.log
F0776,2,SA1,33,0,icarus,1,3,1,3,33,M1,00,01,640,960,valid,activated_detected,,1,results/step06/raw/full/icarus/run_0013_offset_0768_count_0064.log
F0777,2,SA1,33,1,icarus,1,3,1,3,33,M1,00,02,640,960,valid,activated_detected,,1,results/step06/raw/full/icarus/run_0013_offset_0768_count_0064.log
F0778,2,SA1,33,2,icarus,1,3,1,3,33,M1,00,04,640,960,valid,activated_detected,,1,results/step06/raw/full/icarus/run_0013_offset_0768_count_0064.log
F0779,2,SA1,33,3,icarus,1,3,1,3,33,M1,00,08,640,960,valid,activated_detected,,1,results/step06/raw/full/icarus/run_0013_offset_0768_count_0064.log
F0780,2,SA1,33,4,icarus,1,3,1,3,33,M1,00,10,640,960,valid,activated_detected,,1,results/step06/raw/full/icarus/run_0013_offset_0768_count_0064.log
F0781,2,SA1,33,5,icarus,1,3,1,3,33,M1,00,20,640,960,valid,activated_detected,,1,results/step06/raw/full/icarus/run_0013_offset_0768_count_0064.log
F0782,2,SA1,33,6,icarus,1,3,1,3,33,M1,00,40,640,960,valid,activated_detected,,1,results/step06/raw/full/icarus/run_0013_offset_0768_count_0064.log
F0783,2,SA1,33,7,icarus,1,3,1,3,33,M1,00,80,640,960,valid,activated_detected,,1,results/step06/raw/full/icarus/run_0013_offset_0768_count_0064.log
F0784,2,SA1,34,0,icarus,1,3,1,3,34,M1,00,01,640,960,valid,activated_detected,,1,results/step06/raw/full/icarus/run_0013_offset_0768_count_0064.log
F0785,2,SA1,34,1,icarus,1,3,1,3,34,M1,00,02,640,960,valid,activated_detected,,1,results/step06/raw/full/icarus/run_0013_offset_0768_count_0064.log
F0786,2,SA1,34,2,icarus,1,3,1,3,34,M1,00,04,640,960,valid,activated_detected,,1,results/step06/raw/full/icarus/run_0013_offset_0768_count_0064.log
F0787,2,SA1,34,3,icarus,1,3,1,3,34,M1,00,08,640,960,valid,activated_detected,,1,results/step06/raw/full/icarus/run_0013_offset_0768_count_0064.log
F0788,2,SA1,34,4,icarus,1,3,1,3,34,M1,00,10,640,960,valid,activated_detected,,1,results/step06/raw/full/icarus/run_0013_offset_0768_count_0064.log
F0789,2,SA1,34,5,icarus,1,3,1,3,34,M1,00,20,640,960,valid,activated_detected,,1,results/step06/raw/full/icarus/run_0013_offset_0768_count_0064.log
F0790,2,SA1,34,6,icarus,1,3,1,3,34,M1,00,40,640,960,valid,activated_detected,,1,results/step06/raw/full/icarus/run_0013_offset_0768_count_0064.log
F0791,2,SA1,34,7,icarus,1,3,1,3,34,M1,00,80,640,960,valid,activated_detected,,1,results/step06/raw/full/icarus/run_0013_offset_0768_count_0064.log
F0792,2,SA1,35,0,icarus,1,3,1,3,35,M1,00,01,640,960,valid,activated_detected,,1,results/step06/raw/full/icarus/run_0013_offset_0768_count_0064.log
F0793,2,SA1,35,1,icarus,1,3,1,3,35,M1,00,02,640,960,valid,activated_detected,,1,results/step06/raw/full/icarus/run_0013_offset_0768_count_0064.log
F0794,2,SA1,35,2,icarus,1,3,1,3,35,M1,00,04,640,960,valid,activated_detected,,1,results/step06/raw/full/icarus/run_0013_offset_0768_count_0064.log
F0795,2,SA1,35,3,icarus,1,3,1,3,35,M1,00,08,640,960,valid,activated_detected,,1,results/step06/raw/full/icarus/run_0013_offset_0768_count_0064.log
F0796,2,SA1,35,4,icarus,1,3,1,3,35,M1,00,10,640,960,valid,activated_detected,,1,results/step06/raw/full/icarus/run_0013_offset_0768_count_0064.log
F0797,2,SA1,35,5,icarus,1,3,1,3,35,M1,00,20,640,960,valid,activated_detected,,1,results/step06/raw/full/icarus/run_0013_offset_0768_count_0064.log
F0798,2,SA1,35,6,icarus,1,3,1,3,35,M1,00,40,640,960,valid,activated_detected,,1,results/step06/raw/full/icarus/run_0013_offset_0768_count_0064.log
F0799,2,SA1,35,7,icarus,1,3,1,3,35,M1,00,80,640,960,valid,activated_detected,,1,results/step06/raw/full/icarus/run_0013_offset_0768_count_0064.log
F0800,2,SA1,36,0,icarus,1,3,1,3,36,M1,00,01,640,960,valid,activated_detected,,1,results/step06/raw/full/icarus/run_0013_offset_0768_count_0064.log
F0801,2,SA1,36,1,icarus,1,3,1,3,36,M1,00,02,640,960,valid,activated_detected,,1,results/step06/raw/full/icarus/run_0013_offset_0768_count_0064.log
F0802,2,SA1,36,2,icarus,1,3,1,3,36,M1,00,04,640,960,valid,activated_detected,,1,results/step06/raw/full/icarus/run_0013_offset_0768_count_0064.log
F0803,2,SA1,36,3,icarus,1,3,1,3,36,M1,00,08,640,960,valid,activated_detected,,1,results/step06/raw/full/icarus/run_0013_offset_0768_count_0064.log
F0804,2,SA1,36,4,icarus,1,3,1,3,36,M1,00,10,640,960,valid,activated_detected,,1,results/step06/raw/full/icarus/run_0013_offset_0768_count_0064.log
F0805,2,SA1,36,5,icarus,1,3,1,3,36,M1,00,20,640,960,valid,activated_detected,,1,results/step06/raw/full/icarus/run_0013_offset_0768_count_0064.log
F0806,2,SA1,36,6,icarus,1,3,1,3,36,M1,00,40,640,960,valid,activated_detected,,1,results/step06/raw/full/icarus/run_0013_offset_0768_count_0064.log
F0807,2,SA1,36,7,icarus,1,3,1,3,36,M1,00,80,640,960,valid,activated_detected,,1,results/step06/raw/full/icarus/run_0013_offset_0768_count_0064.log
F0808,2,SA1,37,0,icarus,1,3,1,3,37,M1,00,01,640,960,valid,activated_detected,,1,results/step06/raw/full/icarus/run_0013_offset_0768_count_0064.log
F0809,2,SA1,37,1,icarus,1,3,1,3,37,M1,00,02,640,960,valid,activated_detected,,1,results/step06/raw/full/icarus/run_0013_offset_0768_count_0064.log
F0810,2,SA1,37,2,icarus,1,3,1,3,37,M1,00,04,640,960,valid,activated_detected,,1,results/step06/raw/full/icarus/run_0013_offset_0768_count_0064.log
F0811,2,SA1,37,3,icarus,1,3,1,3,37,M1,00,08,640,960,valid,activated_detected,,1,results/step06/raw/full/icarus/run_0013_offset_0768_count_0064.log
F0812,2,SA1,37,4,icarus,1,3,1,3,37,M1,00,10,640,960,valid,activated_detected,,1,results/step06/raw/full/icarus/run_0013_offset_0768_count_0064.log
F0813,2,SA1,37,5,icarus,1,3,1,3,37,M1,00,20,640,960,valid,activated_detected,,1,results/step06/raw/full/icarus/run_0013_offset_0768_count_0064.log
F0814,2,SA1,37,6,icarus,1,3,1,3,37,M1,00,40,640,960,valid,activated_detected,,1,results/step06/raw/full/icarus/run_0013_offset_0768_count_0064.log
F0815,2,SA1,37,7,icarus,1,3,1,3,37,M1,00,80,640,960,valid,activated_detected,,1,results/step06/raw/full/icarus/run_0013_offset_0768_count_0064.log
F0816,2,SA1,38,0,icarus,1,3,1,3,38,M1,00,01,640,960,valid,activated_detected,,1,results/step06/raw/full/icarus/run_0013_offset_0768_count_0064.log
F0817,2,SA1,38,1,icarus,1,3,1,3,38,M1,00,02,640,960,valid,activated_detected,,1,results/step06/raw/full/icarus/run_0013_offset_0768_count_0064.log
F0818,2,SA1,38,2,icarus,1,3,1,3,38,M1,00,04,640,960,valid,activated_detected,,1,results/step06/raw/full/icarus/run_0013_offset_0768_count_0064.log
F0819,2,SA1,38,3,icarus,1,3,1,3,38,M1,00,08,640,960,valid,activated_detected,,1,results/step06/raw/full/icarus/run_0013_offset_0768_count_0064.log
F0820,2,SA1,38,4,icarus,1,3,1,3,38,M1,00,10,640,960,valid,activated_detected,,1,results/step06/raw/full/icarus/run_0013_offset_0768_count_0064.log
F0821,2,SA1,38,5,icarus,1,3,1,3,38,M1,00,20,640,960,valid,activated_detected,,1,results/step06/raw/full/icarus/run_0013_offset_0768_count_0064.log
F0822,2,SA1,38,6,icarus,1,3,1,3,38,M1,00,40,640,960,valid,activated_detected,,1,results/step06/raw/full/icarus/run_0013_offset_0768_count_0064.log
F0823,2,SA1,38,7,icarus,1,3,1,3,38,M1,00,80,640,960,valid,activated_detected,,1,results/step06/raw/full/icarus/run_0013_offset_0768_count_0064.log
F0824,2,SA1,39,0,icarus,1,3,1,3,39,M1,00,01,640,960,valid,activated_detected,,1,results/step06/raw/full/icarus/run_0013_offset_0768_count_0064.log
F0825,2,SA1,39,1,icarus,1,3,1,3,39,M1,00,02,640,960,valid,activated_detected,,1,results/step06/raw/full/icarus/run_0013_offset_0768_count_0064.log
F0826,2,SA1,39,2,icarus,1,3,1,3,39,M1,00,04,640,960,valid,activated_detected,,1,results/step06/raw/full/icarus/run_0013_offset_0768_count_0064.log
F0827,2,SA1,39,3,icarus,1,3,1,3,39,M1,00,08,640,960,valid,activated_detected,,1,results/step06/raw/full/icarus/run_0013_offset_0768_count_0064.log
F0828,2,SA1,39,4,icarus,1,3,1,3,39,M1,00,10,640,960,valid,activated_detected,,1,results/step06/raw/full/icarus/run_0013_offset_0768_count_0064.log
F0829,2,SA1,39,5,icarus,1,3,1,3,39,M1,00,20,640,960,valid,activated_detected,,1,results/step06/raw/full/icarus/run_0013_offset_0768_count_0064.log
F0830,2,SA1,39,6,icarus,1,3,1,3,39,M1,00,40,640,960,valid,activated_detected,,1,results/step06/raw/full/icarus/run_0013_offset_0768_count_0064.log
F0831,2,SA1,39,7,icarus,1,3,1,3,39,M1,00,80,640,960,valid,activated_detected,,1,results/step06/raw/full/icarus/run_0013_offset_0768_count_0064.log
F0832,2,SA1,40,0,icarus,1,3,1,3,40,M1,00,01,640,960,valid,activated_detected,,1,results/step06/raw/full/icarus/run_0014_offset_0832_count_0064.log
F0833,2,SA1,40,1,icarus,1,3,1,3,40,M1,00,02,640,960,valid,activated_detected,,1,results/step06/raw/full/icarus/run_0014_offset_0832_count_0064.log
F0834,2,SA1,40,2,icarus,1,3,1,3,40,M1,00,04,640,960,valid,activated_detected,,1,results/step06/raw/full/icarus/run_0014_offset_0832_count_0064.log
F0835,2,SA1,40,3,icarus,1,3,1,3,40,M1,00,08,640,960,valid,activated_detected,,1,results/step06/raw/full/icarus/run_0014_offset_0832_count_0064.log
F0836,2,SA1,40,4,icarus,1,3,1,3,40,M1,00,10,640,960,valid,activated_detected,,1,results/step06/raw/full/icarus/run_0014_offset_0832_count_0064.log
F0837,2,SA1,40,5,icarus,1,3,1,3,40,M1,00,20,640,960,valid,activated_detected,,1,results/step06/raw/full/icarus/run_0014_offset_0832_count_0064.log
F0838,2,SA1,40,6,icarus,1,3,1,3,40,M1,00,40,640,960,valid,activated_detected,,1,results/step06/raw/full/icarus/run_0014_offset_0832_count_0064.log
F0839,2,SA1,40,7,icarus,1,3,1,3,40,M1,00,80,640,960,valid,activated_detected,,1,results/step06/raw/full/icarus/run_0014_offset_0832_count_0064.log
F0840,2,SA1,41,0,icarus,1,3,1,3,41,M1,00,01,640,960,valid,activated_detected,,1,results/step06/raw/full/icarus/run_0014_offset_0832_count_0064.log
F0841,2,SA1,41,1,icarus,1,3,1,3,41,M1,00,02,640,960,valid,activated_detected,,1,results/step06/raw/full/icarus/run_0014_offset_0832_count_0064.log
F0842,2,SA1,41,2,icarus,1,3,1,3,41,M1,00,04,640,960,valid,activated_detected,,1,results/step06/raw/full/icarus/run_0014_offset_0832_count_0064.log
F0843,2,SA1,41,3,icarus,1,3,1,3,41,M1,00,08,640,960,valid,activated_detected,,1,results/step06/raw/full/icarus/run_0014_offset_0832_count_0064.log
F0844,2,SA1,41,4,icarus,1,3,1,3,41,M1,00,10,640,960,valid,activated_detected,,1,results/step06/raw/full/icarus/run_0014_offset_0832_count_0064.log
F0845,2,SA1,41,5,icarus,1,3,1,3,41,M1,00,20,640,960,valid,activated_detected,,1,results/step06/raw/full/icarus/run_0014_offset_0832_count_0064.log
F0846,2,SA1,41,6,icarus,1,3,1,3,41,M1,00,40,640,960,valid,activated_detected,,1,results/step06/raw/full/icarus/run_0014_offset_0832_count_0064.log
F0847,2,SA1,41,7,icarus,1,3,1,3,41,M1,00,80,640,960,valid,activated_detected,,1,results/step06/raw/full/icarus/run_0014_offset_0832_count_0064.log
F0848,2,SA1,42,0,icarus,1,3,1,3,42,M1,00,01,640,960,valid,activated_detected,,1,results/step06/raw/full/icarus/run_0014_offset_0832_count_0064.log
F0849,2,SA1,42,1,icarus,1,3,1,3,42,M1,00,02,640,960,valid,activated_detected,,1,results/step06/raw/full/icarus/run_0014_offset_0832_count_0064.log
F0850,2,SA1,42,2,icarus,1,3,1,3,42,M1,00,04,640,960,valid,activated_detected,,1,results/step06/raw/full/icarus/run_0014_offset_0832_count_0064.log
F0851,2,SA1,42,3,icarus,1,3,1,3,42,M1,00,08,640,960,valid,activated_detected,,1,results/step06/raw/full/icarus/run_0014_offset_0832_count_0064.log
F0852,2,SA1,42,4,icarus,1,3,1,3,42,M1,00,10,640,960,valid,activated_detected,,1,results/step06/raw/full/icarus/run_0014_offset_0832_count_0064.log
F0853,2,SA1,42,5,icarus,1,3,1,3,42,M1,00,20,640,960,valid,activated_detected,,1,results/step06/raw/full/icarus/run_0014_offset_0832_count_0064.log
F0854,2,SA1,42,6,icarus,1,3,1,3,42,M1,00,40,640,960,valid,activated_detected,,1,results/step06/raw/full/icarus/run_0014_offset_0832_count_0064.log
F0855,2,SA1,42,7,icarus,1,3,1,3,42,M1,00,80,640,960,valid,activated_detected,,1,results/step06/raw/full/icarus/run_0014_offset_0832_count_0064.log
F0856,2,SA1,43,0,icarus,1,3,1,3,43,M1,00,01,640,960,valid,activated_detected,,1,results/step06/raw/full/icarus/run_0014_offset_0832_count_0064.log
F0857,2,SA1,43,1,icarus,1,3,1,3,43,M1,00,02,640,960,valid,activated_detected,,1,results/step06/raw/full/icarus/run_0014_offset_0832_count_0064.log
F0858,2,SA1,43,2,icarus,1,3,1,3,43,M1,00,04,640,960,valid,activated_detected,,1,results/step06/raw/full/icarus/run_0014_offset_0832_count_0064.log
F0859,2,SA1,43,3,icarus,1,3,1,3,43,M1,00,08,640,960,valid,activated_detected,,1,results/step06/raw/full/icarus/run_0014_offset_0832_count_0064.log
F0860,2,SA1,43,4,icarus,1,3,1,3,43,M1,00,10,640,960,valid,activated_detected,,1,results/step06/raw/full/icarus/run_0014_offset_0832_count_0064.log
F0861,2,SA1,43,5,icarus,1,3,1,3,43,M1,00,20,640,960,valid,activated_detected,,1,results/step06/raw/full/icarus/run_0014_offset_0832_count_0064.log
F0862,2,SA1,43,6,icarus,1,3,1,3,43,M1,00,40,640,960,valid,activated_detected,,1,results/step06/raw/full/icarus/run_0014_offset_0832_count_0064.log
F0863,2,SA1,43,7,icarus,1,3,1,3,43,M1,00,80,640,960,valid,activated_detected,,1,results/step06/raw/full/icarus/run_0014_offset_0832_count_0064.log
F0864,2,SA1,44,0,icarus,1,3,1,3,44,M1,00,01,640,960,valid,activated_detected,,1,results/step06/raw/full/icarus/run_0014_offset_0832_count_0064.log
F0865,2,SA1,44,1,icarus,1,3,1,3,44,M1,00,02,640,960,valid,activated_detected,,1,results/step06/raw/full/icarus/run_0014_offset_0832_count_0064.log
F0866,2,SA1,44,2,icarus,1,3,1,3,44,M1,00,04,640,960,valid,activated_detected,,1,results/step06/raw/full/icarus/run_0014_offset_0832_count_0064.log
F0867,2,SA1,44,3,icarus,1,3,1,3,44,M1,00,08,640,960,valid,activated_detected,,1,results/step06/raw/full/icarus/run_0014_offset_0832_count_0064.log
F0868,2,SA1,44,4,icarus,1,3,1,3,44,M1,00,10,640,960,valid,activated_detected,,1,results/step06/raw/full/icarus/run_0014_offset_0832_count_0064.log
F0869,2,SA1,44,5,icarus,1,3,1,3,44,M1,00,20,640,960,valid,activated_detected,,1,results/step06/raw/full/icarus/run_0014_offset_0832_count_0064.log
F0870,2,SA1,44,6,icarus,1,3,1,3,44,M1,00,40,640,960,valid,activated_detected,,1,results/step06/raw/full/icarus/run_0014_offset_0832_count_0064.log
F0871,2,SA1,44,7,icarus,1,3,1,3,44,M1,00,80,640,960,valid,activated_detected,,1,results/step06/raw/full/icarus/run_0014_offset_0832_count_0064.log
F0872,2,SA1,45,0,icarus,1,3,1,3,45,M1,00,01,640,960,valid,activated_detected,,1,results/step06/raw/full/icarus/run_0014_offset_0832_count_0064.log
F0873,2,SA1,45,1,icarus,1,3,1,3,45,M1,00,02,640,960,valid,activated_detected,,1,results/step06/raw/full/icarus/run_0014_offset_0832_count_0064.log
F0874,2,SA1,45,2,icarus,1,3,1,3,45,M1,00,04,640,960,valid,activated_detected,,1,results/step06/raw/full/icarus/run_0014_offset_0832_count_0064.log
F0875,2,SA1,45,3,icarus,1,3,1,3,45,M1,00,08,640,960,valid,activated_detected,,1,results/step06/raw/full/icarus/run_0014_offset_0832_count_0064.log
F0876,2,SA1,45,4,icarus,1,3,1,3,45,M1,00,10,640,960,valid,activated_detected,,1,results/step06/raw/full/icarus/run_0014_offset_0832_count_0064.log
F0877,2,SA1,45,5,icarus,1,3,1,3,45,M1,00,20,640,960,valid,activated_detected,,1,results/step06/raw/full/icarus/run_0014_offset_0832_count_0064.log
F0878,2,SA1,45,6,icarus,1,3,1,3,45,M1,00,40,640,960,valid,activated_detected,,1,results/step06/raw/full/icarus/run_0014_offset_0832_count_0064.log
F0879,2,SA1,45,7,icarus,1,3,1,3,45,M1,00,80,640,960,valid,activated_detected,,1,results/step06/raw/full/icarus/run_0014_offset_0832_count_0064.log
F0880,2,SA1,46,0,icarus,1,3,1,3,46,M1,00,01,640,960,valid,activated_detected,,1,results/step06/raw/full/icarus/run_0014_offset_0832_count_0064.log
F0881,2,SA1,46,1,icarus,1,3,1,3,46,M1,00,02,640,960,valid,activated_detected,,1,results/step06/raw/full/icarus/run_0014_offset_0832_count_0064.log
F0882,2,SA1,46,2,icarus,1,3,1,3,46,M1,00,04,640,960,valid,activated_detected,,1,results/step06/raw/full/icarus/run_0014_offset_0832_count_0064.log
F0883,2,SA1,46,3,icarus,1,3,1,3,46,M1,00,08,640,960,valid,activated_detected,,1,results/step06/raw/full/icarus/run_0014_offset_0832_count_0064.log
F0884,2,SA1,46,4,icarus,1,3,1,3,46,M1,00,10,640,960,valid,activated_detected,,1,results/step06/raw/full/icarus/run_0014_offset_0832_count_0064.log
F0885,2,SA1,46,5,icarus,1,3,1,3,46,M1,00,20,640,960,valid,activated_detected,,1,results/step06/raw/full/icarus/run_0014_offset_0832_count_0064.log
F0886,2,SA1,46,6,icarus,1,3,1,3,46,M1,00,40,640,960,valid,activated_detected,,1,results/step06/raw/full/icarus/run_0014_offset_0832_count_0064.log
F0887,2,SA1,46,7,icarus,1,3,1,3,46,M1,00,80,640,960,valid,activated_detected,,1,results/step06/raw/full/icarus/run_0014_offset_0832_count_0064.log
F0888,2,SA1,47,0,icarus,1,3,1,3,47,M1,00,01,640,960,valid,activated_detected,,1,results/step06/raw/full/icarus/run_0014_offset_0832_count_0064.log
F0889,2,SA1,47,1,icarus,1,3,1,3,47,M1,00,02,640,960,valid,activated_detected,,1,results/step06/raw/full/icarus/run_0014_offset_0832_count_0064.log
F0890,2,SA1,47,2,icarus,1,3,1,3,47,M1,00,04,640,960,valid,activated_detected,,1,results/step06/raw/full/icarus/run_0014_offset_0832_count_0064.log
F0891,2,SA1,47,3,icarus,1,3,1,3,47,M1,00,08,640,960,valid,activated_detected,,1,results/step06/raw/full/icarus/run_0014_offset_0832_count_0064.log
F0892,2,SA1,47,4,icarus,1,3,1,3,47,M1,00,10,640,960,valid,activated_detected,,1,results/step06/raw/full/icarus/run_0014_offset_0832_count_0064.log
F0893,2,SA1,47,5,icarus,1,3,1,3,47,M1,00,20,640,960,valid,activated_detected,,1,results/step06/raw/full/icarus/run_0014_offset_0832_count_0064.log
F0894,2,SA1,47,6,icarus,1,3,1,3,47,M1,00,40,640,960,valid,activated_detected,,1,results/step06/raw/full/icarus/run_0014_offset_0832_count_0064.log
F0895,2,SA1,47,7,icarus,1,3,1,3,47,M1,00,80,640,960,valid,activated_detected,,1,results/step06/raw/full/icarus/run_0014_offset_0832_count_0064.log
F0896,2,SA1,48,0,icarus,1,3,1,3,48,M1,00,01,640,960,valid,activated_detected,,1,results/step06/raw/full/icarus/run_0015_offset_0896_count_0064.log
F0897,2,SA1,48,1,icarus,1,3,1,3,48,M1,00,02,640,960,valid,activated_detected,,1,results/step06/raw/full/icarus/run_0015_offset_0896_count_0064.log
F0898,2,SA1,48,2,icarus,1,3,1,3,48,M1,00,04,640,960,valid,activated_detected,,1,results/step06/raw/full/icarus/run_0015_offset_0896_count_0064.log
F0899,2,SA1,48,3,icarus,1,3,1,3,48,M1,00,08,640,960,valid,activated_detected,,1,results/step06/raw/full/icarus/run_0015_offset_0896_count_0064.log
F0900,2,SA1,48,4,icarus,1,3,1,3,48,M1,00,10,640,960,valid,activated_detected,,1,results/step06/raw/full/icarus/run_0015_offset_0896_count_0064.log
F0901,2,SA1,48,5,icarus,1,3,1,3,48,M1,00,20,640,960,valid,activated_detected,,1,results/step06/raw/full/icarus/run_0015_offset_0896_count_0064.log
F0902,2,SA1,48,6,icarus,1,3,1,3,48,M1,00,40,640,960,valid,activated_detected,,1,results/step06/raw/full/icarus/run_0015_offset_0896_count_0064.log
F0903,2,SA1,48,7,icarus,1,3,1,3,48,M1,00,80,640,960,valid,activated_detected,,1,results/step06/raw/full/icarus/run_0015_offset_0896_count_0064.log
F0904,2,SA1,49,0,icarus,1,3,1,3,49,M1,00,01,640,960,valid,activated_detected,,1,results/step06/raw/full/icarus/run_0015_offset_0896_count_0064.log
F0905,2,SA1,49,1,icarus,1,3,1,3,49,M1,00,02,640,960,valid,activated_detected,,1,results/step06/raw/full/icarus/run_0015_offset_0896_count_0064.log
F0906,2,SA1,49,2,icarus,1,3,1,3,49,M1,00,04,640,960,valid,activated_detected,,1,results/step06/raw/full/icarus/run_0015_offset_0896_count_0064.log
F0907,2,SA1,49,3,icarus,1,3,1,3,49,M1,00,08,640,960,valid,activated_detected,,1,results/step06/raw/full/icarus/run_0015_offset_0896_count_0064.log
F0908,2,SA1,49,4,icarus,1,3,1,3,49,M1,00,10,640,960,valid,activated_detected,,1,results/step06/raw/full/icarus/run_0015_offset_0896_count_0064.log
F0909,2,SA1,49,5,icarus,1,3,1,3,49,M1,00,20,640,960,valid,activated_detected,,1,results/step06/raw/full/icarus/run_0015_offset_0896_count_0064.log
F0910,2,SA1,49,6,icarus,1,3,1,3,49,M1,00,40,640,960,valid,activated_detected,,1,results/step06/raw/full/icarus/run_0015_offset_0896_count_0064.log
F0911,2,SA1,49,7,icarus,1,3,1,3,49,M1,00,80,640,960,valid,activated_detected,,1,results/step06/raw/full/icarus/run_0015_offset_0896_count_0064.log
F0912,2,SA1,50,0,icarus,1,3,1,3,50,M1,00,01,640,960,valid,activated_detected,,1,results/step06/raw/full/icarus/run_0015_offset_0896_count_0064.log
F0913,2,SA1,50,1,icarus,1,3,1,3,50,M1,00,02,640,960,valid,activated_detected,,1,results/step06/raw/full/icarus/run_0015_offset_0896_count_0064.log
F0914,2,SA1,50,2,icarus,1,3,1,3,50,M1,00,04,640,960,valid,activated_detected,,1,results/step06/raw/full/icarus/run_0015_offset_0896_count_0064.log
F0915,2,SA1,50,3,icarus,1,3,1,3,50,M1,00,08,640,960,valid,activated_detected,,1,results/step06/raw/full/icarus/run_0015_offset_0896_count_0064.log
F0916,2,SA1,50,4,icarus,1,3,1,3,50,M1,00,10,640,960,valid,activated_detected,,1,results/step06/raw/full/icarus/run_0015_offset_0896_count_0064.log
F0917,2,SA1,50,5,icarus,1,3,1,3,50,M1,00,20,640,960,valid,activated_detected,,1,results/step06/raw/full/icarus/run_0015_offset_0896_count_0064.log
F0918,2,SA1,50,6,icarus,1,3,1,3,50,M1,00,40,640,960,valid,activated_detected,,1,results/step06/raw/full/icarus/run_0015_offset_0896_count_0064.log
F0919,2,SA1,50,7,icarus,1,3,1,3,50,M1,00,80,640,960,valid,activated_detected,,1,results/step06/raw/full/icarus/run_0015_offset_0896_count_0064.log
F0920,2,SA1,51,0,icarus,1,3,1,3,51,M1,00,01,640,960,valid,activated_detected,,1,results/step06/raw/full/icarus/run_0015_offset_0896_count_0064.log
F0921,2,SA1,51,1,icarus,1,3,1,3,51,M1,00,02,640,960,valid,activated_detected,,1,results/step06/raw/full/icarus/run_0015_offset_0896_count_0064.log
F0922,2,SA1,51,2,icarus,1,3,1,3,51,M1,00,04,640,960,valid,activated_detected,,1,results/step06/raw/full/icarus/run_0015_offset_0896_count_0064.log
F0923,2,SA1,51,3,icarus,1,3,1,3,51,M1,00,08,640,960,valid,activated_detected,,1,results/step06/raw/full/icarus/run_0015_offset_0896_count_0064.log
F0924,2,SA1,51,4,icarus,1,3,1,3,51,M1,00,10,640,960,valid,activated_detected,,1,results/step06/raw/full/icarus/run_0015_offset_0896_count_0064.log
F0925,2,SA1,51,5,icarus,1,3,1,3,51,M1,00,20,640,960,valid,activated_detected,,1,results/step06/raw/full/icarus/run_0015_offset_0896_count_0064.log
F0926,2,SA1,51,6,icarus,1,3,1,3,51,M1,00,40,640,960,valid,activated_detected,,1,results/step06/raw/full/icarus/run_0015_offset_0896_count_0064.log
F0927,2,SA1,51,7,icarus,1,3,1,3,51,M1,00,80,640,960,valid,activated_detected,,1,results/step06/raw/full/icarus/run_0015_offset_0896_count_0064.log
F0928,2,SA1,52,0,icarus,1,3,1,3,52,M1,00,01,640,960,valid,activated_detected,,1,results/step06/raw/full/icarus/run_0015_offset_0896_count_0064.log
F0929,2,SA1,52,1,icarus,1,3,1,3,52,M1,00,02,640,960,valid,activated_detected,,1,results/step06/raw/full/icarus/run_0015_offset_0896_count_0064.log
F0930,2,SA1,52,2,icarus,1,3,1,3,52,M1,00,04,640,960,valid,activated_detected,,1,results/step06/raw/full/icarus/run_0015_offset_0896_count_0064.log
F0931,2,SA1,52,3,icarus,1,3,1,3,52,M1,00,08,640,960,valid,activated_detected,,1,results/step06/raw/full/icarus/run_0015_offset_0896_count_0064.log
F0932,2,SA1,52,4,icarus,1,3,1,3,52,M1,00,10,640,960,valid,activated_detected,,1,results/step06/raw/full/icarus/run_0015_offset_0896_count_0064.log
F0933,2,SA1,52,5,icarus,1,3,1,3,52,M1,00,20,640,960,valid,activated_detected,,1,results/step06/raw/full/icarus/run_0015_offset_0896_count_0064.log
F0934,2,SA1,52,6,icarus,1,3,1,3,52,M1,00,40,640,960,valid,activated_detected,,1,results/step06/raw/full/icarus/run_0015_offset_0896_count_0064.log
F0935,2,SA1,52,7,icarus,1,3,1,3,52,M1,00,80,640,960,valid,activated_detected,,1,results/step06/raw/full/icarus/run_0015_offset_0896_count_0064.log
F0936,2,SA1,53,0,icarus,1,3,1,3,53,M1,00,01,640,960,valid,activated_detected,,1,results/step06/raw/full/icarus/run_0015_offset_0896_count_0064.log
F0937,2,SA1,53,1,icarus,1,3,1,3,53,M1,00,02,640,960,valid,activated_detected,,1,results/step06/raw/full/icarus/run_0015_offset_0896_count_0064.log
F0938,2,SA1,53,2,icarus,1,3,1,3,53,M1,00,04,640,960,valid,activated_detected,,1,results/step06/raw/full/icarus/run_0015_offset_0896_count_0064.log
F0939,2,SA1,53,3,icarus,1,3,1,3,53,M1,00,08,640,960,valid,activated_detected,,1,results/step06/raw/full/icarus/run_0015_offset_0896_count_0064.log
F0940,2,SA1,53,4,icarus,1,3,1,3,53,M1,00,10,640,960,valid,activated_detected,,1,results/step06/raw/full/icarus/run_0015_offset_0896_count_0064.log
F0941,2,SA1,53,5,icarus,1,3,1,3,53,M1,00,20,640,960,valid,activated_detected,,1,results/step06/raw/full/icarus/run_0015_offset_0896_count_0064.log
F0942,2,SA1,53,6,icarus,1,3,1,3,53,M1,00,40,640,960,valid,activated_detected,,1,results/step06/raw/full/icarus/run_0015_offset_0896_count_0064.log
F0943,2,SA1,53,7,icarus,1,3,1,3,53,M1,00,80,640,960,valid,activated_detected,,1,results/step06/raw/full/icarus/run_0015_offset_0896_count_0064.log
F0944,2,SA1,54,0,icarus,1,3,1,3,54,M1,00,01,640,960,valid,activated_detected,,1,results/step06/raw/full/icarus/run_0015_offset_0896_count_0064.log
F0945,2,SA1,54,1,icarus,1,3,1,3,54,M1,00,02,640,960,valid,activated_detected,,1,results/step06/raw/full/icarus/run_0015_offset_0896_count_0064.log
F0946,2,SA1,54,2,icarus,1,3,1,3,54,M1,00,04,640,960,valid,activated_detected,,1,results/step06/raw/full/icarus/run_0015_offset_0896_count_0064.log
F0947,2,SA1,54,3,icarus,1,3,1,3,54,M1,00,08,640,960,valid,activated_detected,,1,results/step06/raw/full/icarus/run_0015_offset_0896_count_0064.log
F0948,2,SA1,54,4,icarus,1,3,1,3,54,M1,00,10,640,960,valid,activated_detected,,1,results/step06/raw/full/icarus/run_0015_offset_0896_count_0064.log
F0949,2,SA1,54,5,icarus,1,3,1,3,54,M1,00,20,640,960,valid,activated_detected,,1,results/step06/raw/full/icarus/run_0015_offset_0896_count_0064.log
F0950,2,SA1,54,6,icarus,1,3,1,3,54,M1,00,40,640,960,valid,activated_detected,,1,results/step06/raw/full/icarus/run_0015_offset_0896_count_0064.log
F0951,2,SA1,54,7,icarus,1,3,1,3,54,M1,00,80,640,960,valid,activated_detected,,1,results/step06/raw/full/icarus/run_0015_offset_0896_count_0064.log
F0952,2,SA1,55,0,icarus,1,3,1,3,55,M1,00,01,640,960,valid,activated_detected,,1,results/step06/raw/full/icarus/run_0015_offset_0896_count_0064.log
F0953,2,SA1,55,1,icarus,1,3,1,3,55,M1,00,02,640,960,valid,activated_detected,,1,results/step06/raw/full/icarus/run_0015_offset_0896_count_0064.log
F0954,2,SA1,55,2,icarus,1,3,1,3,55,M1,00,04,640,960,valid,activated_detected,,1,results/step06/raw/full/icarus/run_0015_offset_0896_count_0064.log
F0955,2,SA1,55,3,icarus,1,3,1,3,55,M1,00,08,640,960,valid,activated_detected,,1,results/step06/raw/full/icarus/run_0015_offset_0896_count_0064.log
F0956,2,SA1,55,4,icarus,1,3,1,3,55,M1,00,10,640,960,valid,activated_detected,,1,results/step06/raw/full/icarus/run_0015_offset_0896_count_0064.log
F0957,2,SA1,55,5,icarus,1,3,1,3,55,M1,00,20,640,960,valid,activated_detected,,1,results/step06/raw/full/icarus/run_0015_offset_0896_count_0064.log
F0958,2,SA1,55,6,icarus,1,3,1,3,55,M1,00,40,640,960,valid,activated_detected,,1,results/step06/raw/full/icarus/run_0015_offset_0896_count_0064.log
F0959,2,SA1,55,7,icarus,1,3,1,3,55,M1,00,80,640,960,valid,activated_detected,,1,results/step06/raw/full/icarus/run_0015_offset_0896_count_0064.log
F0960,2,SA1,56,0,icarus,1,3,1,3,56,M1,00,01,640,960,valid,activated_detected,,1,results/step06/raw/full/icarus/run_0016_offset_0960_count_0064.log
F0961,2,SA1,56,1,icarus,1,3,1,3,56,M1,00,02,640,960,valid,activated_detected,,1,results/step06/raw/full/icarus/run_0016_offset_0960_count_0064.log
F0962,2,SA1,56,2,icarus,1,3,1,3,56,M1,00,04,640,960,valid,activated_detected,,1,results/step06/raw/full/icarus/run_0016_offset_0960_count_0064.log
F0963,2,SA1,56,3,icarus,1,3,1,3,56,M1,00,08,640,960,valid,activated_detected,,1,results/step06/raw/full/icarus/run_0016_offset_0960_count_0064.log
F0964,2,SA1,56,4,icarus,1,3,1,3,56,M1,00,10,640,960,valid,activated_detected,,1,results/step06/raw/full/icarus/run_0016_offset_0960_count_0064.log
F0965,2,SA1,56,5,icarus,1,3,1,3,56,M1,00,20,640,960,valid,activated_detected,,1,results/step06/raw/full/icarus/run_0016_offset_0960_count_0064.log
F0966,2,SA1,56,6,icarus,1,3,1,3,56,M1,00,40,640,960,valid,activated_detected,,1,results/step06/raw/full/icarus/run_0016_offset_0960_count_0064.log
F0967,2,SA1,56,7,icarus,1,3,1,3,56,M1,00,80,640,960,valid,activated_detected,,1,results/step06/raw/full/icarus/run_0016_offset_0960_count_0064.log
F0968,2,SA1,57,0,icarus,1,3,1,3,57,M1,00,01,640,960,valid,activated_detected,,1,results/step06/raw/full/icarus/run_0016_offset_0960_count_0064.log
F0969,2,SA1,57,1,icarus,1,3,1,3,57,M1,00,02,640,960,valid,activated_detected,,1,results/step06/raw/full/icarus/run_0016_offset_0960_count_0064.log
F0970,2,SA1,57,2,icarus,1,3,1,3,57,M1,00,04,640,960,valid,activated_detected,,1,results/step06/raw/full/icarus/run_0016_offset_0960_count_0064.log
F0971,2,SA1,57,3,icarus,1,3,1,3,57,M1,00,08,640,960,valid,activated_detected,,1,results/step06/raw/full/icarus/run_0016_offset_0960_count_0064.log
F0972,2,SA1,57,4,icarus,1,3,1,3,57,M1,00,10,640,960,valid,activated_detected,,1,results/step06/raw/full/icarus/run_0016_offset_0960_count_0064.log
F0973,2,SA1,57,5,icarus,1,3,1,3,57,M1,00,20,640,960,valid,activated_detected,,1,results/step06/raw/full/icarus/run_0016_offset_0960_count_0064.log
F0974,2,SA1,57,6,icarus,1,3,1,3,57,M1,00,40,640,960,valid,activated_detected,,1,results/step06/raw/full/icarus/run_0016_offset_0960_count_0064.log
F0975,2,SA1,57,7,icarus,1,3,1,3,57,M1,00,80,640,960,valid,activated_detected,,1,results/step06/raw/full/icarus/run_0016_offset_0960_count_0064.log
F0976,2,SA1,58,0,icarus,1,3,1,3,58,M1,00,01,640,960,valid,activated_detected,,1,results/step06/raw/full/icarus/run_0016_offset_0960_count_0064.log
F0977,2,SA1,58,1,icarus,1,3,1,3,58,M1,00,02,640,960,valid,activated_detected,,1,results/step06/raw/full/icarus/run_0016_offset_0960_count_0064.log
F0978,2,SA1,58,2,icarus,1,3,1,3,58,M1,00,04,640,960,valid,activated_detected,,1,results/step06/raw/full/icarus/run_0016_offset_0960_count_0064.log
F0979,2,SA1,58,3,icarus,1,3,1,3,58,M1,00,08,640,960,valid,activated_detected,,1,results/step06/raw/full/icarus/run_0016_offset_0960_count_0064.log
F0980,2,SA1,58,4,icarus,1,3,1,3,58,M1,00,10,640,960,valid,activated_detected,,1,results/step06/raw/full/icarus/run_0016_offset_0960_count_0064.log
F0981,2,SA1,58,5,icarus,1,3,1,3,58,M1,00,20,640,960,valid,activated_detected,,1,results/step06/raw/full/icarus/run_0016_offset_0960_count_0064.log
F0982,2,SA1,58,6,icarus,1,3,1,3,58,M1,00,40,640,960,valid,activated_detected,,1,results/step06/raw/full/icarus/run_0016_offset_0960_count_0064.log
F0983,2,SA1,58,7,icarus,1,3,1,3,58,M1,00,80,640,960,valid,activated_detected,,1,results/step06/raw/full/icarus/run_0016_offset_0960_count_0064.log
F0984,2,SA1,59,0,icarus,1,3,1,3,59,M1,00,01,640,960,valid,activated_detected,,1,results/step06/raw/full/icarus/run_0016_offset_0960_count_0064.log
F0985,2,SA1,59,1,icarus,1,3,1,3,59,M1,00,02,640,960,valid,activated_detected,,1,results/step06/raw/full/icarus/run_0016_offset_0960_count_0064.log
F0986,2,SA1,59,2,icarus,1,3,1,3,59,M1,00,04,640,960,valid,activated_detected,,1,results/step06/raw/full/icarus/run_0016_offset_0960_count_0064.log
F0987,2,SA1,59,3,icarus,1,3,1,3,59,M1,00,08,640,960,valid,activated_detected,,1,results/step06/raw/full/icarus/run_0016_offset_0960_count_0064.log
F0988,2,SA1,59,4,icarus,1,3,1,3,59,M1,00,10,640,960,valid,activated_detected,,1,results/step06/raw/full/icarus/run_0016_offset_0960_count_0064.log
F0989,2,SA1,59,5,icarus,1,3,1,3,59,M1,00,20,640,960,valid,activated_detected,,1,results/step06/raw/full/icarus/run_0016_offset_0960_count_0064.log
F0990,2,SA1,59,6,icarus,1,3,1,3,59,M1,00,40,640,960,valid,activated_detected,,1,results/step06/raw/full/icarus/run_0016_offset_0960_count_0064.log
F0991,2,SA1,59,7,icarus,1,3,1,3,59,M1,00,80,640,960,valid,activated_detected,,1,results/step06/raw/full/icarus/run_0016_offset_0960_count_0064.log
F0992,2,SA1,60,0,icarus,1,3,1,3,60,M1,00,01,640,960,valid,activated_detected,,1,results/step06/raw/full/icarus/run_0016_offset_0960_count_0064.log
F0993,2,SA1,60,1,icarus,1,3,1,3,60,M1,00,02,640,960,valid,activated_detected,,1,results/step06/raw/full/icarus/run_0016_offset_0960_count_0064.log
F0994,2,SA1,60,2,icarus,1,3,1,3,60,M1,00,04,640,960,valid,activated_detected,,1,results/step06/raw/full/icarus/run_0016_offset_0960_count_0064.log
F0995,2,SA1,60,3,icarus,1,3,1,3,60,M1,00,08,640,960,valid,activated_detected,,1,results/step06/raw/full/icarus/run_0016_offset_0960_count_0064.log
F0996,2,SA1,60,4,icarus,1,3,1,3,60,M1,00,10,640,960,valid,activated_detected,,1,results/step06/raw/full/icarus/run_0016_offset_0960_count_0064.log
F0997,2,SA1,60,5,icarus,1,3,1,3,60,M1,00,20,640,960,valid,activated_detected,,1,results/step06/raw/full/icarus/run_0016_offset_0960_count_0064.log
F0998,2,SA1,60,6,icarus,1,3,1,3,60,M1,00,40,640,960,valid,activated_detected,,1,results/step06/raw/full/icarus/run_0016_offset_0960_count_0064.log
F0999,2,SA1,60,7,icarus,1,3,1,3,60,M1,00,80,640,960,valid,activated_detected,,1,results/step06/raw/full/icarus/run_0016_offset_0960_count_0064.log
F1000,2,SA1,61,0,icarus,1,3,1,3,61,M1,00,01,640,960,valid,activated_detected,,1,results/step06/raw/full/icarus/run_0016_offset_0960_count_0064.log
F1001,2,SA1,61,1,icarus,1,3,1,3,61,M1,00,02,640,960,valid,activated_detected,,1,results/step06/raw/full/icarus/run_0016_offset_0960_count_0064.log
F1002,2,SA1,61,2,icarus,1,3,1,3,61,M1,00,04,640,960,valid,activated_detected,,1,results/step06/raw/full/icarus/run_0016_offset_0960_count_0064.log
F1003,2,SA1,61,3,icarus,1,3,1,3,61,M1,00,08,640,960,valid,activated_detected,,1,results/step06/raw/full/icarus/run_0016_offset_0960_count_0064.log
F1004,2,SA1,61,4,icarus,1,3,1,3,61,M1,00,10,640,960,valid,activated_detected,,1,results/step06/raw/full/icarus/run_0016_offset_0960_count_0064.log
F1005,2,SA1,61,5,icarus,1,3,1,3,61,M1,00,20,640,960,valid,activated_detected,,1,results/step06/raw/full/icarus/run_0016_offset_0960_count_0064.log
F1006,2,SA1,61,6,icarus,1,3,1,3,61,M1,00,40,640,960,valid,activated_detected,,1,results/step06/raw/full/icarus/run_0016_offset_0960_count_0064.log
F1007,2,SA1,61,7,icarus,1,3,1,3,61,M1,00,80,640,960,valid,activated_detected,,1,results/step06/raw/full/icarus/run_0016_offset_0960_count_0064.log
F1008,2,SA1,62,0,icarus,1,3,1,3,62,M1,00,01,640,960,valid,activated_detected,,1,results/step06/raw/full/icarus/run_0016_offset_0960_count_0064.log
F1009,2,SA1,62,1,icarus,1,3,1,3,62,M1,00,02,640,960,valid,activated_detected,,1,results/step06/raw/full/icarus/run_0016_offset_0960_count_0064.log
F1010,2,SA1,62,2,icarus,1,3,1,3,62,M1,00,04,640,960,valid,activated_detected,,1,results/step06/raw/full/icarus/run_0016_offset_0960_count_0064.log
F1011,2,SA1,62,3,icarus,1,3,1,3,62,M1,00,08,640,960,valid,activated_detected,,1,results/step06/raw/full/icarus/run_0016_offset_0960_count_0064.log
F1012,2,SA1,62,4,icarus,1,3,1,3,62,M1,00,10,640,960,valid,activated_detected,,1,results/step06/raw/full/icarus/run_0016_offset_0960_count_0064.log
F1013,2,SA1,62,5,icarus,1,3,1,3,62,M1,00,20,640,960,valid,activated_detected,,1,results/step06/raw/full/icarus/run_0016_offset_0960_count_0064.log
F1014,2,SA1,62,6,icarus,1,3,1,3,62,M1,00,40,640,960,valid,activated_detected,,1,results/step06/raw/full/icarus/run_0016_offset_0960_count_0064.log
F1015,2,SA1,62,7,icarus,1,3,1,3,62,M1,00,80,640,960,valid,activated_detected,,1,results/step06/raw/full/icarus/run_0016_offset_0960_count_0064.log
F1016,2,SA1,63,0,icarus,1,3,1,3,63,M1,00,01,640,960,valid,activated_detected,,1,results/step06/raw/full/icarus/run_0016_offset_0960_count_0064.log
F1017,2,SA1,63,1,icarus,1,3,1,3,63,M1,00,02,640,960,valid,activated_detected,,1,results/step06/raw/full/icarus/run_0016_offset_0960_count_0064.log
F1018,2,SA1,63,2,icarus,1,3,1,3,63,M1,00,04,640,960,valid,activated_detected,,1,results/step06/raw/full/icarus/run_0016_offset_0960_count_0064.log
F1019,2,SA1,63,3,icarus,1,3,1,3,63,M1,00,08,640,960,valid,activated_detected,,1,results/step06/raw/full/icarus/run_0016_offset_0960_count_0064.log
F1020,2,SA1,63,4,icarus,1,3,1,3,63,M1,00,10,640,960,valid,activated_detected,,1,results/step06/raw/full/icarus/run_0016_offset_0960_count_0064.log
F1021,2,SA1,63,5,icarus,1,3,1,3,63,M1,00,20,640,960,valid,activated_detected,,1,results/step06/raw/full/icarus/run_0016_offset_0960_count_0064.log
F1022,2,SA1,63,6,icarus,1,3,1,3,63,M1,00,40,640,960,valid,activated_detected,,1,results/step06/raw/full/icarus/run_0016_offset_0960_count_0064.log
F1023,2,SA1,63,7,icarus,1,3,1,3,63,M1,00,80,640,960,valid,activated_detected,,1,results/step06/raw/full/icarus/run_0016_offset_0960_count_0064.log
F1024,3,Rising_TF,0,0,icarus,1,2,1,2,0,M2,FF,FE,640,960,valid,activated_detected,,1,results/step06/raw/full/icarus/run_0017_offset_1024_count_0064.log
F1025,3,Rising_TF,0,1,icarus,1,2,1,2,0,M2,FF,FD,640,960,valid,activated_detected,,1,results/step06/raw/full/icarus/run_0017_offset_1024_count_0064.log
F1026,3,Rising_TF,0,2,icarus,1,2,1,2,0,M2,FF,FB,640,960,valid,activated_detected,,1,results/step06/raw/full/icarus/run_0017_offset_1024_count_0064.log
F1027,3,Rising_TF,0,3,icarus,1,2,1,2,0,M2,FF,F7,640,960,valid,activated_detected,,1,results/step06/raw/full/icarus/run_0017_offset_1024_count_0064.log
F1028,3,Rising_TF,0,4,icarus,1,2,1,2,0,M2,FF,EF,640,960,valid,activated_detected,,1,results/step06/raw/full/icarus/run_0017_offset_1024_count_0064.log
F1029,3,Rising_TF,0,5,icarus,1,2,1,2,0,M2,FF,DF,640,960,valid,activated_detected,,1,results/step06/raw/full/icarus/run_0017_offset_1024_count_0064.log
F1030,3,Rising_TF,0,6,icarus,1,2,1,2,0,M2,FF,BF,640,960,valid,activated_detected,,1,results/step06/raw/full/icarus/run_0017_offset_1024_count_0064.log
F1031,3,Rising_TF,0,7,icarus,1,2,1,2,0,M2,FF,7F,640,960,valid,activated_detected,,1,results/step06/raw/full/icarus/run_0017_offset_1024_count_0064.log
F1032,3,Rising_TF,1,0,icarus,1,2,1,2,1,M2,FF,FE,640,960,valid,activated_detected,,1,results/step06/raw/full/icarus/run_0017_offset_1024_count_0064.log
F1033,3,Rising_TF,1,1,icarus,1,2,1,2,1,M2,FF,FD,640,960,valid,activated_detected,,1,results/step06/raw/full/icarus/run_0017_offset_1024_count_0064.log
F1034,3,Rising_TF,1,2,icarus,1,2,1,2,1,M2,FF,FB,640,960,valid,activated_detected,,1,results/step06/raw/full/icarus/run_0017_offset_1024_count_0064.log
F1035,3,Rising_TF,1,3,icarus,1,2,1,2,1,M2,FF,F7,640,960,valid,activated_detected,,1,results/step06/raw/full/icarus/run_0017_offset_1024_count_0064.log
F1036,3,Rising_TF,1,4,icarus,1,2,1,2,1,M2,FF,EF,640,960,valid,activated_detected,,1,results/step06/raw/full/icarus/run_0017_offset_1024_count_0064.log
F1037,3,Rising_TF,1,5,icarus,1,2,1,2,1,M2,FF,DF,640,960,valid,activated_detected,,1,results/step06/raw/full/icarus/run_0017_offset_1024_count_0064.log
F1038,3,Rising_TF,1,6,icarus,1,2,1,2,1,M2,FF,BF,640,960,valid,activated_detected,,1,results/step06/raw/full/icarus/run_0017_offset_1024_count_0064.log
F1039,3,Rising_TF,1,7,icarus,1,2,1,2,1,M2,FF,7F,640,960,valid,activated_detected,,1,results/step06/raw/full/icarus/run_0017_offset_1024_count_0064.log
F1040,3,Rising_TF,2,0,icarus,1,2,1,2,2,M2,FF,FE,640,960,valid,activated_detected,,1,results/step06/raw/full/icarus/run_0017_offset_1024_count_0064.log
F1041,3,Rising_TF,2,1,icarus,1,2,1,2,2,M2,FF,FD,640,960,valid,activated_detected,,1,results/step06/raw/full/icarus/run_0017_offset_1024_count_0064.log
F1042,3,Rising_TF,2,2,icarus,1,2,1,2,2,M2,FF,FB,640,960,valid,activated_detected,,1,results/step06/raw/full/icarus/run_0017_offset_1024_count_0064.log
F1043,3,Rising_TF,2,3,icarus,1,2,1,2,2,M2,FF,F7,640,960,valid,activated_detected,,1,results/step06/raw/full/icarus/run_0017_offset_1024_count_0064.log
F1044,3,Rising_TF,2,4,icarus,1,2,1,2,2,M2,FF,EF,640,960,valid,activated_detected,,1,results/step06/raw/full/icarus/run_0017_offset_1024_count_0064.log
F1045,3,Rising_TF,2,5,icarus,1,2,1,2,2,M2,FF,DF,640,960,valid,activated_detected,,1,results/step06/raw/full/icarus/run_0017_offset_1024_count_0064.log
F1046,3,Rising_TF,2,6,icarus,1,2,1,2,2,M2,FF,BF,640,960,valid,activated_detected,,1,results/step06/raw/full/icarus/run_0017_offset_1024_count_0064.log
F1047,3,Rising_TF,2,7,icarus,1,2,1,2,2,M2,FF,7F,640,960,valid,activated_detected,,1,results/step06/raw/full/icarus/run_0017_offset_1024_count_0064.log
F1048,3,Rising_TF,3,0,icarus,1,2,1,2,3,M2,FF,FE,640,960,valid,activated_detected,,1,results/step06/raw/full/icarus/run_0017_offset_1024_count_0064.log
F1049,3,Rising_TF,3,1,icarus,1,2,1,2,3,M2,FF,FD,640,960,valid,activated_detected,,1,results/step06/raw/full/icarus/run_0017_offset_1024_count_0064.log
F1050,3,Rising_TF,3,2,icarus,1,2,1,2,3,M2,FF,FB,640,960,valid,activated_detected,,1,results/step06/raw/full/icarus/run_0017_offset_1024_count_0064.log
F1051,3,Rising_TF,3,3,icarus,1,2,1,2,3,M2,FF,F7,640,960,valid,activated_detected,,1,results/step06/raw/full/icarus/run_0017_offset_1024_count_0064.log
F1052,3,Rising_TF,3,4,icarus,1,2,1,2,3,M2,FF,EF,640,960,valid,activated_detected,,1,results/step06/raw/full/icarus/run_0017_offset_1024_count_0064.log
F1053,3,Rising_TF,3,5,icarus,1,2,1,2,3,M2,FF,DF,640,960,valid,activated_detected,,1,results/step06/raw/full/icarus/run_0017_offset_1024_count_0064.log
F1054,3,Rising_TF,3,6,icarus,1,2,1,2,3,M2,FF,BF,640,960,valid,activated_detected,,1,results/step06/raw/full/icarus/run_0017_offset_1024_count_0064.log
F1055,3,Rising_TF,3,7,icarus,1,2,1,2,3,M2,FF,7F,640,960,valid,activated_detected,,1,results/step06/raw/full/icarus/run_0017_offset_1024_count_0064.log
F1056,3,Rising_TF,4,0,icarus,1,2,1,2,4,M2,FF,FE,640,960,valid,activated_detected,,1,results/step06/raw/full/icarus/run_0017_offset_1024_count_0064.log
F1057,3,Rising_TF,4,1,icarus,1,2,1,2,4,M2,FF,FD,640,960,valid,activated_detected,,1,results/step06/raw/full/icarus/run_0017_offset_1024_count_0064.log
F1058,3,Rising_TF,4,2,icarus,1,2,1,2,4,M2,FF,FB,640,960,valid,activated_detected,,1,results/step06/raw/full/icarus/run_0017_offset_1024_count_0064.log
F1059,3,Rising_TF,4,3,icarus,1,2,1,2,4,M2,FF,F7,640,960,valid,activated_detected,,1,results/step06/raw/full/icarus/run_0017_offset_1024_count_0064.log
F1060,3,Rising_TF,4,4,icarus,1,2,1,2,4,M2,FF,EF,640,960,valid,activated_detected,,1,results/step06/raw/full/icarus/run_0017_offset_1024_count_0064.log
F1061,3,Rising_TF,4,5,icarus,1,2,1,2,4,M2,FF,DF,640,960,valid,activated_detected,,1,results/step06/raw/full/icarus/run_0017_offset_1024_count_0064.log
F1062,3,Rising_TF,4,6,icarus,1,2,1,2,4,M2,FF,BF,640,960,valid,activated_detected,,1,results/step06/raw/full/icarus/run_0017_offset_1024_count_0064.log
F1063,3,Rising_TF,4,7,icarus,1,2,1,2,4,M2,FF,7F,640,960,valid,activated_detected,,1,results/step06/raw/full/icarus/run_0017_offset_1024_count_0064.log
F1064,3,Rising_TF,5,0,icarus,1,2,1,2,5,M2,FF,FE,640,960,valid,activated_detected,,1,results/step06/raw/full/icarus/run_0017_offset_1024_count_0064.log
F1065,3,Rising_TF,5,1,icarus,1,2,1,2,5,M2,FF,FD,640,960,valid,activated_detected,,1,results/step06/raw/full/icarus/run_0017_offset_1024_count_0064.log
F1066,3,Rising_TF,5,2,icarus,1,2,1,2,5,M2,FF,FB,640,960,valid,activated_detected,,1,results/step06/raw/full/icarus/run_0017_offset_1024_count_0064.log
F1067,3,Rising_TF,5,3,icarus,1,2,1,2,5,M2,FF,F7,640,960,valid,activated_detected,,1,results/step06/raw/full/icarus/run_0017_offset_1024_count_0064.log
F1068,3,Rising_TF,5,4,icarus,1,2,1,2,5,M2,FF,EF,640,960,valid,activated_detected,,1,results/step06/raw/full/icarus/run_0017_offset_1024_count_0064.log
F1069,3,Rising_TF,5,5,icarus,1,2,1,2,5,M2,FF,DF,640,960,valid,activated_detected,,1,results/step06/raw/full/icarus/run_0017_offset_1024_count_0064.log
F1070,3,Rising_TF,5,6,icarus,1,2,1,2,5,M2,FF,BF,640,960,valid,activated_detected,,1,results/step06/raw/full/icarus/run_0017_offset_1024_count_0064.log
F1071,3,Rising_TF,5,7,icarus,1,2,1,2,5,M2,FF,7F,640,960,valid,activated_detected,,1,results/step06/raw/full/icarus/run_0017_offset_1024_count_0064.log
F1072,3,Rising_TF,6,0,icarus,1,2,1,2,6,M2,FF,FE,640,960,valid,activated_detected,,1,results/step06/raw/full/icarus/run_0017_offset_1024_count_0064.log
F1073,3,Rising_TF,6,1,icarus,1,2,1,2,6,M2,FF,FD,640,960,valid,activated_detected,,1,results/step06/raw/full/icarus/run_0017_offset_1024_count_0064.log
F1074,3,Rising_TF,6,2,icarus,1,2,1,2,6,M2,FF,FB,640,960,valid,activated_detected,,1,results/step06/raw/full/icarus/run_0017_offset_1024_count_0064.log
F1075,3,Rising_TF,6,3,icarus,1,2,1,2,6,M2,FF,F7,640,960,valid,activated_detected,,1,results/step06/raw/full/icarus/run_0017_offset_1024_count_0064.log
F1076,3,Rising_TF,6,4,icarus,1,2,1,2,6,M2,FF,EF,640,960,valid,activated_detected,,1,results/step06/raw/full/icarus/run_0017_offset_1024_count_0064.log
F1077,3,Rising_TF,6,5,icarus,1,2,1,2,6,M2,FF,DF,640,960,valid,activated_detected,,1,results/step06/raw/full/icarus/run_0017_offset_1024_count_0064.log
F1078,3,Rising_TF,6,6,icarus,1,2,1,2,6,M2,FF,BF,640,960,valid,activated_detected,,1,results/step06/raw/full/icarus/run_0017_offset_1024_count_0064.log
F1079,3,Rising_TF,6,7,icarus,1,2,1,2,6,M2,FF,7F,640,960,valid,activated_detected,,1,results/step06/raw/full/icarus/run_0017_offset_1024_count_0064.log
F1080,3,Rising_TF,7,0,icarus,1,2,1,2,7,M2,FF,FE,640,960,valid,activated_detected,,1,results/step06/raw/full/icarus/run_0017_offset_1024_count_0064.log
F1081,3,Rising_TF,7,1,icarus,1,2,1,2,7,M2,FF,FD,640,960,valid,activated_detected,,1,results/step06/raw/full/icarus/run_0017_offset_1024_count_0064.log
F1082,3,Rising_TF,7,2,icarus,1,2,1,2,7,M2,FF,FB,640,960,valid,activated_detected,,1,results/step06/raw/full/icarus/run_0017_offset_1024_count_0064.log
F1083,3,Rising_TF,7,3,icarus,1,2,1,2,7,M2,FF,F7,640,960,valid,activated_detected,,1,results/step06/raw/full/icarus/run_0017_offset_1024_count_0064.log
F1084,3,Rising_TF,7,4,icarus,1,2,1,2,7,M2,FF,EF,640,960,valid,activated_detected,,1,results/step06/raw/full/icarus/run_0017_offset_1024_count_0064.log
F1085,3,Rising_TF,7,5,icarus,1,2,1,2,7,M2,FF,DF,640,960,valid,activated_detected,,1,results/step06/raw/full/icarus/run_0017_offset_1024_count_0064.log
F1086,3,Rising_TF,7,6,icarus,1,2,1,2,7,M2,FF,BF,640,960,valid,activated_detected,,1,results/step06/raw/full/icarus/run_0017_offset_1024_count_0064.log
F1087,3,Rising_TF,7,7,icarus,1,2,1,2,7,M2,FF,7F,640,960,valid,activated_detected,,1,results/step06/raw/full/icarus/run_0017_offset_1024_count_0064.log
F1088,3,Rising_TF,8,0,icarus,1,2,1,2,8,M2,FF,FE,640,960,valid,activated_detected,,1,results/step06/raw/full/icarus/run_0018_offset_1088_count_0064.log
F1089,3,Rising_TF,8,1,icarus,1,2,1,2,8,M2,FF,FD,640,960,valid,activated_detected,,1,results/step06/raw/full/icarus/run_0018_offset_1088_count_0064.log
F1090,3,Rising_TF,8,2,icarus,1,2,1,2,8,M2,FF,FB,640,960,valid,activated_detected,,1,results/step06/raw/full/icarus/run_0018_offset_1088_count_0064.log
F1091,3,Rising_TF,8,3,icarus,1,2,1,2,8,M2,FF,F7,640,960,valid,activated_detected,,1,results/step06/raw/full/icarus/run_0018_offset_1088_count_0064.log
F1092,3,Rising_TF,8,4,icarus,1,2,1,2,8,M2,FF,EF,640,960,valid,activated_detected,,1,results/step06/raw/full/icarus/run_0018_offset_1088_count_0064.log
F1093,3,Rising_TF,8,5,icarus,1,2,1,2,8,M2,FF,DF,640,960,valid,activated_detected,,1,results/step06/raw/full/icarus/run_0018_offset_1088_count_0064.log
F1094,3,Rising_TF,8,6,icarus,1,2,1,2,8,M2,FF,BF,640,960,valid,activated_detected,,1,results/step06/raw/full/icarus/run_0018_offset_1088_count_0064.log
F1095,3,Rising_TF,8,7,icarus,1,2,1,2,8,M2,FF,7F,640,960,valid,activated_detected,,1,results/step06/raw/full/icarus/run_0018_offset_1088_count_0064.log
F1096,3,Rising_TF,9,0,icarus,1,2,1,2,9,M2,FF,FE,640,960,valid,activated_detected,,1,results/step06/raw/full/icarus/run_0018_offset_1088_count_0064.log
F1097,3,Rising_TF,9,1,icarus,1,2,1,2,9,M2,FF,FD,640,960,valid,activated_detected,,1,results/step06/raw/full/icarus/run_0018_offset_1088_count_0064.log
F1098,3,Rising_TF,9,2,icarus,1,2,1,2,9,M2,FF,FB,640,960,valid,activated_detected,,1,results/step06/raw/full/icarus/run_0018_offset_1088_count_0064.log
F1099,3,Rising_TF,9,3,icarus,1,2,1,2,9,M2,FF,F7,640,960,valid,activated_detected,,1,results/step06/raw/full/icarus/run_0018_offset_1088_count_0064.log
F1100,3,Rising_TF,9,4,icarus,1,2,1,2,9,M2,FF,EF,640,960,valid,activated_detected,,1,results/step06/raw/full/icarus/run_0018_offset_1088_count_0064.log
F1101,3,Rising_TF,9,5,icarus,1,2,1,2,9,M2,FF,DF,640,960,valid,activated_detected,,1,results/step06/raw/full/icarus/run_0018_offset_1088_count_0064.log
F1102,3,Rising_TF,9,6,icarus,1,2,1,2,9,M2,FF,BF,640,960,valid,activated_detected,,1,results/step06/raw/full/icarus/run_0018_offset_1088_count_0064.log
F1103,3,Rising_TF,9,7,icarus,1,2,1,2,9,M2,FF,7F,640,960,valid,activated_detected,,1,results/step06/raw/full/icarus/run_0018_offset_1088_count_0064.log
F1104,3,Rising_TF,10,0,icarus,1,2,1,2,10,M2,FF,FE,640,960,valid,activated_detected,,1,results/step06/raw/full/icarus/run_0018_offset_1088_count_0064.log
F1105,3,Rising_TF,10,1,icarus,1,2,1,2,10,M2,FF,FD,640,960,valid,activated_detected,,1,results/step06/raw/full/icarus/run_0018_offset_1088_count_0064.log
F1106,3,Rising_TF,10,2,icarus,1,2,1,2,10,M2,FF,FB,640,960,valid,activated_detected,,1,results/step06/raw/full/icarus/run_0018_offset_1088_count_0064.log
F1107,3,Rising_TF,10,3,icarus,1,2,1,2,10,M2,FF,F7,640,960,valid,activated_detected,,1,results/step06/raw/full/icarus/run_0018_offset_1088_count_0064.log
F1108,3,Rising_TF,10,4,icarus,1,2,1,2,10,M2,FF,EF,640,960,valid,activated_detected,,1,results/step06/raw/full/icarus/run_0018_offset_1088_count_0064.log
F1109,3,Rising_TF,10,5,icarus,1,2,1,2,10,M2,FF,DF,640,960,valid,activated_detected,,1,results/step06/raw/full/icarus/run_0018_offset_1088_count_0064.log
F1110,3,Rising_TF,10,6,icarus,1,2,1,2,10,M2,FF,BF,640,960,valid,activated_detected,,1,results/step06/raw/full/icarus/run_0018_offset_1088_count_0064.log
F1111,3,Rising_TF,10,7,icarus,1,2,1,2,10,M2,FF,7F,640,960,valid,activated_detected,,1,results/step06/raw/full/icarus/run_0018_offset_1088_count_0064.log
F1112,3,Rising_TF,11,0,icarus,1,2,1,2,11,M2,FF,FE,640,960,valid,activated_detected,,1,results/step06/raw/full/icarus/run_0018_offset_1088_count_0064.log
F1113,3,Rising_TF,11,1,icarus,1,2,1,2,11,M2,FF,FD,640,960,valid,activated_detected,,1,results/step06/raw/full/icarus/run_0018_offset_1088_count_0064.log
F1114,3,Rising_TF,11,2,icarus,1,2,1,2,11,M2,FF,FB,640,960,valid,activated_detected,,1,results/step06/raw/full/icarus/run_0018_offset_1088_count_0064.log
F1115,3,Rising_TF,11,3,icarus,1,2,1,2,11,M2,FF,F7,640,960,valid,activated_detected,,1,results/step06/raw/full/icarus/run_0018_offset_1088_count_0064.log
F1116,3,Rising_TF,11,4,icarus,1,2,1,2,11,M2,FF,EF,640,960,valid,activated_detected,,1,results/step06/raw/full/icarus/run_0018_offset_1088_count_0064.log
F1117,3,Rising_TF,11,5,icarus,1,2,1,2,11,M2,FF,DF,640,960,valid,activated_detected,,1,results/step06/raw/full/icarus/run_0018_offset_1088_count_0064.log
F1118,3,Rising_TF,11,6,icarus,1,2,1,2,11,M2,FF,BF,640,960,valid,activated_detected,,1,results/step06/raw/full/icarus/run_0018_offset_1088_count_0064.log
F1119,3,Rising_TF,11,7,icarus,1,2,1,2,11,M2,FF,7F,640,960,valid,activated_detected,,1,results/step06/raw/full/icarus/run_0018_offset_1088_count_0064.log
F1120,3,Rising_TF,12,0,icarus,1,2,1,2,12,M2,FF,FE,640,960,valid,activated_detected,,1,results/step06/raw/full/icarus/run_0018_offset_1088_count_0064.log
F1121,3,Rising_TF,12,1,icarus,1,2,1,2,12,M2,FF,FD,640,960,valid,activated_detected,,1,results/step06/raw/full/icarus/run_0018_offset_1088_count_0064.log
F1122,3,Rising_TF,12,2,icarus,1,2,1,2,12,M2,FF,FB,640,960,valid,activated_detected,,1,results/step06/raw/full/icarus/run_0018_offset_1088_count_0064.log
F1123,3,Rising_TF,12,3,icarus,1,2,1,2,12,M2,FF,F7,640,960,valid,activated_detected,,1,results/step06/raw/full/icarus/run_0018_offset_1088_count_0064.log
F1124,3,Rising_TF,12,4,icarus,1,2,1,2,12,M2,FF,EF,640,960,valid,activated_detected,,1,results/step06/raw/full/icarus/run_0018_offset_1088_count_0064.log
F1125,3,Rising_TF,12,5,icarus,1,2,1,2,12,M2,FF,DF,640,960,valid,activated_detected,,1,results/step06/raw/full/icarus/run_0018_offset_1088_count_0064.log
F1126,3,Rising_TF,12,6,icarus,1,2,1,2,12,M2,FF,BF,640,960,valid,activated_detected,,1,results/step06/raw/full/icarus/run_0018_offset_1088_count_0064.log
F1127,3,Rising_TF,12,7,icarus,1,2,1,2,12,M2,FF,7F,640,960,valid,activated_detected,,1,results/step06/raw/full/icarus/run_0018_offset_1088_count_0064.log
F1128,3,Rising_TF,13,0,icarus,1,2,1,2,13,M2,FF,FE,640,960,valid,activated_detected,,1,results/step06/raw/full/icarus/run_0018_offset_1088_count_0064.log
F1129,3,Rising_TF,13,1,icarus,1,2,1,2,13,M2,FF,FD,640,960,valid,activated_detected,,1,results/step06/raw/full/icarus/run_0018_offset_1088_count_0064.log
F1130,3,Rising_TF,13,2,icarus,1,2,1,2,13,M2,FF,FB,640,960,valid,activated_detected,,1,results/step06/raw/full/icarus/run_0018_offset_1088_count_0064.log
F1131,3,Rising_TF,13,3,icarus,1,2,1,2,13,M2,FF,F7,640,960,valid,activated_detected,,1,results/step06/raw/full/icarus/run_0018_offset_1088_count_0064.log
F1132,3,Rising_TF,13,4,icarus,1,2,1,2,13,M2,FF,EF,640,960,valid,activated_detected,,1,results/step06/raw/full/icarus/run_0018_offset_1088_count_0064.log
F1133,3,Rising_TF,13,5,icarus,1,2,1,2,13,M2,FF,DF,640,960,valid,activated_detected,,1,results/step06/raw/full/icarus/run_0018_offset_1088_count_0064.log
F1134,3,Rising_TF,13,6,icarus,1,2,1,2,13,M2,FF,BF,640,960,valid,activated_detected,,1,results/step06/raw/full/icarus/run_0018_offset_1088_count_0064.log
F1135,3,Rising_TF,13,7,icarus,1,2,1,2,13,M2,FF,7F,640,960,valid,activated_detected,,1,results/step06/raw/full/icarus/run_0018_offset_1088_count_0064.log
F1136,3,Rising_TF,14,0,icarus,1,2,1,2,14,M2,FF,FE,640,960,valid,activated_detected,,1,results/step06/raw/full/icarus/run_0018_offset_1088_count_0064.log
F1137,3,Rising_TF,14,1,icarus,1,2,1,2,14,M2,FF,FD,640,960,valid,activated_detected,,1,results/step06/raw/full/icarus/run_0018_offset_1088_count_0064.log
F1138,3,Rising_TF,14,2,icarus,1,2,1,2,14,M2,FF,FB,640,960,valid,activated_detected,,1,results/step06/raw/full/icarus/run_0018_offset_1088_count_0064.log
F1139,3,Rising_TF,14,3,icarus,1,2,1,2,14,M2,FF,F7,640,960,valid,activated_detected,,1,results/step06/raw/full/icarus/run_0018_offset_1088_count_0064.log
F1140,3,Rising_TF,14,4,icarus,1,2,1,2,14,M2,FF,EF,640,960,valid,activated_detected,,1,results/step06/raw/full/icarus/run_0018_offset_1088_count_0064.log
F1141,3,Rising_TF,14,5,icarus,1,2,1,2,14,M2,FF,DF,640,960,valid,activated_detected,,1,results/step06/raw/full/icarus/run_0018_offset_1088_count_0064.log
F1142,3,Rising_TF,14,6,icarus,1,2,1,2,14,M2,FF,BF,640,960,valid,activated_detected,,1,results/step06/raw/full/icarus/run_0018_offset_1088_count_0064.log
F1143,3,Rising_TF,14,7,icarus,1,2,1,2,14,M2,FF,7F,640,960,valid,activated_detected,,1,results/step06/raw/full/icarus/run_0018_offset_1088_count_0064.log
F1144,3,Rising_TF,15,0,icarus,1,2,1,2,15,M2,FF,FE,640,960,valid,activated_detected,,1,results/step06/raw/full/icarus/run_0018_offset_1088_count_0064.log
F1145,3,Rising_TF,15,1,icarus,1,2,1,2,15,M2,FF,FD,640,960,valid,activated_detected,,1,results/step06/raw/full/icarus/run_0018_offset_1088_count_0064.log
F1146,3,Rising_TF,15,2,icarus,1,2,1,2,15,M2,FF,FB,640,960,valid,activated_detected,,1,results/step06/raw/full/icarus/run_0018_offset_1088_count_0064.log
F1147,3,Rising_TF,15,3,icarus,1,2,1,2,15,M2,FF,F7,640,960,valid,activated_detected,,1,results/step06/raw/full/icarus/run_0018_offset_1088_count_0064.log
F1148,3,Rising_TF,15,4,icarus,1,2,1,2,15,M2,FF,EF,640,960,valid,activated_detected,,1,results/step06/raw/full/icarus/run_0018_offset_1088_count_0064.log
F1149,3,Rising_TF,15,5,icarus,1,2,1,2,15,M2,FF,DF,640,960,valid,activated_detected,,1,results/step06/raw/full/icarus/run_0018_offset_1088_count_0064.log
F1150,3,Rising_TF,15,6,icarus,1,2,1,2,15,M2,FF,BF,640,960,valid,activated_detected,,1,results/step06/raw/full/icarus/run_0018_offset_1088_count_0064.log
F1151,3,Rising_TF,15,7,icarus,1,2,1,2,15,M2,FF,7F,640,960,valid,activated_detected,,1,results/step06/raw/full/icarus/run_0018_offset_1088_count_0064.log
F1152,3,Rising_TF,16,0,icarus,1,2,1,2,16,M2,FF,FE,640,960,valid,activated_detected,,1,results/step06/raw/full/icarus/run_0019_offset_1152_count_0064.log
F1153,3,Rising_TF,16,1,icarus,1,2,1,2,16,M2,FF,FD,640,960,valid,activated_detected,,1,results/step06/raw/full/icarus/run_0019_offset_1152_count_0064.log
F1154,3,Rising_TF,16,2,icarus,1,2,1,2,16,M2,FF,FB,640,960,valid,activated_detected,,1,results/step06/raw/full/icarus/run_0019_offset_1152_count_0064.log
F1155,3,Rising_TF,16,3,icarus,1,2,1,2,16,M2,FF,F7,640,960,valid,activated_detected,,1,results/step06/raw/full/icarus/run_0019_offset_1152_count_0064.log
F1156,3,Rising_TF,16,4,icarus,1,2,1,2,16,M2,FF,EF,640,960,valid,activated_detected,,1,results/step06/raw/full/icarus/run_0019_offset_1152_count_0064.log
F1157,3,Rising_TF,16,5,icarus,1,2,1,2,16,M2,FF,DF,640,960,valid,activated_detected,,1,results/step06/raw/full/icarus/run_0019_offset_1152_count_0064.log
F1158,3,Rising_TF,16,6,icarus,1,2,1,2,16,M2,FF,BF,640,960,valid,activated_detected,,1,results/step06/raw/full/icarus/run_0019_offset_1152_count_0064.log
F1159,3,Rising_TF,16,7,icarus,1,2,1,2,16,M2,FF,7F,640,960,valid,activated_detected,,1,results/step06/raw/full/icarus/run_0019_offset_1152_count_0064.log
F1160,3,Rising_TF,17,0,icarus,1,2,1,2,17,M2,FF,FE,640,960,valid,activated_detected,,1,results/step06/raw/full/icarus/run_0019_offset_1152_count_0064.log
F1161,3,Rising_TF,17,1,icarus,1,2,1,2,17,M2,FF,FD,640,960,valid,activated_detected,,1,results/step06/raw/full/icarus/run_0019_offset_1152_count_0064.log
F1162,3,Rising_TF,17,2,icarus,1,2,1,2,17,M2,FF,FB,640,960,valid,activated_detected,,1,results/step06/raw/full/icarus/run_0019_offset_1152_count_0064.log
F1163,3,Rising_TF,17,3,icarus,1,2,1,2,17,M2,FF,F7,640,960,valid,activated_detected,,1,results/step06/raw/full/icarus/run_0019_offset_1152_count_0064.log
F1164,3,Rising_TF,17,4,icarus,1,2,1,2,17,M2,FF,EF,640,960,valid,activated_detected,,1,results/step06/raw/full/icarus/run_0019_offset_1152_count_0064.log
F1165,3,Rising_TF,17,5,icarus,1,2,1,2,17,M2,FF,DF,640,960,valid,activated_detected,,1,results/step06/raw/full/icarus/run_0019_offset_1152_count_0064.log
F1166,3,Rising_TF,17,6,icarus,1,2,1,2,17,M2,FF,BF,640,960,valid,activated_detected,,1,results/step06/raw/full/icarus/run_0019_offset_1152_count_0064.log
F1167,3,Rising_TF,17,7,icarus,1,2,1,2,17,M2,FF,7F,640,960,valid,activated_detected,,1,results/step06/raw/full/icarus/run_0019_offset_1152_count_0064.log
F1168,3,Rising_TF,18,0,icarus,1,2,1,2,18,M2,FF,FE,640,960,valid,activated_detected,,1,results/step06/raw/full/icarus/run_0019_offset_1152_count_0064.log
F1169,3,Rising_TF,18,1,icarus,1,2,1,2,18,M2,FF,FD,640,960,valid,activated_detected,,1,results/step06/raw/full/icarus/run_0019_offset_1152_count_0064.log
F1170,3,Rising_TF,18,2,icarus,1,2,1,2,18,M2,FF,FB,640,960,valid,activated_detected,,1,results/step06/raw/full/icarus/run_0019_offset_1152_count_0064.log
F1171,3,Rising_TF,18,3,icarus,1,2,1,2,18,M2,FF,F7,640,960,valid,activated_detected,,1,results/step06/raw/full/icarus/run_0019_offset_1152_count_0064.log
F1172,3,Rising_TF,18,4,icarus,1,2,1,2,18,M2,FF,EF,640,960,valid,activated_detected,,1,results/step06/raw/full/icarus/run_0019_offset_1152_count_0064.log
F1173,3,Rising_TF,18,5,icarus,1,2,1,2,18,M2,FF,DF,640,960,valid,activated_detected,,1,results/step06/raw/full/icarus/run_0019_offset_1152_count_0064.log
F1174,3,Rising_TF,18,6,icarus,1,2,1,2,18,M2,FF,BF,640,960,valid,activated_detected,,1,results/step06/raw/full/icarus/run_0019_offset_1152_count_0064.log
F1175,3,Rising_TF,18,7,icarus,1,2,1,2,18,M2,FF,7F,640,960,valid,activated_detected,,1,results/step06/raw/full/icarus/run_0019_offset_1152_count_0064.log
F1176,3,Rising_TF,19,0,icarus,1,2,1,2,19,M2,FF,FE,640,960,valid,activated_detected,,1,results/step06/raw/full/icarus/run_0019_offset_1152_count_0064.log
F1177,3,Rising_TF,19,1,icarus,1,2,1,2,19,M2,FF,FD,640,960,valid,activated_detected,,1,results/step06/raw/full/icarus/run_0019_offset_1152_count_0064.log
F1178,3,Rising_TF,19,2,icarus,1,2,1,2,19,M2,FF,FB,640,960,valid,activated_detected,,1,results/step06/raw/full/icarus/run_0019_offset_1152_count_0064.log
F1179,3,Rising_TF,19,3,icarus,1,2,1,2,19,M2,FF,F7,640,960,valid,activated_detected,,1,results/step06/raw/full/icarus/run_0019_offset_1152_count_0064.log
F1180,3,Rising_TF,19,4,icarus,1,2,1,2,19,M2,FF,EF,640,960,valid,activated_detected,,1,results/step06/raw/full/icarus/run_0019_offset_1152_count_0064.log
F1181,3,Rising_TF,19,5,icarus,1,2,1,2,19,M2,FF,DF,640,960,valid,activated_detected,,1,results/step06/raw/full/icarus/run_0019_offset_1152_count_0064.log
F1182,3,Rising_TF,19,6,icarus,1,2,1,2,19,M2,FF,BF,640,960,valid,activated_detected,,1,results/step06/raw/full/icarus/run_0019_offset_1152_count_0064.log
F1183,3,Rising_TF,19,7,icarus,1,2,1,2,19,M2,FF,7F,640,960,valid,activated_detected,,1,results/step06/raw/full/icarus/run_0019_offset_1152_count_0064.log
F1184,3,Rising_TF,20,0,icarus,1,2,1,2,20,M2,FF,FE,640,960,valid,activated_detected,,1,results/step06/raw/full/icarus/run_0019_offset_1152_count_0064.log
F1185,3,Rising_TF,20,1,icarus,1,2,1,2,20,M2,FF,FD,640,960,valid,activated_detected,,1,results/step06/raw/full/icarus/run_0019_offset_1152_count_0064.log
F1186,3,Rising_TF,20,2,icarus,1,2,1,2,20,M2,FF,FB,640,960,valid,activated_detected,,1,results/step06/raw/full/icarus/run_0019_offset_1152_count_0064.log
F1187,3,Rising_TF,20,3,icarus,1,2,1,2,20,M2,FF,F7,640,960,valid,activated_detected,,1,results/step06/raw/full/icarus/run_0019_offset_1152_count_0064.log
F1188,3,Rising_TF,20,4,icarus,1,2,1,2,20,M2,FF,EF,640,960,valid,activated_detected,,1,results/step06/raw/full/icarus/run_0019_offset_1152_count_0064.log
F1189,3,Rising_TF,20,5,icarus,1,2,1,2,20,M2,FF,DF,640,960,valid,activated_detected,,1,results/step06/raw/full/icarus/run_0019_offset_1152_count_0064.log
F1190,3,Rising_TF,20,6,icarus,1,2,1,2,20,M2,FF,BF,640,960,valid,activated_detected,,1,results/step06/raw/full/icarus/run_0019_offset_1152_count_0064.log
F1191,3,Rising_TF,20,7,icarus,1,2,1,2,20,M2,FF,7F,640,960,valid,activated_detected,,1,results/step06/raw/full/icarus/run_0019_offset_1152_count_0064.log
F1192,3,Rising_TF,21,0,icarus,1,2,1,2,21,M2,FF,FE,640,960,valid,activated_detected,,1,results/step06/raw/full/icarus/run_0019_offset_1152_count_0064.log
F1193,3,Rising_TF,21,1,icarus,1,2,1,2,21,M2,FF,FD,640,960,valid,activated_detected,,1,results/step06/raw/full/icarus/run_0019_offset_1152_count_0064.log
F1194,3,Rising_TF,21,2,icarus,1,2,1,2,21,M2,FF,FB,640,960,valid,activated_detected,,1,results/step06/raw/full/icarus/run_0019_offset_1152_count_0064.log
F1195,3,Rising_TF,21,3,icarus,1,2,1,2,21,M2,FF,F7,640,960,valid,activated_detected,,1,results/step06/raw/full/icarus/run_0019_offset_1152_count_0064.log
F1196,3,Rising_TF,21,4,icarus,1,2,1,2,21,M2,FF,EF,640,960,valid,activated_detected,,1,results/step06/raw/full/icarus/run_0019_offset_1152_count_0064.log
F1197,3,Rising_TF,21,5,icarus,1,2,1,2,21,M2,FF,DF,640,960,valid,activated_detected,,1,results/step06/raw/full/icarus/run_0019_offset_1152_count_0064.log
F1198,3,Rising_TF,21,6,icarus,1,2,1,2,21,M2,FF,BF,640,960,valid,activated_detected,,1,results/step06/raw/full/icarus/run_0019_offset_1152_count_0064.log
F1199,3,Rising_TF,21,7,icarus,1,2,1,2,21,M2,FF,7F,640,960,valid,activated_detected,,1,results/step06/raw/full/icarus/run_0019_offset_1152_count_0064.log
F1200,3,Rising_TF,22,0,icarus,1,2,1,2,22,M2,FF,FE,640,960,valid,activated_detected,,1,results/step06/raw/full/icarus/run_0019_offset_1152_count_0064.log
F1201,3,Rising_TF,22,1,icarus,1,2,1,2,22,M2,FF,FD,640,960,valid,activated_detected,,1,results/step06/raw/full/icarus/run_0019_offset_1152_count_0064.log
F1202,3,Rising_TF,22,2,icarus,1,2,1,2,22,M2,FF,FB,640,960,valid,activated_detected,,1,results/step06/raw/full/icarus/run_0019_offset_1152_count_0064.log
F1203,3,Rising_TF,22,3,icarus,1,2,1,2,22,M2,FF,F7,640,960,valid,activated_detected,,1,results/step06/raw/full/icarus/run_0019_offset_1152_count_0064.log
F1204,3,Rising_TF,22,4,icarus,1,2,1,2,22,M2,FF,EF,640,960,valid,activated_detected,,1,results/step06/raw/full/icarus/run_0019_offset_1152_count_0064.log
F1205,3,Rising_TF,22,5,icarus,1,2,1,2,22,M2,FF,DF,640,960,valid,activated_detected,,1,results/step06/raw/full/icarus/run_0019_offset_1152_count_0064.log
F1206,3,Rising_TF,22,6,icarus,1,2,1,2,22,M2,FF,BF,640,960,valid,activated_detected,,1,results/step06/raw/full/icarus/run_0019_offset_1152_count_0064.log
F1207,3,Rising_TF,22,7,icarus,1,2,1,2,22,M2,FF,7F,640,960,valid,activated_detected,,1,results/step06/raw/full/icarus/run_0019_offset_1152_count_0064.log
F1208,3,Rising_TF,23,0,icarus,1,2,1,2,23,M2,FF,FE,640,960,valid,activated_detected,,1,results/step06/raw/full/icarus/run_0019_offset_1152_count_0064.log
F1209,3,Rising_TF,23,1,icarus,1,2,1,2,23,M2,FF,FD,640,960,valid,activated_detected,,1,results/step06/raw/full/icarus/run_0019_offset_1152_count_0064.log
F1210,3,Rising_TF,23,2,icarus,1,2,1,2,23,M2,FF,FB,640,960,valid,activated_detected,,1,results/step06/raw/full/icarus/run_0019_offset_1152_count_0064.log
F1211,3,Rising_TF,23,3,icarus,1,2,1,2,23,M2,FF,F7,640,960,valid,activated_detected,,1,results/step06/raw/full/icarus/run_0019_offset_1152_count_0064.log
F1212,3,Rising_TF,23,4,icarus,1,2,1,2,23,M2,FF,EF,640,960,valid,activated_detected,,1,results/step06/raw/full/icarus/run_0019_offset_1152_count_0064.log
F1213,3,Rising_TF,23,5,icarus,1,2,1,2,23,M2,FF,DF,640,960,valid,activated_detected,,1,results/step06/raw/full/icarus/run_0019_offset_1152_count_0064.log
F1214,3,Rising_TF,23,6,icarus,1,2,1,2,23,M2,FF,BF,640,960,valid,activated_detected,,1,results/step06/raw/full/icarus/run_0019_offset_1152_count_0064.log
F1215,3,Rising_TF,23,7,icarus,1,2,1,2,23,M2,FF,7F,640,960,valid,activated_detected,,1,results/step06/raw/full/icarus/run_0019_offset_1152_count_0064.log
F1216,3,Rising_TF,24,0,icarus,1,2,1,2,24,M2,FF,FE,640,960,valid,activated_detected,,1,results/step06/raw/full/icarus/run_0020_offset_1216_count_0064.log
F1217,3,Rising_TF,24,1,icarus,1,2,1,2,24,M2,FF,FD,640,960,valid,activated_detected,,1,results/step06/raw/full/icarus/run_0020_offset_1216_count_0064.log
F1218,3,Rising_TF,24,2,icarus,1,2,1,2,24,M2,FF,FB,640,960,valid,activated_detected,,1,results/step06/raw/full/icarus/run_0020_offset_1216_count_0064.log
F1219,3,Rising_TF,24,3,icarus,1,2,1,2,24,M2,FF,F7,640,960,valid,activated_detected,,1,results/step06/raw/full/icarus/run_0020_offset_1216_count_0064.log
F1220,3,Rising_TF,24,4,icarus,1,2,1,2,24,M2,FF,EF,640,960,valid,activated_detected,,1,results/step06/raw/full/icarus/run_0020_offset_1216_count_0064.log
F1221,3,Rising_TF,24,5,icarus,1,2,1,2,24,M2,FF,DF,640,960,valid,activated_detected,,1,results/step06/raw/full/icarus/run_0020_offset_1216_count_0064.log
F1222,3,Rising_TF,24,6,icarus,1,2,1,2,24,M2,FF,BF,640,960,valid,activated_detected,,1,results/step06/raw/full/icarus/run_0020_offset_1216_count_0064.log
F1223,3,Rising_TF,24,7,icarus,1,2,1,2,24,M2,FF,7F,640,960,valid,activated_detected,,1,results/step06/raw/full/icarus/run_0020_offset_1216_count_0064.log
F1224,3,Rising_TF,25,0,icarus,1,2,1,2,25,M2,FF,FE,640,960,valid,activated_detected,,1,results/step06/raw/full/icarus/run_0020_offset_1216_count_0064.log
F1225,3,Rising_TF,25,1,icarus,1,2,1,2,25,M2,FF,FD,640,960,valid,activated_detected,,1,results/step06/raw/full/icarus/run_0020_offset_1216_count_0064.log
F1226,3,Rising_TF,25,2,icarus,1,2,1,2,25,M2,FF,FB,640,960,valid,activated_detected,,1,results/step06/raw/full/icarus/run_0020_offset_1216_count_0064.log
F1227,3,Rising_TF,25,3,icarus,1,2,1,2,25,M2,FF,F7,640,960,valid,activated_detected,,1,results/step06/raw/full/icarus/run_0020_offset_1216_count_0064.log
F1228,3,Rising_TF,25,4,icarus,1,2,1,2,25,M2,FF,EF,640,960,valid,activated_detected,,1,results/step06/raw/full/icarus/run_0020_offset_1216_count_0064.log
F1229,3,Rising_TF,25,5,icarus,1,2,1,2,25,M2,FF,DF,640,960,valid,activated_detected,,1,results/step06/raw/full/icarus/run_0020_offset_1216_count_0064.log
F1230,3,Rising_TF,25,6,icarus,1,2,1,2,25,M2,FF,BF,640,960,valid,activated_detected,,1,results/step06/raw/full/icarus/run_0020_offset_1216_count_0064.log
F1231,3,Rising_TF,25,7,icarus,1,2,1,2,25,M2,FF,7F,640,960,valid,activated_detected,,1,results/step06/raw/full/icarus/run_0020_offset_1216_count_0064.log
F1232,3,Rising_TF,26,0,icarus,1,2,1,2,26,M2,FF,FE,640,960,valid,activated_detected,,1,results/step06/raw/full/icarus/run_0020_offset_1216_count_0064.log
F1233,3,Rising_TF,26,1,icarus,1,2,1,2,26,M2,FF,FD,640,960,valid,activated_detected,,1,results/step06/raw/full/icarus/run_0020_offset_1216_count_0064.log
F1234,3,Rising_TF,26,2,icarus,1,2,1,2,26,M2,FF,FB,640,960,valid,activated_detected,,1,results/step06/raw/full/icarus/run_0020_offset_1216_count_0064.log
F1235,3,Rising_TF,26,3,icarus,1,2,1,2,26,M2,FF,F7,640,960,valid,activated_detected,,1,results/step06/raw/full/icarus/run_0020_offset_1216_count_0064.log
F1236,3,Rising_TF,26,4,icarus,1,2,1,2,26,M2,FF,EF,640,960,valid,activated_detected,,1,results/step06/raw/full/icarus/run_0020_offset_1216_count_0064.log
F1237,3,Rising_TF,26,5,icarus,1,2,1,2,26,M2,FF,DF,640,960,valid,activated_detected,,1,results/step06/raw/full/icarus/run_0020_offset_1216_count_0064.log
F1238,3,Rising_TF,26,6,icarus,1,2,1,2,26,M2,FF,BF,640,960,valid,activated_detected,,1,results/step06/raw/full/icarus/run_0020_offset_1216_count_0064.log
F1239,3,Rising_TF,26,7,icarus,1,2,1,2,26,M2,FF,7F,640,960,valid,activated_detected,,1,results/step06/raw/full/icarus/run_0020_offset_1216_count_0064.log
F1240,3,Rising_TF,27,0,icarus,1,2,1,2,27,M2,FF,FE,640,960,valid,activated_detected,,1,results/step06/raw/full/icarus/run_0020_offset_1216_count_0064.log
F1241,3,Rising_TF,27,1,icarus,1,2,1,2,27,M2,FF,FD,640,960,valid,activated_detected,,1,results/step06/raw/full/icarus/run_0020_offset_1216_count_0064.log
F1242,3,Rising_TF,27,2,icarus,1,2,1,2,27,M2,FF,FB,640,960,valid,activated_detected,,1,results/step06/raw/full/icarus/run_0020_offset_1216_count_0064.log
F1243,3,Rising_TF,27,3,icarus,1,2,1,2,27,M2,FF,F7,640,960,valid,activated_detected,,1,results/step06/raw/full/icarus/run_0020_offset_1216_count_0064.log
F1244,3,Rising_TF,27,4,icarus,1,2,1,2,27,M2,FF,EF,640,960,valid,activated_detected,,1,results/step06/raw/full/icarus/run_0020_offset_1216_count_0064.log
F1245,3,Rising_TF,27,5,icarus,1,2,1,2,27,M2,FF,DF,640,960,valid,activated_detected,,1,results/step06/raw/full/icarus/run_0020_offset_1216_count_0064.log
F1246,3,Rising_TF,27,6,icarus,1,2,1,2,27,M2,FF,BF,640,960,valid,activated_detected,,1,results/step06/raw/full/icarus/run_0020_offset_1216_count_0064.log
F1247,3,Rising_TF,27,7,icarus,1,2,1,2,27,M2,FF,7F,640,960,valid,activated_detected,,1,results/step06/raw/full/icarus/run_0020_offset_1216_count_0064.log
F1248,3,Rising_TF,28,0,icarus,1,2,1,2,28,M2,FF,FE,640,960,valid,activated_detected,,1,results/step06/raw/full/icarus/run_0020_offset_1216_count_0064.log
F1249,3,Rising_TF,28,1,icarus,1,2,1,2,28,M2,FF,FD,640,960,valid,activated_detected,,1,results/step06/raw/full/icarus/run_0020_offset_1216_count_0064.log
F1250,3,Rising_TF,28,2,icarus,1,2,1,2,28,M2,FF,FB,640,960,valid,activated_detected,,1,results/step06/raw/full/icarus/run_0020_offset_1216_count_0064.log
F1251,3,Rising_TF,28,3,icarus,1,2,1,2,28,M2,FF,F7,640,960,valid,activated_detected,,1,results/step06/raw/full/icarus/run_0020_offset_1216_count_0064.log
F1252,3,Rising_TF,28,4,icarus,1,2,1,2,28,M2,FF,EF,640,960,valid,activated_detected,,1,results/step06/raw/full/icarus/run_0020_offset_1216_count_0064.log
F1253,3,Rising_TF,28,5,icarus,1,2,1,2,28,M2,FF,DF,640,960,valid,activated_detected,,1,results/step06/raw/full/icarus/run_0020_offset_1216_count_0064.log
F1254,3,Rising_TF,28,6,icarus,1,2,1,2,28,M2,FF,BF,640,960,valid,activated_detected,,1,results/step06/raw/full/icarus/run_0020_offset_1216_count_0064.log
F1255,3,Rising_TF,28,7,icarus,1,2,1,2,28,M2,FF,7F,640,960,valid,activated_detected,,1,results/step06/raw/full/icarus/run_0020_offset_1216_count_0064.log
F1256,3,Rising_TF,29,0,icarus,1,2,1,2,29,M2,FF,FE,640,960,valid,activated_detected,,1,results/step06/raw/full/icarus/run_0020_offset_1216_count_0064.log
F1257,3,Rising_TF,29,1,icarus,1,2,1,2,29,M2,FF,FD,640,960,valid,activated_detected,,1,results/step06/raw/full/icarus/run_0020_offset_1216_count_0064.log
F1258,3,Rising_TF,29,2,icarus,1,2,1,2,29,M2,FF,FB,640,960,valid,activated_detected,,1,results/step06/raw/full/icarus/run_0020_offset_1216_count_0064.log
F1259,3,Rising_TF,29,3,icarus,1,2,1,2,29,M2,FF,F7,640,960,valid,activated_detected,,1,results/step06/raw/full/icarus/run_0020_offset_1216_count_0064.log
F1260,3,Rising_TF,29,4,icarus,1,2,1,2,29,M2,FF,EF,640,960,valid,activated_detected,,1,results/step06/raw/full/icarus/run_0020_offset_1216_count_0064.log
F1261,3,Rising_TF,29,5,icarus,1,2,1,2,29,M2,FF,DF,640,960,valid,activated_detected,,1,results/step06/raw/full/icarus/run_0020_offset_1216_count_0064.log
F1262,3,Rising_TF,29,6,icarus,1,2,1,2,29,M2,FF,BF,640,960,valid,activated_detected,,1,results/step06/raw/full/icarus/run_0020_offset_1216_count_0064.log
F1263,3,Rising_TF,29,7,icarus,1,2,1,2,29,M2,FF,7F,640,960,valid,activated_detected,,1,results/step06/raw/full/icarus/run_0020_offset_1216_count_0064.log
F1264,3,Rising_TF,30,0,icarus,1,2,1,2,30,M2,FF,FE,640,960,valid,activated_detected,,1,results/step06/raw/full/icarus/run_0020_offset_1216_count_0064.log
F1265,3,Rising_TF,30,1,icarus,1,2,1,2,30,M2,FF,FD,640,960,valid,activated_detected,,1,results/step06/raw/full/icarus/run_0020_offset_1216_count_0064.log
F1266,3,Rising_TF,30,2,icarus,1,2,1,2,30,M2,FF,FB,640,960,valid,activated_detected,,1,results/step06/raw/full/icarus/run_0020_offset_1216_count_0064.log
F1267,3,Rising_TF,30,3,icarus,1,2,1,2,30,M2,FF,F7,640,960,valid,activated_detected,,1,results/step06/raw/full/icarus/run_0020_offset_1216_count_0064.log
F1268,3,Rising_TF,30,4,icarus,1,2,1,2,30,M2,FF,EF,640,960,valid,activated_detected,,1,results/step06/raw/full/icarus/run_0020_offset_1216_count_0064.log
F1269,3,Rising_TF,30,5,icarus,1,2,1,2,30,M2,FF,DF,640,960,valid,activated_detected,,1,results/step06/raw/full/icarus/run_0020_offset_1216_count_0064.log
F1270,3,Rising_TF,30,6,icarus,1,2,1,2,30,M2,FF,BF,640,960,valid,activated_detected,,1,results/step06/raw/full/icarus/run_0020_offset_1216_count_0064.log
F1271,3,Rising_TF,30,7,icarus,1,2,1,2,30,M2,FF,7F,640,960,valid,activated_detected,,1,results/step06/raw/full/icarus/run_0020_offset_1216_count_0064.log
F1272,3,Rising_TF,31,0,icarus,1,2,1,2,31,M2,FF,FE,640,960,valid,activated_detected,,1,results/step06/raw/full/icarus/run_0020_offset_1216_count_0064.log
F1273,3,Rising_TF,31,1,icarus,1,2,1,2,31,M2,FF,FD,640,960,valid,activated_detected,,1,results/step06/raw/full/icarus/run_0020_offset_1216_count_0064.log
F1274,3,Rising_TF,31,2,icarus,1,2,1,2,31,M2,FF,FB,640,960,valid,activated_detected,,1,results/step06/raw/full/icarus/run_0020_offset_1216_count_0064.log
F1275,3,Rising_TF,31,3,icarus,1,2,1,2,31,M2,FF,F7,640,960,valid,activated_detected,,1,results/step06/raw/full/icarus/run_0020_offset_1216_count_0064.log
F1276,3,Rising_TF,31,4,icarus,1,2,1,2,31,M2,FF,EF,640,960,valid,activated_detected,,1,results/step06/raw/full/icarus/run_0020_offset_1216_count_0064.log
F1277,3,Rising_TF,31,5,icarus,1,2,1,2,31,M2,FF,DF,640,960,valid,activated_detected,,1,results/step06/raw/full/icarus/run_0020_offset_1216_count_0064.log
F1278,3,Rising_TF,31,6,icarus,1,2,1,2,31,M2,FF,BF,640,960,valid,activated_detected,,1,results/step06/raw/full/icarus/run_0020_offset_1216_count_0064.log
F1279,3,Rising_TF,31,7,icarus,1,2,1,2,31,M2,FF,7F,640,960,valid,activated_detected,,1,results/step06/raw/full/icarus/run_0020_offset_1216_count_0064.log
F1280,3,Rising_TF,32,0,icarus,1,2,1,2,32,M2,FF,FE,640,960,valid,activated_detected,,1,results/step06/raw/full/icarus/run_0021_offset_1280_count_0064.log
F1281,3,Rising_TF,32,1,icarus,1,2,1,2,32,M2,FF,FD,640,960,valid,activated_detected,,1,results/step06/raw/full/icarus/run_0021_offset_1280_count_0064.log
F1282,3,Rising_TF,32,2,icarus,1,2,1,2,32,M2,FF,FB,640,960,valid,activated_detected,,1,results/step06/raw/full/icarus/run_0021_offset_1280_count_0064.log
F1283,3,Rising_TF,32,3,icarus,1,2,1,2,32,M2,FF,F7,640,960,valid,activated_detected,,1,results/step06/raw/full/icarus/run_0021_offset_1280_count_0064.log
F1284,3,Rising_TF,32,4,icarus,1,2,1,2,32,M2,FF,EF,640,960,valid,activated_detected,,1,results/step06/raw/full/icarus/run_0021_offset_1280_count_0064.log
F1285,3,Rising_TF,32,5,icarus,1,2,1,2,32,M2,FF,DF,640,960,valid,activated_detected,,1,results/step06/raw/full/icarus/run_0021_offset_1280_count_0064.log
F1286,3,Rising_TF,32,6,icarus,1,2,1,2,32,M2,FF,BF,640,960,valid,activated_detected,,1,results/step06/raw/full/icarus/run_0021_offset_1280_count_0064.log
F1287,3,Rising_TF,32,7,icarus,1,2,1,2,32,M2,FF,7F,640,960,valid,activated_detected,,1,results/step06/raw/full/icarus/run_0021_offset_1280_count_0064.log
F1288,3,Rising_TF,33,0,icarus,1,2,1,2,33,M2,FF,FE,640,960,valid,activated_detected,,1,results/step06/raw/full/icarus/run_0021_offset_1280_count_0064.log
F1289,3,Rising_TF,33,1,icarus,1,2,1,2,33,M2,FF,FD,640,960,valid,activated_detected,,1,results/step06/raw/full/icarus/run_0021_offset_1280_count_0064.log
F1290,3,Rising_TF,33,2,icarus,1,2,1,2,33,M2,FF,FB,640,960,valid,activated_detected,,1,results/step06/raw/full/icarus/run_0021_offset_1280_count_0064.log
F1291,3,Rising_TF,33,3,icarus,1,2,1,2,33,M2,FF,F7,640,960,valid,activated_detected,,1,results/step06/raw/full/icarus/run_0021_offset_1280_count_0064.log
F1292,3,Rising_TF,33,4,icarus,1,2,1,2,33,M2,FF,EF,640,960,valid,activated_detected,,1,results/step06/raw/full/icarus/run_0021_offset_1280_count_0064.log
F1293,3,Rising_TF,33,5,icarus,1,2,1,2,33,M2,FF,DF,640,960,valid,activated_detected,,1,results/step06/raw/full/icarus/run_0021_offset_1280_count_0064.log
F1294,3,Rising_TF,33,6,icarus,1,2,1,2,33,M2,FF,BF,640,960,valid,activated_detected,,1,results/step06/raw/full/icarus/run_0021_offset_1280_count_0064.log
F1295,3,Rising_TF,33,7,icarus,1,2,1,2,33,M2,FF,7F,640,960,valid,activated_detected,,1,results/step06/raw/full/icarus/run_0021_offset_1280_count_0064.log
F1296,3,Rising_TF,34,0,icarus,1,2,1,2,34,M2,FF,FE,640,960,valid,activated_detected,,1,results/step06/raw/full/icarus/run_0021_offset_1280_count_0064.log
F1297,3,Rising_TF,34,1,icarus,1,2,1,2,34,M2,FF,FD,640,960,valid,activated_detected,,1,results/step06/raw/full/icarus/run_0021_offset_1280_count_0064.log
F1298,3,Rising_TF,34,2,icarus,1,2,1,2,34,M2,FF,FB,640,960,valid,activated_detected,,1,results/step06/raw/full/icarus/run_0021_offset_1280_count_0064.log
F1299,3,Rising_TF,34,3,icarus,1,2,1,2,34,M2,FF,F7,640,960,valid,activated_detected,,1,results/step06/raw/full/icarus/run_0021_offset_1280_count_0064.log
F1300,3,Rising_TF,34,4,icarus,1,2,1,2,34,M2,FF,EF,640,960,valid,activated_detected,,1,results/step06/raw/full/icarus/run_0021_offset_1280_count_0064.log
F1301,3,Rising_TF,34,5,icarus,1,2,1,2,34,M2,FF,DF,640,960,valid,activated_detected,,1,results/step06/raw/full/icarus/run_0021_offset_1280_count_0064.log
F1302,3,Rising_TF,34,6,icarus,1,2,1,2,34,M2,FF,BF,640,960,valid,activated_detected,,1,results/step06/raw/full/icarus/run_0021_offset_1280_count_0064.log
F1303,3,Rising_TF,34,7,icarus,1,2,1,2,34,M2,FF,7F,640,960,valid,activated_detected,,1,results/step06/raw/full/icarus/run_0021_offset_1280_count_0064.log
F1304,3,Rising_TF,35,0,icarus,1,2,1,2,35,M2,FF,FE,640,960,valid,activated_detected,,1,results/step06/raw/full/icarus/run_0021_offset_1280_count_0064.log
F1305,3,Rising_TF,35,1,icarus,1,2,1,2,35,M2,FF,FD,640,960,valid,activated_detected,,1,results/step06/raw/full/icarus/run_0021_offset_1280_count_0064.log
F1306,3,Rising_TF,35,2,icarus,1,2,1,2,35,M2,FF,FB,640,960,valid,activated_detected,,1,results/step06/raw/full/icarus/run_0021_offset_1280_count_0064.log
F1307,3,Rising_TF,35,3,icarus,1,2,1,2,35,M2,FF,F7,640,960,valid,activated_detected,,1,results/step06/raw/full/icarus/run_0021_offset_1280_count_0064.log
F1308,3,Rising_TF,35,4,icarus,1,2,1,2,35,M2,FF,EF,640,960,valid,activated_detected,,1,results/step06/raw/full/icarus/run_0021_offset_1280_count_0064.log
F1309,3,Rising_TF,35,5,icarus,1,2,1,2,35,M2,FF,DF,640,960,valid,activated_detected,,1,results/step06/raw/full/icarus/run_0021_offset_1280_count_0064.log
F1310,3,Rising_TF,35,6,icarus,1,2,1,2,35,M2,FF,BF,640,960,valid,activated_detected,,1,results/step06/raw/full/icarus/run_0021_offset_1280_count_0064.log
F1311,3,Rising_TF,35,7,icarus,1,2,1,2,35,M2,FF,7F,640,960,valid,activated_detected,,1,results/step06/raw/full/icarus/run_0021_offset_1280_count_0064.log
F1312,3,Rising_TF,36,0,icarus,1,2,1,2,36,M2,FF,FE,640,960,valid,activated_detected,,1,results/step06/raw/full/icarus/run_0021_offset_1280_count_0064.log
F1313,3,Rising_TF,36,1,icarus,1,2,1,2,36,M2,FF,FD,640,960,valid,activated_detected,,1,results/step06/raw/full/icarus/run_0021_offset_1280_count_0064.log
F1314,3,Rising_TF,36,2,icarus,1,2,1,2,36,M2,FF,FB,640,960,valid,activated_detected,,1,results/step06/raw/full/icarus/run_0021_offset_1280_count_0064.log
F1315,3,Rising_TF,36,3,icarus,1,2,1,2,36,M2,FF,F7,640,960,valid,activated_detected,,1,results/step06/raw/full/icarus/run_0021_offset_1280_count_0064.log
F1316,3,Rising_TF,36,4,icarus,1,2,1,2,36,M2,FF,EF,640,960,valid,activated_detected,,1,results/step06/raw/full/icarus/run_0021_offset_1280_count_0064.log
F1317,3,Rising_TF,36,5,icarus,1,2,1,2,36,M2,FF,DF,640,960,valid,activated_detected,,1,results/step06/raw/full/icarus/run_0021_offset_1280_count_0064.log
F1318,3,Rising_TF,36,6,icarus,1,2,1,2,36,M2,FF,BF,640,960,valid,activated_detected,,1,results/step06/raw/full/icarus/run_0021_offset_1280_count_0064.log
F1319,3,Rising_TF,36,7,icarus,1,2,1,2,36,M2,FF,7F,640,960,valid,activated_detected,,1,results/step06/raw/full/icarus/run_0021_offset_1280_count_0064.log
F1320,3,Rising_TF,37,0,icarus,1,2,1,2,37,M2,FF,FE,640,960,valid,activated_detected,,1,results/step06/raw/full/icarus/run_0021_offset_1280_count_0064.log
F1321,3,Rising_TF,37,1,icarus,1,2,1,2,37,M2,FF,FD,640,960,valid,activated_detected,,1,results/step06/raw/full/icarus/run_0021_offset_1280_count_0064.log
F1322,3,Rising_TF,37,2,icarus,1,2,1,2,37,M2,FF,FB,640,960,valid,activated_detected,,1,results/step06/raw/full/icarus/run_0021_offset_1280_count_0064.log
F1323,3,Rising_TF,37,3,icarus,1,2,1,2,37,M2,FF,F7,640,960,valid,activated_detected,,1,results/step06/raw/full/icarus/run_0021_offset_1280_count_0064.log
F1324,3,Rising_TF,37,4,icarus,1,2,1,2,37,M2,FF,EF,640,960,valid,activated_detected,,1,results/step06/raw/full/icarus/run_0021_offset_1280_count_0064.log
F1325,3,Rising_TF,37,5,icarus,1,2,1,2,37,M2,FF,DF,640,960,valid,activated_detected,,1,results/step06/raw/full/icarus/run_0021_offset_1280_count_0064.log
F1326,3,Rising_TF,37,6,icarus,1,2,1,2,37,M2,FF,BF,640,960,valid,activated_detected,,1,results/step06/raw/full/icarus/run_0021_offset_1280_count_0064.log
F1327,3,Rising_TF,37,7,icarus,1,2,1,2,37,M2,FF,7F,640,960,valid,activated_detected,,1,results/step06/raw/full/icarus/run_0021_offset_1280_count_0064.log
F1328,3,Rising_TF,38,0,icarus,1,2,1,2,38,M2,FF,FE,640,960,valid,activated_detected,,1,results/step06/raw/full/icarus/run_0021_offset_1280_count_0064.log
F1329,3,Rising_TF,38,1,icarus,1,2,1,2,38,M2,FF,FD,640,960,valid,activated_detected,,1,results/step06/raw/full/icarus/run_0021_offset_1280_count_0064.log
F1330,3,Rising_TF,38,2,icarus,1,2,1,2,38,M2,FF,FB,640,960,valid,activated_detected,,1,results/step06/raw/full/icarus/run_0021_offset_1280_count_0064.log
F1331,3,Rising_TF,38,3,icarus,1,2,1,2,38,M2,FF,F7,640,960,valid,activated_detected,,1,results/step06/raw/full/icarus/run_0021_offset_1280_count_0064.log
F1332,3,Rising_TF,38,4,icarus,1,2,1,2,38,M2,FF,EF,640,960,valid,activated_detected,,1,results/step06/raw/full/icarus/run_0021_offset_1280_count_0064.log
F1333,3,Rising_TF,38,5,icarus,1,2,1,2,38,M2,FF,DF,640,960,valid,activated_detected,,1,results/step06/raw/full/icarus/run_0021_offset_1280_count_0064.log
F1334,3,Rising_TF,38,6,icarus,1,2,1,2,38,M2,FF,BF,640,960,valid,activated_detected,,1,results/step06/raw/full/icarus/run_0021_offset_1280_count_0064.log
F1335,3,Rising_TF,38,7,icarus,1,2,1,2,38,M2,FF,7F,640,960,valid,activated_detected,,1,results/step06/raw/full/icarus/run_0021_offset_1280_count_0064.log
F1336,3,Rising_TF,39,0,icarus,1,2,1,2,39,M2,FF,FE,640,960,valid,activated_detected,,1,results/step06/raw/full/icarus/run_0021_offset_1280_count_0064.log
F1337,3,Rising_TF,39,1,icarus,1,2,1,2,39,M2,FF,FD,640,960,valid,activated_detected,,1,results/step06/raw/full/icarus/run_0021_offset_1280_count_0064.log
F1338,3,Rising_TF,39,2,icarus,1,2,1,2,39,M2,FF,FB,640,960,valid,activated_detected,,1,results/step06/raw/full/icarus/run_0021_offset_1280_count_0064.log
F1339,3,Rising_TF,39,3,icarus,1,2,1,2,39,M2,FF,F7,640,960,valid,activated_detected,,1,results/step06/raw/full/icarus/run_0021_offset_1280_count_0064.log
F1340,3,Rising_TF,39,4,icarus,1,2,1,2,39,M2,FF,EF,640,960,valid,activated_detected,,1,results/step06/raw/full/icarus/run_0021_offset_1280_count_0064.log
F1341,3,Rising_TF,39,5,icarus,1,2,1,2,39,M2,FF,DF,640,960,valid,activated_detected,,1,results/step06/raw/full/icarus/run_0021_offset_1280_count_0064.log
F1342,3,Rising_TF,39,6,icarus,1,2,1,2,39,M2,FF,BF,640,960,valid,activated_detected,,1,results/step06/raw/full/icarus/run_0021_offset_1280_count_0064.log
F1343,3,Rising_TF,39,7,icarus,1,2,1,2,39,M2,FF,7F,640,960,valid,activated_detected,,1,results/step06/raw/full/icarus/run_0021_offset_1280_count_0064.log
F1344,3,Rising_TF,40,0,icarus,1,2,1,2,40,M2,FF,FE,640,960,valid,activated_detected,,1,results/step06/raw/full/icarus/run_0022_offset_1344_count_0064.log
F1345,3,Rising_TF,40,1,icarus,1,2,1,2,40,M2,FF,FD,640,960,valid,activated_detected,,1,results/step06/raw/full/icarus/run_0022_offset_1344_count_0064.log
F1346,3,Rising_TF,40,2,icarus,1,2,1,2,40,M2,FF,FB,640,960,valid,activated_detected,,1,results/step06/raw/full/icarus/run_0022_offset_1344_count_0064.log
F1347,3,Rising_TF,40,3,icarus,1,2,1,2,40,M2,FF,F7,640,960,valid,activated_detected,,1,results/step06/raw/full/icarus/run_0022_offset_1344_count_0064.log
F1348,3,Rising_TF,40,4,icarus,1,2,1,2,40,M2,FF,EF,640,960,valid,activated_detected,,1,results/step06/raw/full/icarus/run_0022_offset_1344_count_0064.log
F1349,3,Rising_TF,40,5,icarus,1,2,1,2,40,M2,FF,DF,640,960,valid,activated_detected,,1,results/step06/raw/full/icarus/run_0022_offset_1344_count_0064.log
F1350,3,Rising_TF,40,6,icarus,1,2,1,2,40,M2,FF,BF,640,960,valid,activated_detected,,1,results/step06/raw/full/icarus/run_0022_offset_1344_count_0064.log
F1351,3,Rising_TF,40,7,icarus,1,2,1,2,40,M2,FF,7F,640,960,valid,activated_detected,,1,results/step06/raw/full/icarus/run_0022_offset_1344_count_0064.log
F1352,3,Rising_TF,41,0,icarus,1,2,1,2,41,M2,FF,FE,640,960,valid,activated_detected,,1,results/step06/raw/full/icarus/run_0022_offset_1344_count_0064.log
F1353,3,Rising_TF,41,1,icarus,1,2,1,2,41,M2,FF,FD,640,960,valid,activated_detected,,1,results/step06/raw/full/icarus/run_0022_offset_1344_count_0064.log
F1354,3,Rising_TF,41,2,icarus,1,2,1,2,41,M2,FF,FB,640,960,valid,activated_detected,,1,results/step06/raw/full/icarus/run_0022_offset_1344_count_0064.log
F1355,3,Rising_TF,41,3,icarus,1,2,1,2,41,M2,FF,F7,640,960,valid,activated_detected,,1,results/step06/raw/full/icarus/run_0022_offset_1344_count_0064.log
F1356,3,Rising_TF,41,4,icarus,1,2,1,2,41,M2,FF,EF,640,960,valid,activated_detected,,1,results/step06/raw/full/icarus/run_0022_offset_1344_count_0064.log
F1357,3,Rising_TF,41,5,icarus,1,2,1,2,41,M2,FF,DF,640,960,valid,activated_detected,,1,results/step06/raw/full/icarus/run_0022_offset_1344_count_0064.log
F1358,3,Rising_TF,41,6,icarus,1,2,1,2,41,M2,FF,BF,640,960,valid,activated_detected,,1,results/step06/raw/full/icarus/run_0022_offset_1344_count_0064.log
F1359,3,Rising_TF,41,7,icarus,1,2,1,2,41,M2,FF,7F,640,960,valid,activated_detected,,1,results/step06/raw/full/icarus/run_0022_offset_1344_count_0064.log
F1360,3,Rising_TF,42,0,icarus,1,2,1,2,42,M2,FF,FE,640,960,valid,activated_detected,,1,results/step06/raw/full/icarus/run_0022_offset_1344_count_0064.log
F1361,3,Rising_TF,42,1,icarus,1,2,1,2,42,M2,FF,FD,640,960,valid,activated_detected,,1,results/step06/raw/full/icarus/run_0022_offset_1344_count_0064.log
F1362,3,Rising_TF,42,2,icarus,1,2,1,2,42,M2,FF,FB,640,960,valid,activated_detected,,1,results/step06/raw/full/icarus/run_0022_offset_1344_count_0064.log
F1363,3,Rising_TF,42,3,icarus,1,2,1,2,42,M2,FF,F7,640,960,valid,activated_detected,,1,results/step06/raw/full/icarus/run_0022_offset_1344_count_0064.log
F1364,3,Rising_TF,42,4,icarus,1,2,1,2,42,M2,FF,EF,640,960,valid,activated_detected,,1,results/step06/raw/full/icarus/run_0022_offset_1344_count_0064.log
F1365,3,Rising_TF,42,5,icarus,1,2,1,2,42,M2,FF,DF,640,960,valid,activated_detected,,1,results/step06/raw/full/icarus/run_0022_offset_1344_count_0064.log
F1366,3,Rising_TF,42,6,icarus,1,2,1,2,42,M2,FF,BF,640,960,valid,activated_detected,,1,results/step06/raw/full/icarus/run_0022_offset_1344_count_0064.log
F1367,3,Rising_TF,42,7,icarus,1,2,1,2,42,M2,FF,7F,640,960,valid,activated_detected,,1,results/step06/raw/full/icarus/run_0022_offset_1344_count_0064.log
F1368,3,Rising_TF,43,0,icarus,1,2,1,2,43,M2,FF,FE,640,960,valid,activated_detected,,1,results/step06/raw/full/icarus/run_0022_offset_1344_count_0064.log
F1369,3,Rising_TF,43,1,icarus,1,2,1,2,43,M2,FF,FD,640,960,valid,activated_detected,,1,results/step06/raw/full/icarus/run_0022_offset_1344_count_0064.log
F1370,3,Rising_TF,43,2,icarus,1,2,1,2,43,M2,FF,FB,640,960,valid,activated_detected,,1,results/step06/raw/full/icarus/run_0022_offset_1344_count_0064.log
F1371,3,Rising_TF,43,3,icarus,1,2,1,2,43,M2,FF,F7,640,960,valid,activated_detected,,1,results/step06/raw/full/icarus/run_0022_offset_1344_count_0064.log
F1372,3,Rising_TF,43,4,icarus,1,2,1,2,43,M2,FF,EF,640,960,valid,activated_detected,,1,results/step06/raw/full/icarus/run_0022_offset_1344_count_0064.log
F1373,3,Rising_TF,43,5,icarus,1,2,1,2,43,M2,FF,DF,640,960,valid,activated_detected,,1,results/step06/raw/full/icarus/run_0022_offset_1344_count_0064.log
F1374,3,Rising_TF,43,6,icarus,1,2,1,2,43,M2,FF,BF,640,960,valid,activated_detected,,1,results/step06/raw/full/icarus/run_0022_offset_1344_count_0064.log
F1375,3,Rising_TF,43,7,icarus,1,2,1,2,43,M2,FF,7F,640,960,valid,activated_detected,,1,results/step06/raw/full/icarus/run_0022_offset_1344_count_0064.log
F1376,3,Rising_TF,44,0,icarus,1,2,1,2,44,M2,FF,FE,640,960,valid,activated_detected,,1,results/step06/raw/full/icarus/run_0022_offset_1344_count_0064.log
F1377,3,Rising_TF,44,1,icarus,1,2,1,2,44,M2,FF,FD,640,960,valid,activated_detected,,1,results/step06/raw/full/icarus/run_0022_offset_1344_count_0064.log
F1378,3,Rising_TF,44,2,icarus,1,2,1,2,44,M2,FF,FB,640,960,valid,activated_detected,,1,results/step06/raw/full/icarus/run_0022_offset_1344_count_0064.log
F1379,3,Rising_TF,44,3,icarus,1,2,1,2,44,M2,FF,F7,640,960,valid,activated_detected,,1,results/step06/raw/full/icarus/run_0022_offset_1344_count_0064.log
F1380,3,Rising_TF,44,4,icarus,1,2,1,2,44,M2,FF,EF,640,960,valid,activated_detected,,1,results/step06/raw/full/icarus/run_0022_offset_1344_count_0064.log
F1381,3,Rising_TF,44,5,icarus,1,2,1,2,44,M2,FF,DF,640,960,valid,activated_detected,,1,results/step06/raw/full/icarus/run_0022_offset_1344_count_0064.log
F1382,3,Rising_TF,44,6,icarus,1,2,1,2,44,M2,FF,BF,640,960,valid,activated_detected,,1,results/step06/raw/full/icarus/run_0022_offset_1344_count_0064.log
F1383,3,Rising_TF,44,7,icarus,1,2,1,2,44,M2,FF,7F,640,960,valid,activated_detected,,1,results/step06/raw/full/icarus/run_0022_offset_1344_count_0064.log
F1384,3,Rising_TF,45,0,icarus,1,2,1,2,45,M2,FF,FE,640,960,valid,activated_detected,,1,results/step06/raw/full/icarus/run_0022_offset_1344_count_0064.log
F1385,3,Rising_TF,45,1,icarus,1,2,1,2,45,M2,FF,FD,640,960,valid,activated_detected,,1,results/step06/raw/full/icarus/run_0022_offset_1344_count_0064.log
F1386,3,Rising_TF,45,2,icarus,1,2,1,2,45,M2,FF,FB,640,960,valid,activated_detected,,1,results/step06/raw/full/icarus/run_0022_offset_1344_count_0064.log
F1387,3,Rising_TF,45,3,icarus,1,2,1,2,45,M2,FF,F7,640,960,valid,activated_detected,,1,results/step06/raw/full/icarus/run_0022_offset_1344_count_0064.log
F1388,3,Rising_TF,45,4,icarus,1,2,1,2,45,M2,FF,EF,640,960,valid,activated_detected,,1,results/step06/raw/full/icarus/run_0022_offset_1344_count_0064.log
F1389,3,Rising_TF,45,5,icarus,1,2,1,2,45,M2,FF,DF,640,960,valid,activated_detected,,1,results/step06/raw/full/icarus/run_0022_offset_1344_count_0064.log
F1390,3,Rising_TF,45,6,icarus,1,2,1,2,45,M2,FF,BF,640,960,valid,activated_detected,,1,results/step06/raw/full/icarus/run_0022_offset_1344_count_0064.log
F1391,3,Rising_TF,45,7,icarus,1,2,1,2,45,M2,FF,7F,640,960,valid,activated_detected,,1,results/step06/raw/full/icarus/run_0022_offset_1344_count_0064.log
F1392,3,Rising_TF,46,0,icarus,1,2,1,2,46,M2,FF,FE,640,960,valid,activated_detected,,1,results/step06/raw/full/icarus/run_0022_offset_1344_count_0064.log
F1393,3,Rising_TF,46,1,icarus,1,2,1,2,46,M2,FF,FD,640,960,valid,activated_detected,,1,results/step06/raw/full/icarus/run_0022_offset_1344_count_0064.log
F1394,3,Rising_TF,46,2,icarus,1,2,1,2,46,M2,FF,FB,640,960,valid,activated_detected,,1,results/step06/raw/full/icarus/run_0022_offset_1344_count_0064.log
F1395,3,Rising_TF,46,3,icarus,1,2,1,2,46,M2,FF,F7,640,960,valid,activated_detected,,1,results/step06/raw/full/icarus/run_0022_offset_1344_count_0064.log
F1396,3,Rising_TF,46,4,icarus,1,2,1,2,46,M2,FF,EF,640,960,valid,activated_detected,,1,results/step06/raw/full/icarus/run_0022_offset_1344_count_0064.log
F1397,3,Rising_TF,46,5,icarus,1,2,1,2,46,M2,FF,DF,640,960,valid,activated_detected,,1,results/step06/raw/full/icarus/run_0022_offset_1344_count_0064.log
F1398,3,Rising_TF,46,6,icarus,1,2,1,2,46,M2,FF,BF,640,960,valid,activated_detected,,1,results/step06/raw/full/icarus/run_0022_offset_1344_count_0064.log
F1399,3,Rising_TF,46,7,icarus,1,2,1,2,46,M2,FF,7F,640,960,valid,activated_detected,,1,results/step06/raw/full/icarus/run_0022_offset_1344_count_0064.log
F1400,3,Rising_TF,47,0,icarus,1,2,1,2,47,M2,FF,FE,640,960,valid,activated_detected,,1,results/step06/raw/full/icarus/run_0022_offset_1344_count_0064.log
F1401,3,Rising_TF,47,1,icarus,1,2,1,2,47,M2,FF,FD,640,960,valid,activated_detected,,1,results/step06/raw/full/icarus/run_0022_offset_1344_count_0064.log
F1402,3,Rising_TF,47,2,icarus,1,2,1,2,47,M2,FF,FB,640,960,valid,activated_detected,,1,results/step06/raw/full/icarus/run_0022_offset_1344_count_0064.log
F1403,3,Rising_TF,47,3,icarus,1,2,1,2,47,M2,FF,F7,640,960,valid,activated_detected,,1,results/step06/raw/full/icarus/run_0022_offset_1344_count_0064.log
F1404,3,Rising_TF,47,4,icarus,1,2,1,2,47,M2,FF,EF,640,960,valid,activated_detected,,1,results/step06/raw/full/icarus/run_0022_offset_1344_count_0064.log
F1405,3,Rising_TF,47,5,icarus,1,2,1,2,47,M2,FF,DF,640,960,valid,activated_detected,,1,results/step06/raw/full/icarus/run_0022_offset_1344_count_0064.log
F1406,3,Rising_TF,47,6,icarus,1,2,1,2,47,M2,FF,BF,640,960,valid,activated_detected,,1,results/step06/raw/full/icarus/run_0022_offset_1344_count_0064.log
F1407,3,Rising_TF,47,7,icarus,1,2,1,2,47,M2,FF,7F,640,960,valid,activated_detected,,1,results/step06/raw/full/icarus/run_0022_offset_1344_count_0064.log
F1408,3,Rising_TF,48,0,icarus,1,2,1,2,48,M2,FF,FE,640,960,valid,activated_detected,,1,results/step06/raw/full/icarus/run_0023_offset_1408_count_0064.log
F1409,3,Rising_TF,48,1,icarus,1,2,1,2,48,M2,FF,FD,640,960,valid,activated_detected,,1,results/step06/raw/full/icarus/run_0023_offset_1408_count_0064.log
F1410,3,Rising_TF,48,2,icarus,1,2,1,2,48,M2,FF,FB,640,960,valid,activated_detected,,1,results/step06/raw/full/icarus/run_0023_offset_1408_count_0064.log
F1411,3,Rising_TF,48,3,icarus,1,2,1,2,48,M2,FF,F7,640,960,valid,activated_detected,,1,results/step06/raw/full/icarus/run_0023_offset_1408_count_0064.log
F1412,3,Rising_TF,48,4,icarus,1,2,1,2,48,M2,FF,EF,640,960,valid,activated_detected,,1,results/step06/raw/full/icarus/run_0023_offset_1408_count_0064.log
F1413,3,Rising_TF,48,5,icarus,1,2,1,2,48,M2,FF,DF,640,960,valid,activated_detected,,1,results/step06/raw/full/icarus/run_0023_offset_1408_count_0064.log
F1414,3,Rising_TF,48,6,icarus,1,2,1,2,48,M2,FF,BF,640,960,valid,activated_detected,,1,results/step06/raw/full/icarus/run_0023_offset_1408_count_0064.log
F1415,3,Rising_TF,48,7,icarus,1,2,1,2,48,M2,FF,7F,640,960,valid,activated_detected,,1,results/step06/raw/full/icarus/run_0023_offset_1408_count_0064.log
F1416,3,Rising_TF,49,0,icarus,1,2,1,2,49,M2,FF,FE,640,960,valid,activated_detected,,1,results/step06/raw/full/icarus/run_0023_offset_1408_count_0064.log
F1417,3,Rising_TF,49,1,icarus,1,2,1,2,49,M2,FF,FD,640,960,valid,activated_detected,,1,results/step06/raw/full/icarus/run_0023_offset_1408_count_0064.log
F1418,3,Rising_TF,49,2,icarus,1,2,1,2,49,M2,FF,FB,640,960,valid,activated_detected,,1,results/step06/raw/full/icarus/run_0023_offset_1408_count_0064.log
F1419,3,Rising_TF,49,3,icarus,1,2,1,2,49,M2,FF,F7,640,960,valid,activated_detected,,1,results/step06/raw/full/icarus/run_0023_offset_1408_count_0064.log
F1420,3,Rising_TF,49,4,icarus,1,2,1,2,49,M2,FF,EF,640,960,valid,activated_detected,,1,results/step06/raw/full/icarus/run_0023_offset_1408_count_0064.log
F1421,3,Rising_TF,49,5,icarus,1,2,1,2,49,M2,FF,DF,640,960,valid,activated_detected,,1,results/step06/raw/full/icarus/run_0023_offset_1408_count_0064.log
F1422,3,Rising_TF,49,6,icarus,1,2,1,2,49,M2,FF,BF,640,960,valid,activated_detected,,1,results/step06/raw/full/icarus/run_0023_offset_1408_count_0064.log
F1423,3,Rising_TF,49,7,icarus,1,2,1,2,49,M2,FF,7F,640,960,valid,activated_detected,,1,results/step06/raw/full/icarus/run_0023_offset_1408_count_0064.log
F1424,3,Rising_TF,50,0,icarus,1,2,1,2,50,M2,FF,FE,640,960,valid,activated_detected,,1,results/step06/raw/full/icarus/run_0023_offset_1408_count_0064.log
F1425,3,Rising_TF,50,1,icarus,1,2,1,2,50,M2,FF,FD,640,960,valid,activated_detected,,1,results/step06/raw/full/icarus/run_0023_offset_1408_count_0064.log
F1426,3,Rising_TF,50,2,icarus,1,2,1,2,50,M2,FF,FB,640,960,valid,activated_detected,,1,results/step06/raw/full/icarus/run_0023_offset_1408_count_0064.log
F1427,3,Rising_TF,50,3,icarus,1,2,1,2,50,M2,FF,F7,640,960,valid,activated_detected,,1,results/step06/raw/full/icarus/run_0023_offset_1408_count_0064.log
F1428,3,Rising_TF,50,4,icarus,1,2,1,2,50,M2,FF,EF,640,960,valid,activated_detected,,1,results/step06/raw/full/icarus/run_0023_offset_1408_count_0064.log
F1429,3,Rising_TF,50,5,icarus,1,2,1,2,50,M2,FF,DF,640,960,valid,activated_detected,,1,results/step06/raw/full/icarus/run_0023_offset_1408_count_0064.log
F1430,3,Rising_TF,50,6,icarus,1,2,1,2,50,M2,FF,BF,640,960,valid,activated_detected,,1,results/step06/raw/full/icarus/run_0023_offset_1408_count_0064.log
F1431,3,Rising_TF,50,7,icarus,1,2,1,2,50,M2,FF,7F,640,960,valid,activated_detected,,1,results/step06/raw/full/icarus/run_0023_offset_1408_count_0064.log
F1432,3,Rising_TF,51,0,icarus,1,2,1,2,51,M2,FF,FE,640,960,valid,activated_detected,,1,results/step06/raw/full/icarus/run_0023_offset_1408_count_0064.log
F1433,3,Rising_TF,51,1,icarus,1,2,1,2,51,M2,FF,FD,640,960,valid,activated_detected,,1,results/step06/raw/full/icarus/run_0023_offset_1408_count_0064.log
F1434,3,Rising_TF,51,2,icarus,1,2,1,2,51,M2,FF,FB,640,960,valid,activated_detected,,1,results/step06/raw/full/icarus/run_0023_offset_1408_count_0064.log
F1435,3,Rising_TF,51,3,icarus,1,2,1,2,51,M2,FF,F7,640,960,valid,activated_detected,,1,results/step06/raw/full/icarus/run_0023_offset_1408_count_0064.log
F1436,3,Rising_TF,51,4,icarus,1,2,1,2,51,M2,FF,EF,640,960,valid,activated_detected,,1,results/step06/raw/full/icarus/run_0023_offset_1408_count_0064.log
F1437,3,Rising_TF,51,5,icarus,1,2,1,2,51,M2,FF,DF,640,960,valid,activated_detected,,1,results/step06/raw/full/icarus/run_0023_offset_1408_count_0064.log
F1438,3,Rising_TF,51,6,icarus,1,2,1,2,51,M2,FF,BF,640,960,valid,activated_detected,,1,results/step06/raw/full/icarus/run_0023_offset_1408_count_0064.log
F1439,3,Rising_TF,51,7,icarus,1,2,1,2,51,M2,FF,7F,640,960,valid,activated_detected,,1,results/step06/raw/full/icarus/run_0023_offset_1408_count_0064.log
F1440,3,Rising_TF,52,0,icarus,1,2,1,2,52,M2,FF,FE,640,960,valid,activated_detected,,1,results/step06/raw/full/icarus/run_0023_offset_1408_count_0064.log
F1441,3,Rising_TF,52,1,icarus,1,2,1,2,52,M2,FF,FD,640,960,valid,activated_detected,,1,results/step06/raw/full/icarus/run_0023_offset_1408_count_0064.log
F1442,3,Rising_TF,52,2,icarus,1,2,1,2,52,M2,FF,FB,640,960,valid,activated_detected,,1,results/step06/raw/full/icarus/run_0023_offset_1408_count_0064.log
F1443,3,Rising_TF,52,3,icarus,1,2,1,2,52,M2,FF,F7,640,960,valid,activated_detected,,1,results/step06/raw/full/icarus/run_0023_offset_1408_count_0064.log
F1444,3,Rising_TF,52,4,icarus,1,2,1,2,52,M2,FF,EF,640,960,valid,activated_detected,,1,results/step06/raw/full/icarus/run_0023_offset_1408_count_0064.log
F1445,3,Rising_TF,52,5,icarus,1,2,1,2,52,M2,FF,DF,640,960,valid,activated_detected,,1,results/step06/raw/full/icarus/run_0023_offset_1408_count_0064.log
F1446,3,Rising_TF,52,6,icarus,1,2,1,2,52,M2,FF,BF,640,960,valid,activated_detected,,1,results/step06/raw/full/icarus/run_0023_offset_1408_count_0064.log
F1447,3,Rising_TF,52,7,icarus,1,2,1,2,52,M2,FF,7F,640,960,valid,activated_detected,,1,results/step06/raw/full/icarus/run_0023_offset_1408_count_0064.log
F1448,3,Rising_TF,53,0,icarus,1,2,1,2,53,M2,FF,FE,640,960,valid,activated_detected,,1,results/step06/raw/full/icarus/run_0023_offset_1408_count_0064.log
F1449,3,Rising_TF,53,1,icarus,1,2,1,2,53,M2,FF,FD,640,960,valid,activated_detected,,1,results/step06/raw/full/icarus/run_0023_offset_1408_count_0064.log
F1450,3,Rising_TF,53,2,icarus,1,2,1,2,53,M2,FF,FB,640,960,valid,activated_detected,,1,results/step06/raw/full/icarus/run_0023_offset_1408_count_0064.log
F1451,3,Rising_TF,53,3,icarus,1,2,1,2,53,M2,FF,F7,640,960,valid,activated_detected,,1,results/step06/raw/full/icarus/run_0023_offset_1408_count_0064.log
F1452,3,Rising_TF,53,4,icarus,1,2,1,2,53,M2,FF,EF,640,960,valid,activated_detected,,1,results/step06/raw/full/icarus/run_0023_offset_1408_count_0064.log
F1453,3,Rising_TF,53,5,icarus,1,2,1,2,53,M2,FF,DF,640,960,valid,activated_detected,,1,results/step06/raw/full/icarus/run_0023_offset_1408_count_0064.log
F1454,3,Rising_TF,53,6,icarus,1,2,1,2,53,M2,FF,BF,640,960,valid,activated_detected,,1,results/step06/raw/full/icarus/run_0023_offset_1408_count_0064.log
F1455,3,Rising_TF,53,7,icarus,1,2,1,2,53,M2,FF,7F,640,960,valid,activated_detected,,1,results/step06/raw/full/icarus/run_0023_offset_1408_count_0064.log
F1456,3,Rising_TF,54,0,icarus,1,2,1,2,54,M2,FF,FE,640,960,valid,activated_detected,,1,results/step06/raw/full/icarus/run_0023_offset_1408_count_0064.log
F1457,3,Rising_TF,54,1,icarus,1,2,1,2,54,M2,FF,FD,640,960,valid,activated_detected,,1,results/step06/raw/full/icarus/run_0023_offset_1408_count_0064.log
F1458,3,Rising_TF,54,2,icarus,1,2,1,2,54,M2,FF,FB,640,960,valid,activated_detected,,1,results/step06/raw/full/icarus/run_0023_offset_1408_count_0064.log
F1459,3,Rising_TF,54,3,icarus,1,2,1,2,54,M2,FF,F7,640,960,valid,activated_detected,,1,results/step06/raw/full/icarus/run_0023_offset_1408_count_0064.log
F1460,3,Rising_TF,54,4,icarus,1,2,1,2,54,M2,FF,EF,640,960,valid,activated_detected,,1,results/step06/raw/full/icarus/run_0023_offset_1408_count_0064.log
F1461,3,Rising_TF,54,5,icarus,1,2,1,2,54,M2,FF,DF,640,960,valid,activated_detected,,1,results/step06/raw/full/icarus/run_0023_offset_1408_count_0064.log
F1462,3,Rising_TF,54,6,icarus,1,2,1,2,54,M2,FF,BF,640,960,valid,activated_detected,,1,results/step06/raw/full/icarus/run_0023_offset_1408_count_0064.log
F1463,3,Rising_TF,54,7,icarus,1,2,1,2,54,M2,FF,7F,640,960,valid,activated_detected,,1,results/step06/raw/full/icarus/run_0023_offset_1408_count_0064.log
F1464,3,Rising_TF,55,0,icarus,1,2,1,2,55,M2,FF,FE,640,960,valid,activated_detected,,1,results/step06/raw/full/icarus/run_0023_offset_1408_count_0064.log
F1465,3,Rising_TF,55,1,icarus,1,2,1,2,55,M2,FF,FD,640,960,valid,activated_detected,,1,results/step06/raw/full/icarus/run_0023_offset_1408_count_0064.log
F1466,3,Rising_TF,55,2,icarus,1,2,1,2,55,M2,FF,FB,640,960,valid,activated_detected,,1,results/step06/raw/full/icarus/run_0023_offset_1408_count_0064.log
F1467,3,Rising_TF,55,3,icarus,1,2,1,2,55,M2,FF,F7,640,960,valid,activated_detected,,1,results/step06/raw/full/icarus/run_0023_offset_1408_count_0064.log
F1468,3,Rising_TF,55,4,icarus,1,2,1,2,55,M2,FF,EF,640,960,valid,activated_detected,,1,results/step06/raw/full/icarus/run_0023_offset_1408_count_0064.log
F1469,3,Rising_TF,55,5,icarus,1,2,1,2,55,M2,FF,DF,640,960,valid,activated_detected,,1,results/step06/raw/full/icarus/run_0023_offset_1408_count_0064.log
F1470,3,Rising_TF,55,6,icarus,1,2,1,2,55,M2,FF,BF,640,960,valid,activated_detected,,1,results/step06/raw/full/icarus/run_0023_offset_1408_count_0064.log
F1471,3,Rising_TF,55,7,icarus,1,2,1,2,55,M2,FF,7F,640,960,valid,activated_detected,,1,results/step06/raw/full/icarus/run_0023_offset_1408_count_0064.log
F1472,3,Rising_TF,56,0,icarus,1,2,1,2,56,M2,FF,FE,640,960,valid,activated_detected,,1,results/step06/raw/full/icarus/run_0024_offset_1472_count_0064.log
F1473,3,Rising_TF,56,1,icarus,1,2,1,2,56,M2,FF,FD,640,960,valid,activated_detected,,1,results/step06/raw/full/icarus/run_0024_offset_1472_count_0064.log
F1474,3,Rising_TF,56,2,icarus,1,2,1,2,56,M2,FF,FB,640,960,valid,activated_detected,,1,results/step06/raw/full/icarus/run_0024_offset_1472_count_0064.log
F1475,3,Rising_TF,56,3,icarus,1,2,1,2,56,M2,FF,F7,640,960,valid,activated_detected,,1,results/step06/raw/full/icarus/run_0024_offset_1472_count_0064.log
F1476,3,Rising_TF,56,4,icarus,1,2,1,2,56,M2,FF,EF,640,960,valid,activated_detected,,1,results/step06/raw/full/icarus/run_0024_offset_1472_count_0064.log
F1477,3,Rising_TF,56,5,icarus,1,2,1,2,56,M2,FF,DF,640,960,valid,activated_detected,,1,results/step06/raw/full/icarus/run_0024_offset_1472_count_0064.log
F1478,3,Rising_TF,56,6,icarus,1,2,1,2,56,M2,FF,BF,640,960,valid,activated_detected,,1,results/step06/raw/full/icarus/run_0024_offset_1472_count_0064.log
F1479,3,Rising_TF,56,7,icarus,1,2,1,2,56,M2,FF,7F,640,960,valid,activated_detected,,1,results/step06/raw/full/icarus/run_0024_offset_1472_count_0064.log
F1480,3,Rising_TF,57,0,icarus,1,2,1,2,57,M2,FF,FE,640,960,valid,activated_detected,,1,results/step06/raw/full/icarus/run_0024_offset_1472_count_0064.log
F1481,3,Rising_TF,57,1,icarus,1,2,1,2,57,M2,FF,FD,640,960,valid,activated_detected,,1,results/step06/raw/full/icarus/run_0024_offset_1472_count_0064.log
F1482,3,Rising_TF,57,2,icarus,1,2,1,2,57,M2,FF,FB,640,960,valid,activated_detected,,1,results/step06/raw/full/icarus/run_0024_offset_1472_count_0064.log
F1483,3,Rising_TF,57,3,icarus,1,2,1,2,57,M2,FF,F7,640,960,valid,activated_detected,,1,results/step06/raw/full/icarus/run_0024_offset_1472_count_0064.log
F1484,3,Rising_TF,57,4,icarus,1,2,1,2,57,M2,FF,EF,640,960,valid,activated_detected,,1,results/step06/raw/full/icarus/run_0024_offset_1472_count_0064.log
F1485,3,Rising_TF,57,5,icarus,1,2,1,2,57,M2,FF,DF,640,960,valid,activated_detected,,1,results/step06/raw/full/icarus/run_0024_offset_1472_count_0064.log
F1486,3,Rising_TF,57,6,icarus,1,2,1,2,57,M2,FF,BF,640,960,valid,activated_detected,,1,results/step06/raw/full/icarus/run_0024_offset_1472_count_0064.log
F1487,3,Rising_TF,57,7,icarus,1,2,1,2,57,M2,FF,7F,640,960,valid,activated_detected,,1,results/step06/raw/full/icarus/run_0024_offset_1472_count_0064.log
F1488,3,Rising_TF,58,0,icarus,1,2,1,2,58,M2,FF,FE,640,960,valid,activated_detected,,1,results/step06/raw/full/icarus/run_0024_offset_1472_count_0064.log
F1489,3,Rising_TF,58,1,icarus,1,2,1,2,58,M2,FF,FD,640,960,valid,activated_detected,,1,results/step06/raw/full/icarus/run_0024_offset_1472_count_0064.log
F1490,3,Rising_TF,58,2,icarus,1,2,1,2,58,M2,FF,FB,640,960,valid,activated_detected,,1,results/step06/raw/full/icarus/run_0024_offset_1472_count_0064.log
F1491,3,Rising_TF,58,3,icarus,1,2,1,2,58,M2,FF,F7,640,960,valid,activated_detected,,1,results/step06/raw/full/icarus/run_0024_offset_1472_count_0064.log
F1492,3,Rising_TF,58,4,icarus,1,2,1,2,58,M2,FF,EF,640,960,valid,activated_detected,,1,results/step06/raw/full/icarus/run_0024_offset_1472_count_0064.log
F1493,3,Rising_TF,58,5,icarus,1,2,1,2,58,M2,FF,DF,640,960,valid,activated_detected,,1,results/step06/raw/full/icarus/run_0024_offset_1472_count_0064.log
F1494,3,Rising_TF,58,6,icarus,1,2,1,2,58,M2,FF,BF,640,960,valid,activated_detected,,1,results/step06/raw/full/icarus/run_0024_offset_1472_count_0064.log
F1495,3,Rising_TF,58,7,icarus,1,2,1,2,58,M2,FF,7F,640,960,valid,activated_detected,,1,results/step06/raw/full/icarus/run_0024_offset_1472_count_0064.log
F1496,3,Rising_TF,59,0,icarus,1,2,1,2,59,M2,FF,FE,640,960,valid,activated_detected,,1,results/step06/raw/full/icarus/run_0024_offset_1472_count_0064.log
F1497,3,Rising_TF,59,1,icarus,1,2,1,2,59,M2,FF,FD,640,960,valid,activated_detected,,1,results/step06/raw/full/icarus/run_0024_offset_1472_count_0064.log
F1498,3,Rising_TF,59,2,icarus,1,2,1,2,59,M2,FF,FB,640,960,valid,activated_detected,,1,results/step06/raw/full/icarus/run_0024_offset_1472_count_0064.log
F1499,3,Rising_TF,59,3,icarus,1,2,1,2,59,M2,FF,F7,640,960,valid,activated_detected,,1,results/step06/raw/full/icarus/run_0024_offset_1472_count_0064.log
F1500,3,Rising_TF,59,4,icarus,1,2,1,2,59,M2,FF,EF,640,960,valid,activated_detected,,1,results/step06/raw/full/icarus/run_0024_offset_1472_count_0064.log
F1501,3,Rising_TF,59,5,icarus,1,2,1,2,59,M2,FF,DF,640,960,valid,activated_detected,,1,results/step06/raw/full/icarus/run_0024_offset_1472_count_0064.log
F1502,3,Rising_TF,59,6,icarus,1,2,1,2,59,M2,FF,BF,640,960,valid,activated_detected,,1,results/step06/raw/full/icarus/run_0024_offset_1472_count_0064.log
F1503,3,Rising_TF,59,7,icarus,1,2,1,2,59,M2,FF,7F,640,960,valid,activated_detected,,1,results/step06/raw/full/icarus/run_0024_offset_1472_count_0064.log
F1504,3,Rising_TF,60,0,icarus,1,2,1,2,60,M2,FF,FE,640,960,valid,activated_detected,,1,results/step06/raw/full/icarus/run_0024_offset_1472_count_0064.log
F1505,3,Rising_TF,60,1,icarus,1,2,1,2,60,M2,FF,FD,640,960,valid,activated_detected,,1,results/step06/raw/full/icarus/run_0024_offset_1472_count_0064.log
F1506,3,Rising_TF,60,2,icarus,1,2,1,2,60,M2,FF,FB,640,960,valid,activated_detected,,1,results/step06/raw/full/icarus/run_0024_offset_1472_count_0064.log
F1507,3,Rising_TF,60,3,icarus,1,2,1,2,60,M2,FF,F7,640,960,valid,activated_detected,,1,results/step06/raw/full/icarus/run_0024_offset_1472_count_0064.log
F1508,3,Rising_TF,60,4,icarus,1,2,1,2,60,M2,FF,EF,640,960,valid,activated_detected,,1,results/step06/raw/full/icarus/run_0024_offset_1472_count_0064.log
F1509,3,Rising_TF,60,5,icarus,1,2,1,2,60,M2,FF,DF,640,960,valid,activated_detected,,1,results/step06/raw/full/icarus/run_0024_offset_1472_count_0064.log
F1510,3,Rising_TF,60,6,icarus,1,2,1,2,60,M2,FF,BF,640,960,valid,activated_detected,,1,results/step06/raw/full/icarus/run_0024_offset_1472_count_0064.log
F1511,3,Rising_TF,60,7,icarus,1,2,1,2,60,M2,FF,7F,640,960,valid,activated_detected,,1,results/step06/raw/full/icarus/run_0024_offset_1472_count_0064.log
F1512,3,Rising_TF,61,0,icarus,1,2,1,2,61,M2,FF,FE,640,960,valid,activated_detected,,1,results/step06/raw/full/icarus/run_0024_offset_1472_count_0064.log
F1513,3,Rising_TF,61,1,icarus,1,2,1,2,61,M2,FF,FD,640,960,valid,activated_detected,,1,results/step06/raw/full/icarus/run_0024_offset_1472_count_0064.log
F1514,3,Rising_TF,61,2,icarus,1,2,1,2,61,M2,FF,FB,640,960,valid,activated_detected,,1,results/step06/raw/full/icarus/run_0024_offset_1472_count_0064.log
F1515,3,Rising_TF,61,3,icarus,1,2,1,2,61,M2,FF,F7,640,960,valid,activated_detected,,1,results/step06/raw/full/icarus/run_0024_offset_1472_count_0064.log
F1516,3,Rising_TF,61,4,icarus,1,2,1,2,61,M2,FF,EF,640,960,valid,activated_detected,,1,results/step06/raw/full/icarus/run_0024_offset_1472_count_0064.log
F1517,3,Rising_TF,61,5,icarus,1,2,1,2,61,M2,FF,DF,640,960,valid,activated_detected,,1,results/step06/raw/full/icarus/run_0024_offset_1472_count_0064.log
F1518,3,Rising_TF,61,6,icarus,1,2,1,2,61,M2,FF,BF,640,960,valid,activated_detected,,1,results/step06/raw/full/icarus/run_0024_offset_1472_count_0064.log
F1519,3,Rising_TF,61,7,icarus,1,2,1,2,61,M2,FF,7F,640,960,valid,activated_detected,,1,results/step06/raw/full/icarus/run_0024_offset_1472_count_0064.log
F1520,3,Rising_TF,62,0,icarus,1,2,1,2,62,M2,FF,FE,640,960,valid,activated_detected,,1,results/step06/raw/full/icarus/run_0024_offset_1472_count_0064.log
F1521,3,Rising_TF,62,1,icarus,1,2,1,2,62,M2,FF,FD,640,960,valid,activated_detected,,1,results/step06/raw/full/icarus/run_0024_offset_1472_count_0064.log
F1522,3,Rising_TF,62,2,icarus,1,2,1,2,62,M2,FF,FB,640,960,valid,activated_detected,,1,results/step06/raw/full/icarus/run_0024_offset_1472_count_0064.log
F1523,3,Rising_TF,62,3,icarus,1,2,1,2,62,M2,FF,F7,640,960,valid,activated_detected,,1,results/step06/raw/full/icarus/run_0024_offset_1472_count_0064.log
F1524,3,Rising_TF,62,4,icarus,1,2,1,2,62,M2,FF,EF,640,960,valid,activated_detected,,1,results/step06/raw/full/icarus/run_0024_offset_1472_count_0064.log
F1525,3,Rising_TF,62,5,icarus,1,2,1,2,62,M2,FF,DF,640,960,valid,activated_detected,,1,results/step06/raw/full/icarus/run_0024_offset_1472_count_0064.log
F1526,3,Rising_TF,62,6,icarus,1,2,1,2,62,M2,FF,BF,640,960,valid,activated_detected,,1,results/step06/raw/full/icarus/run_0024_offset_1472_count_0064.log
F1527,3,Rising_TF,62,7,icarus,1,2,1,2,62,M2,FF,7F,640,960,valid,activated_detected,,1,results/step06/raw/full/icarus/run_0024_offset_1472_count_0064.log
F1528,3,Rising_TF,63,0,icarus,1,2,1,2,63,M2,FF,FE,640,960,valid,activated_detected,,1,results/step06/raw/full/icarus/run_0024_offset_1472_count_0064.log
F1529,3,Rising_TF,63,1,icarus,1,2,1,2,63,M2,FF,FD,640,960,valid,activated_detected,,1,results/step06/raw/full/icarus/run_0024_offset_1472_count_0064.log
F1530,3,Rising_TF,63,2,icarus,1,2,1,2,63,M2,FF,FB,640,960,valid,activated_detected,,1,results/step06/raw/full/icarus/run_0024_offset_1472_count_0064.log
F1531,3,Rising_TF,63,3,icarus,1,2,1,2,63,M2,FF,F7,640,960,valid,activated_detected,,1,results/step06/raw/full/icarus/run_0024_offset_1472_count_0064.log
F1532,3,Rising_TF,63,4,icarus,1,2,1,2,63,M2,FF,EF,640,960,valid,activated_detected,,1,results/step06/raw/full/icarus/run_0024_offset_1472_count_0064.log
F1533,3,Rising_TF,63,5,icarus,1,2,1,2,63,M2,FF,DF,640,960,valid,activated_detected,,1,results/step06/raw/full/icarus/run_0024_offset_1472_count_0064.log
F1534,3,Rising_TF,63,6,icarus,1,2,1,2,63,M2,FF,BF,640,960,valid,activated_detected,,1,results/step06/raw/full/icarus/run_0024_offset_1472_count_0064.log
F1535,3,Rising_TF,63,7,icarus,1,2,1,2,63,M2,FF,7F,640,960,valid,activated_detected,,1,results/step06/raw/full/icarus/run_0024_offset_1472_count_0064.log
F1536,4,Falling_TF,0,0,icarus,1,2,1,2,0,M3,00,01,640,960,valid,activated_detected,,1,results/step06/raw/full/icarus/run_0025_offset_1536_count_0064.log
F1537,4,Falling_TF,0,1,icarus,1,2,1,2,0,M3,00,02,640,960,valid,activated_detected,,1,results/step06/raw/full/icarus/run_0025_offset_1536_count_0064.log
F1538,4,Falling_TF,0,2,icarus,1,2,1,2,0,M3,00,04,640,960,valid,activated_detected,,1,results/step06/raw/full/icarus/run_0025_offset_1536_count_0064.log
F1539,4,Falling_TF,0,3,icarus,1,2,1,2,0,M3,00,08,640,960,valid,activated_detected,,1,results/step06/raw/full/icarus/run_0025_offset_1536_count_0064.log
F1540,4,Falling_TF,0,4,icarus,1,2,1,2,0,M3,00,10,640,960,valid,activated_detected,,1,results/step06/raw/full/icarus/run_0025_offset_1536_count_0064.log
F1541,4,Falling_TF,0,5,icarus,1,2,1,2,0,M3,00,20,640,960,valid,activated_detected,,1,results/step06/raw/full/icarus/run_0025_offset_1536_count_0064.log
F1542,4,Falling_TF,0,6,icarus,1,2,1,2,0,M3,00,40,640,960,valid,activated_detected,,1,results/step06/raw/full/icarus/run_0025_offset_1536_count_0064.log
F1543,4,Falling_TF,0,7,icarus,1,2,1,2,0,M3,00,80,640,960,valid,activated_detected,,1,results/step06/raw/full/icarus/run_0025_offset_1536_count_0064.log
F1544,4,Falling_TF,1,0,icarus,1,2,1,2,1,M3,00,01,640,960,valid,activated_detected,,1,results/step06/raw/full/icarus/run_0025_offset_1536_count_0064.log
F1545,4,Falling_TF,1,1,icarus,1,2,1,2,1,M3,00,02,640,960,valid,activated_detected,,1,results/step06/raw/full/icarus/run_0025_offset_1536_count_0064.log
F1546,4,Falling_TF,1,2,icarus,1,2,1,2,1,M3,00,04,640,960,valid,activated_detected,,1,results/step06/raw/full/icarus/run_0025_offset_1536_count_0064.log
F1547,4,Falling_TF,1,3,icarus,1,2,1,2,1,M3,00,08,640,960,valid,activated_detected,,1,results/step06/raw/full/icarus/run_0025_offset_1536_count_0064.log
F1548,4,Falling_TF,1,4,icarus,1,2,1,2,1,M3,00,10,640,960,valid,activated_detected,,1,results/step06/raw/full/icarus/run_0025_offset_1536_count_0064.log
F1549,4,Falling_TF,1,5,icarus,1,2,1,2,1,M3,00,20,640,960,valid,activated_detected,,1,results/step06/raw/full/icarus/run_0025_offset_1536_count_0064.log
F1550,4,Falling_TF,1,6,icarus,1,2,1,2,1,M3,00,40,640,960,valid,activated_detected,,1,results/step06/raw/full/icarus/run_0025_offset_1536_count_0064.log
F1551,4,Falling_TF,1,7,icarus,1,2,1,2,1,M3,00,80,640,960,valid,activated_detected,,1,results/step06/raw/full/icarus/run_0025_offset_1536_count_0064.log
F1552,4,Falling_TF,2,0,icarus,1,2,1,2,2,M3,00,01,640,960,valid,activated_detected,,1,results/step06/raw/full/icarus/run_0025_offset_1536_count_0064.log
F1553,4,Falling_TF,2,1,icarus,1,2,1,2,2,M3,00,02,640,960,valid,activated_detected,,1,results/step06/raw/full/icarus/run_0025_offset_1536_count_0064.log
F1554,4,Falling_TF,2,2,icarus,1,2,1,2,2,M3,00,04,640,960,valid,activated_detected,,1,results/step06/raw/full/icarus/run_0025_offset_1536_count_0064.log
F1555,4,Falling_TF,2,3,icarus,1,2,1,2,2,M3,00,08,640,960,valid,activated_detected,,1,results/step06/raw/full/icarus/run_0025_offset_1536_count_0064.log
F1556,4,Falling_TF,2,4,icarus,1,2,1,2,2,M3,00,10,640,960,valid,activated_detected,,1,results/step06/raw/full/icarus/run_0025_offset_1536_count_0064.log
F1557,4,Falling_TF,2,5,icarus,1,2,1,2,2,M3,00,20,640,960,valid,activated_detected,,1,results/step06/raw/full/icarus/run_0025_offset_1536_count_0064.log
F1558,4,Falling_TF,2,6,icarus,1,2,1,2,2,M3,00,40,640,960,valid,activated_detected,,1,results/step06/raw/full/icarus/run_0025_offset_1536_count_0064.log
F1559,4,Falling_TF,2,7,icarus,1,2,1,2,2,M3,00,80,640,960,valid,activated_detected,,1,results/step06/raw/full/icarus/run_0025_offset_1536_count_0064.log
F1560,4,Falling_TF,3,0,icarus,1,2,1,2,3,M3,00,01,640,960,valid,activated_detected,,1,results/step06/raw/full/icarus/run_0025_offset_1536_count_0064.log
F1561,4,Falling_TF,3,1,icarus,1,2,1,2,3,M3,00,02,640,960,valid,activated_detected,,1,results/step06/raw/full/icarus/run_0025_offset_1536_count_0064.log
F1562,4,Falling_TF,3,2,icarus,1,2,1,2,3,M3,00,04,640,960,valid,activated_detected,,1,results/step06/raw/full/icarus/run_0025_offset_1536_count_0064.log
F1563,4,Falling_TF,3,3,icarus,1,2,1,2,3,M3,00,08,640,960,valid,activated_detected,,1,results/step06/raw/full/icarus/run_0025_offset_1536_count_0064.log
F1564,4,Falling_TF,3,4,icarus,1,2,1,2,3,M3,00,10,640,960,valid,activated_detected,,1,results/step06/raw/full/icarus/run_0025_offset_1536_count_0064.log
F1565,4,Falling_TF,3,5,icarus,1,2,1,2,3,M3,00,20,640,960,valid,activated_detected,,1,results/step06/raw/full/icarus/run_0025_offset_1536_count_0064.log
F1566,4,Falling_TF,3,6,icarus,1,2,1,2,3,M3,00,40,640,960,valid,activated_detected,,1,results/step06/raw/full/icarus/run_0025_offset_1536_count_0064.log
F1567,4,Falling_TF,3,7,icarus,1,2,1,2,3,M3,00,80,640,960,valid,activated_detected,,1,results/step06/raw/full/icarus/run_0025_offset_1536_count_0064.log
F1568,4,Falling_TF,4,0,icarus,1,2,1,2,4,M3,00,01,640,960,valid,activated_detected,,1,results/step06/raw/full/icarus/run_0025_offset_1536_count_0064.log
F1569,4,Falling_TF,4,1,icarus,1,2,1,2,4,M3,00,02,640,960,valid,activated_detected,,1,results/step06/raw/full/icarus/run_0025_offset_1536_count_0064.log
F1570,4,Falling_TF,4,2,icarus,1,2,1,2,4,M3,00,04,640,960,valid,activated_detected,,1,results/step06/raw/full/icarus/run_0025_offset_1536_count_0064.log
F1571,4,Falling_TF,4,3,icarus,1,2,1,2,4,M3,00,08,640,960,valid,activated_detected,,1,results/step06/raw/full/icarus/run_0025_offset_1536_count_0064.log
F1572,4,Falling_TF,4,4,icarus,1,2,1,2,4,M3,00,10,640,960,valid,activated_detected,,1,results/step06/raw/full/icarus/run_0025_offset_1536_count_0064.log
F1573,4,Falling_TF,4,5,icarus,1,2,1,2,4,M3,00,20,640,960,valid,activated_detected,,1,results/step06/raw/full/icarus/run_0025_offset_1536_count_0064.log
F1574,4,Falling_TF,4,6,icarus,1,2,1,2,4,M3,00,40,640,960,valid,activated_detected,,1,results/step06/raw/full/icarus/run_0025_offset_1536_count_0064.log
F1575,4,Falling_TF,4,7,icarus,1,2,1,2,4,M3,00,80,640,960,valid,activated_detected,,1,results/step06/raw/full/icarus/run_0025_offset_1536_count_0064.log
F1576,4,Falling_TF,5,0,icarus,1,2,1,2,5,M3,00,01,640,960,valid,activated_detected,,1,results/step06/raw/full/icarus/run_0025_offset_1536_count_0064.log
F1577,4,Falling_TF,5,1,icarus,1,2,1,2,5,M3,00,02,640,960,valid,activated_detected,,1,results/step06/raw/full/icarus/run_0025_offset_1536_count_0064.log
F1578,4,Falling_TF,5,2,icarus,1,2,1,2,5,M3,00,04,640,960,valid,activated_detected,,1,results/step06/raw/full/icarus/run_0025_offset_1536_count_0064.log
F1579,4,Falling_TF,5,3,icarus,1,2,1,2,5,M3,00,08,640,960,valid,activated_detected,,1,results/step06/raw/full/icarus/run_0025_offset_1536_count_0064.log
F1580,4,Falling_TF,5,4,icarus,1,2,1,2,5,M3,00,10,640,960,valid,activated_detected,,1,results/step06/raw/full/icarus/run_0025_offset_1536_count_0064.log
F1581,4,Falling_TF,5,5,icarus,1,2,1,2,5,M3,00,20,640,960,valid,activated_detected,,1,results/step06/raw/full/icarus/run_0025_offset_1536_count_0064.log
F1582,4,Falling_TF,5,6,icarus,1,2,1,2,5,M3,00,40,640,960,valid,activated_detected,,1,results/step06/raw/full/icarus/run_0025_offset_1536_count_0064.log
F1583,4,Falling_TF,5,7,icarus,1,2,1,2,5,M3,00,80,640,960,valid,activated_detected,,1,results/step06/raw/full/icarus/run_0025_offset_1536_count_0064.log
F1584,4,Falling_TF,6,0,icarus,1,2,1,2,6,M3,00,01,640,960,valid,activated_detected,,1,results/step06/raw/full/icarus/run_0025_offset_1536_count_0064.log
F1585,4,Falling_TF,6,1,icarus,1,2,1,2,6,M3,00,02,640,960,valid,activated_detected,,1,results/step06/raw/full/icarus/run_0025_offset_1536_count_0064.log
F1586,4,Falling_TF,6,2,icarus,1,2,1,2,6,M3,00,04,640,960,valid,activated_detected,,1,results/step06/raw/full/icarus/run_0025_offset_1536_count_0064.log
F1587,4,Falling_TF,6,3,icarus,1,2,1,2,6,M3,00,08,640,960,valid,activated_detected,,1,results/step06/raw/full/icarus/run_0025_offset_1536_count_0064.log
F1588,4,Falling_TF,6,4,icarus,1,2,1,2,6,M3,00,10,640,960,valid,activated_detected,,1,results/step06/raw/full/icarus/run_0025_offset_1536_count_0064.log
F1589,4,Falling_TF,6,5,icarus,1,2,1,2,6,M3,00,20,640,960,valid,activated_detected,,1,results/step06/raw/full/icarus/run_0025_offset_1536_count_0064.log
F1590,4,Falling_TF,6,6,icarus,1,2,1,2,6,M3,00,40,640,960,valid,activated_detected,,1,results/step06/raw/full/icarus/run_0025_offset_1536_count_0064.log
F1591,4,Falling_TF,6,7,icarus,1,2,1,2,6,M3,00,80,640,960,valid,activated_detected,,1,results/step06/raw/full/icarus/run_0025_offset_1536_count_0064.log
F1592,4,Falling_TF,7,0,icarus,1,2,1,2,7,M3,00,01,640,960,valid,activated_detected,,1,results/step06/raw/full/icarus/run_0025_offset_1536_count_0064.log
F1593,4,Falling_TF,7,1,icarus,1,2,1,2,7,M3,00,02,640,960,valid,activated_detected,,1,results/step06/raw/full/icarus/run_0025_offset_1536_count_0064.log
F1594,4,Falling_TF,7,2,icarus,1,2,1,2,7,M3,00,04,640,960,valid,activated_detected,,1,results/step06/raw/full/icarus/run_0025_offset_1536_count_0064.log
F1595,4,Falling_TF,7,3,icarus,1,2,1,2,7,M3,00,08,640,960,valid,activated_detected,,1,results/step06/raw/full/icarus/run_0025_offset_1536_count_0064.log
F1596,4,Falling_TF,7,4,icarus,1,2,1,2,7,M3,00,10,640,960,valid,activated_detected,,1,results/step06/raw/full/icarus/run_0025_offset_1536_count_0064.log
F1597,4,Falling_TF,7,5,icarus,1,2,1,2,7,M3,00,20,640,960,valid,activated_detected,,1,results/step06/raw/full/icarus/run_0025_offset_1536_count_0064.log
F1598,4,Falling_TF,7,6,icarus,1,2,1,2,7,M3,00,40,640,960,valid,activated_detected,,1,results/step06/raw/full/icarus/run_0025_offset_1536_count_0064.log
F1599,4,Falling_TF,7,7,icarus,1,2,1,2,7,M3,00,80,640,960,valid,activated_detected,,1,results/step06/raw/full/icarus/run_0025_offset_1536_count_0064.log
F1600,4,Falling_TF,8,0,icarus,1,2,1,2,8,M3,00,01,640,960,valid,activated_detected,,1,results/step06/raw/full/icarus/run_0026_offset_1600_count_0064.log
F1601,4,Falling_TF,8,1,icarus,1,2,1,2,8,M3,00,02,640,960,valid,activated_detected,,1,results/step06/raw/full/icarus/run_0026_offset_1600_count_0064.log
F1602,4,Falling_TF,8,2,icarus,1,2,1,2,8,M3,00,04,640,960,valid,activated_detected,,1,results/step06/raw/full/icarus/run_0026_offset_1600_count_0064.log
F1603,4,Falling_TF,8,3,icarus,1,2,1,2,8,M3,00,08,640,960,valid,activated_detected,,1,results/step06/raw/full/icarus/run_0026_offset_1600_count_0064.log
F1604,4,Falling_TF,8,4,icarus,1,2,1,2,8,M3,00,10,640,960,valid,activated_detected,,1,results/step06/raw/full/icarus/run_0026_offset_1600_count_0064.log
F1605,4,Falling_TF,8,5,icarus,1,2,1,2,8,M3,00,20,640,960,valid,activated_detected,,1,results/step06/raw/full/icarus/run_0026_offset_1600_count_0064.log
F1606,4,Falling_TF,8,6,icarus,1,2,1,2,8,M3,00,40,640,960,valid,activated_detected,,1,results/step06/raw/full/icarus/run_0026_offset_1600_count_0064.log
F1607,4,Falling_TF,8,7,icarus,1,2,1,2,8,M3,00,80,640,960,valid,activated_detected,,1,results/step06/raw/full/icarus/run_0026_offset_1600_count_0064.log
F1608,4,Falling_TF,9,0,icarus,1,2,1,2,9,M3,00,01,640,960,valid,activated_detected,,1,results/step06/raw/full/icarus/run_0026_offset_1600_count_0064.log
F1609,4,Falling_TF,9,1,icarus,1,2,1,2,9,M3,00,02,640,960,valid,activated_detected,,1,results/step06/raw/full/icarus/run_0026_offset_1600_count_0064.log
F1610,4,Falling_TF,9,2,icarus,1,2,1,2,9,M3,00,04,640,960,valid,activated_detected,,1,results/step06/raw/full/icarus/run_0026_offset_1600_count_0064.log
F1611,4,Falling_TF,9,3,icarus,1,2,1,2,9,M3,00,08,640,960,valid,activated_detected,,1,results/step06/raw/full/icarus/run_0026_offset_1600_count_0064.log
F1612,4,Falling_TF,9,4,icarus,1,2,1,2,9,M3,00,10,640,960,valid,activated_detected,,1,results/step06/raw/full/icarus/run_0026_offset_1600_count_0064.log
F1613,4,Falling_TF,9,5,icarus,1,2,1,2,9,M3,00,20,640,960,valid,activated_detected,,1,results/step06/raw/full/icarus/run_0026_offset_1600_count_0064.log
F1614,4,Falling_TF,9,6,icarus,1,2,1,2,9,M3,00,40,640,960,valid,activated_detected,,1,results/step06/raw/full/icarus/run_0026_offset_1600_count_0064.log
F1615,4,Falling_TF,9,7,icarus,1,2,1,2,9,M3,00,80,640,960,valid,activated_detected,,1,results/step06/raw/full/icarus/run_0026_offset_1600_count_0064.log
F1616,4,Falling_TF,10,0,icarus,1,2,1,2,10,M3,00,01,640,960,valid,activated_detected,,1,results/step06/raw/full/icarus/run_0026_offset_1600_count_0064.log
F1617,4,Falling_TF,10,1,icarus,1,2,1,2,10,M3,00,02,640,960,valid,activated_detected,,1,results/step06/raw/full/icarus/run_0026_offset_1600_count_0064.log
F1618,4,Falling_TF,10,2,icarus,1,2,1,2,10,M3,00,04,640,960,valid,activated_detected,,1,results/step06/raw/full/icarus/run_0026_offset_1600_count_0064.log
F1619,4,Falling_TF,10,3,icarus,1,2,1,2,10,M3,00,08,640,960,valid,activated_detected,,1,results/step06/raw/full/icarus/run_0026_offset_1600_count_0064.log
F1620,4,Falling_TF,10,4,icarus,1,2,1,2,10,M3,00,10,640,960,valid,activated_detected,,1,results/step06/raw/full/icarus/run_0026_offset_1600_count_0064.log
F1621,4,Falling_TF,10,5,icarus,1,2,1,2,10,M3,00,20,640,960,valid,activated_detected,,1,results/step06/raw/full/icarus/run_0026_offset_1600_count_0064.log
F1622,4,Falling_TF,10,6,icarus,1,2,1,2,10,M3,00,40,640,960,valid,activated_detected,,1,results/step06/raw/full/icarus/run_0026_offset_1600_count_0064.log
F1623,4,Falling_TF,10,7,icarus,1,2,1,2,10,M3,00,80,640,960,valid,activated_detected,,1,results/step06/raw/full/icarus/run_0026_offset_1600_count_0064.log
F1624,4,Falling_TF,11,0,icarus,1,2,1,2,11,M3,00,01,640,960,valid,activated_detected,,1,results/step06/raw/full/icarus/run_0026_offset_1600_count_0064.log
F1625,4,Falling_TF,11,1,icarus,1,2,1,2,11,M3,00,02,640,960,valid,activated_detected,,1,results/step06/raw/full/icarus/run_0026_offset_1600_count_0064.log
F1626,4,Falling_TF,11,2,icarus,1,2,1,2,11,M3,00,04,640,960,valid,activated_detected,,1,results/step06/raw/full/icarus/run_0026_offset_1600_count_0064.log
F1627,4,Falling_TF,11,3,icarus,1,2,1,2,11,M3,00,08,640,960,valid,activated_detected,,1,results/step06/raw/full/icarus/run_0026_offset_1600_count_0064.log
F1628,4,Falling_TF,11,4,icarus,1,2,1,2,11,M3,00,10,640,960,valid,activated_detected,,1,results/step06/raw/full/icarus/run_0026_offset_1600_count_0064.log
F1629,4,Falling_TF,11,5,icarus,1,2,1,2,11,M3,00,20,640,960,valid,activated_detected,,1,results/step06/raw/full/icarus/run_0026_offset_1600_count_0064.log
F1630,4,Falling_TF,11,6,icarus,1,2,1,2,11,M3,00,40,640,960,valid,activated_detected,,1,results/step06/raw/full/icarus/run_0026_offset_1600_count_0064.log
F1631,4,Falling_TF,11,7,icarus,1,2,1,2,11,M3,00,80,640,960,valid,activated_detected,,1,results/step06/raw/full/icarus/run_0026_offset_1600_count_0064.log
F1632,4,Falling_TF,12,0,icarus,1,2,1,2,12,M3,00,01,640,960,valid,activated_detected,,1,results/step06/raw/full/icarus/run_0026_offset_1600_count_0064.log
F1633,4,Falling_TF,12,1,icarus,1,2,1,2,12,M3,00,02,640,960,valid,activated_detected,,1,results/step06/raw/full/icarus/run_0026_offset_1600_count_0064.log
F1634,4,Falling_TF,12,2,icarus,1,2,1,2,12,M3,00,04,640,960,valid,activated_detected,,1,results/step06/raw/full/icarus/run_0026_offset_1600_count_0064.log
F1635,4,Falling_TF,12,3,icarus,1,2,1,2,12,M3,00,08,640,960,valid,activated_detected,,1,results/step06/raw/full/icarus/run_0026_offset_1600_count_0064.log
F1636,4,Falling_TF,12,4,icarus,1,2,1,2,12,M3,00,10,640,960,valid,activated_detected,,1,results/step06/raw/full/icarus/run_0026_offset_1600_count_0064.log
F1637,4,Falling_TF,12,5,icarus,1,2,1,2,12,M3,00,20,640,960,valid,activated_detected,,1,results/step06/raw/full/icarus/run_0026_offset_1600_count_0064.log
F1638,4,Falling_TF,12,6,icarus,1,2,1,2,12,M3,00,40,640,960,valid,activated_detected,,1,results/step06/raw/full/icarus/run_0026_offset_1600_count_0064.log
F1639,4,Falling_TF,12,7,icarus,1,2,1,2,12,M3,00,80,640,960,valid,activated_detected,,1,results/step06/raw/full/icarus/run_0026_offset_1600_count_0064.log
F1640,4,Falling_TF,13,0,icarus,1,2,1,2,13,M3,00,01,640,960,valid,activated_detected,,1,results/step06/raw/full/icarus/run_0026_offset_1600_count_0064.log
F1641,4,Falling_TF,13,1,icarus,1,2,1,2,13,M3,00,02,640,960,valid,activated_detected,,1,results/step06/raw/full/icarus/run_0026_offset_1600_count_0064.log
F1642,4,Falling_TF,13,2,icarus,1,2,1,2,13,M3,00,04,640,960,valid,activated_detected,,1,results/step06/raw/full/icarus/run_0026_offset_1600_count_0064.log
F1643,4,Falling_TF,13,3,icarus,1,2,1,2,13,M3,00,08,640,960,valid,activated_detected,,1,results/step06/raw/full/icarus/run_0026_offset_1600_count_0064.log
F1644,4,Falling_TF,13,4,icarus,1,2,1,2,13,M3,00,10,640,960,valid,activated_detected,,1,results/step06/raw/full/icarus/run_0026_offset_1600_count_0064.log
F1645,4,Falling_TF,13,5,icarus,1,2,1,2,13,M3,00,20,640,960,valid,activated_detected,,1,results/step06/raw/full/icarus/run_0026_offset_1600_count_0064.log
F1646,4,Falling_TF,13,6,icarus,1,2,1,2,13,M3,00,40,640,960,valid,activated_detected,,1,results/step06/raw/full/icarus/run_0026_offset_1600_count_0064.log
F1647,4,Falling_TF,13,7,icarus,1,2,1,2,13,M3,00,80,640,960,valid,activated_detected,,1,results/step06/raw/full/icarus/run_0026_offset_1600_count_0064.log
F1648,4,Falling_TF,14,0,icarus,1,2,1,2,14,M3,00,01,640,960,valid,activated_detected,,1,results/step06/raw/full/icarus/run_0026_offset_1600_count_0064.log
F1649,4,Falling_TF,14,1,icarus,1,2,1,2,14,M3,00,02,640,960,valid,activated_detected,,1,results/step06/raw/full/icarus/run_0026_offset_1600_count_0064.log
F1650,4,Falling_TF,14,2,icarus,1,2,1,2,14,M3,00,04,640,960,valid,activated_detected,,1,results/step06/raw/full/icarus/run_0026_offset_1600_count_0064.log
F1651,4,Falling_TF,14,3,icarus,1,2,1,2,14,M3,00,08,640,960,valid,activated_detected,,1,results/step06/raw/full/icarus/run_0026_offset_1600_count_0064.log
F1652,4,Falling_TF,14,4,icarus,1,2,1,2,14,M3,00,10,640,960,valid,activated_detected,,1,results/step06/raw/full/icarus/run_0026_offset_1600_count_0064.log
F1653,4,Falling_TF,14,5,icarus,1,2,1,2,14,M3,00,20,640,960,valid,activated_detected,,1,results/step06/raw/full/icarus/run_0026_offset_1600_count_0064.log
F1654,4,Falling_TF,14,6,icarus,1,2,1,2,14,M3,00,40,640,960,valid,activated_detected,,1,results/step06/raw/full/icarus/run_0026_offset_1600_count_0064.log
F1655,4,Falling_TF,14,7,icarus,1,2,1,2,14,M3,00,80,640,960,valid,activated_detected,,1,results/step06/raw/full/icarus/run_0026_offset_1600_count_0064.log
F1656,4,Falling_TF,15,0,icarus,1,2,1,2,15,M3,00,01,640,960,valid,activated_detected,,1,results/step06/raw/full/icarus/run_0026_offset_1600_count_0064.log
F1657,4,Falling_TF,15,1,icarus,1,2,1,2,15,M3,00,02,640,960,valid,activated_detected,,1,results/step06/raw/full/icarus/run_0026_offset_1600_count_0064.log
F1658,4,Falling_TF,15,2,icarus,1,2,1,2,15,M3,00,04,640,960,valid,activated_detected,,1,results/step06/raw/full/icarus/run_0026_offset_1600_count_0064.log
F1659,4,Falling_TF,15,3,icarus,1,2,1,2,15,M3,00,08,640,960,valid,activated_detected,,1,results/step06/raw/full/icarus/run_0026_offset_1600_count_0064.log
F1660,4,Falling_TF,15,4,icarus,1,2,1,2,15,M3,00,10,640,960,valid,activated_detected,,1,results/step06/raw/full/icarus/run_0026_offset_1600_count_0064.log
F1661,4,Falling_TF,15,5,icarus,1,2,1,2,15,M3,00,20,640,960,valid,activated_detected,,1,results/step06/raw/full/icarus/run_0026_offset_1600_count_0064.log
F1662,4,Falling_TF,15,6,icarus,1,2,1,2,15,M3,00,40,640,960,valid,activated_detected,,1,results/step06/raw/full/icarus/run_0026_offset_1600_count_0064.log
F1663,4,Falling_TF,15,7,icarus,1,2,1,2,15,M3,00,80,640,960,valid,activated_detected,,1,results/step06/raw/full/icarus/run_0026_offset_1600_count_0064.log
F1664,4,Falling_TF,16,0,icarus,1,2,1,2,16,M3,00,01,640,960,valid,activated_detected,,1,results/step06/raw/full/icarus/run_0027_offset_1664_count_0064.log
F1665,4,Falling_TF,16,1,icarus,1,2,1,2,16,M3,00,02,640,960,valid,activated_detected,,1,results/step06/raw/full/icarus/run_0027_offset_1664_count_0064.log
F1666,4,Falling_TF,16,2,icarus,1,2,1,2,16,M3,00,04,640,960,valid,activated_detected,,1,results/step06/raw/full/icarus/run_0027_offset_1664_count_0064.log
F1667,4,Falling_TF,16,3,icarus,1,2,1,2,16,M3,00,08,640,960,valid,activated_detected,,1,results/step06/raw/full/icarus/run_0027_offset_1664_count_0064.log
F1668,4,Falling_TF,16,4,icarus,1,2,1,2,16,M3,00,10,640,960,valid,activated_detected,,1,results/step06/raw/full/icarus/run_0027_offset_1664_count_0064.log
F1669,4,Falling_TF,16,5,icarus,1,2,1,2,16,M3,00,20,640,960,valid,activated_detected,,1,results/step06/raw/full/icarus/run_0027_offset_1664_count_0064.log
F1670,4,Falling_TF,16,6,icarus,1,2,1,2,16,M3,00,40,640,960,valid,activated_detected,,1,results/step06/raw/full/icarus/run_0027_offset_1664_count_0064.log
F1671,4,Falling_TF,16,7,icarus,1,2,1,2,16,M3,00,80,640,960,valid,activated_detected,,1,results/step06/raw/full/icarus/run_0027_offset_1664_count_0064.log
F1672,4,Falling_TF,17,0,icarus,1,2,1,2,17,M3,00,01,640,960,valid,activated_detected,,1,results/step06/raw/full/icarus/run_0027_offset_1664_count_0064.log
F1673,4,Falling_TF,17,1,icarus,1,2,1,2,17,M3,00,02,640,960,valid,activated_detected,,1,results/step06/raw/full/icarus/run_0027_offset_1664_count_0064.log
F1674,4,Falling_TF,17,2,icarus,1,2,1,2,17,M3,00,04,640,960,valid,activated_detected,,1,results/step06/raw/full/icarus/run_0027_offset_1664_count_0064.log
F1675,4,Falling_TF,17,3,icarus,1,2,1,2,17,M3,00,08,640,960,valid,activated_detected,,1,results/step06/raw/full/icarus/run_0027_offset_1664_count_0064.log
F1676,4,Falling_TF,17,4,icarus,1,2,1,2,17,M3,00,10,640,960,valid,activated_detected,,1,results/step06/raw/full/icarus/run_0027_offset_1664_count_0064.log
F1677,4,Falling_TF,17,5,icarus,1,2,1,2,17,M3,00,20,640,960,valid,activated_detected,,1,results/step06/raw/full/icarus/run_0027_offset_1664_count_0064.log
F1678,4,Falling_TF,17,6,icarus,1,2,1,2,17,M3,00,40,640,960,valid,activated_detected,,1,results/step06/raw/full/icarus/run_0027_offset_1664_count_0064.log
F1679,4,Falling_TF,17,7,icarus,1,2,1,2,17,M3,00,80,640,960,valid,activated_detected,,1,results/step06/raw/full/icarus/run_0027_offset_1664_count_0064.log
F1680,4,Falling_TF,18,0,icarus,1,2,1,2,18,M3,00,01,640,960,valid,activated_detected,,1,results/step06/raw/full/icarus/run_0027_offset_1664_count_0064.log
F1681,4,Falling_TF,18,1,icarus,1,2,1,2,18,M3,00,02,640,960,valid,activated_detected,,1,results/step06/raw/full/icarus/run_0027_offset_1664_count_0064.log
F1682,4,Falling_TF,18,2,icarus,1,2,1,2,18,M3,00,04,640,960,valid,activated_detected,,1,results/step06/raw/full/icarus/run_0027_offset_1664_count_0064.log
F1683,4,Falling_TF,18,3,icarus,1,2,1,2,18,M3,00,08,640,960,valid,activated_detected,,1,results/step06/raw/full/icarus/run_0027_offset_1664_count_0064.log
F1684,4,Falling_TF,18,4,icarus,1,2,1,2,18,M3,00,10,640,960,valid,activated_detected,,1,results/step06/raw/full/icarus/run_0027_offset_1664_count_0064.log
F1685,4,Falling_TF,18,5,icarus,1,2,1,2,18,M3,00,20,640,960,valid,activated_detected,,1,results/step06/raw/full/icarus/run_0027_offset_1664_count_0064.log
F1686,4,Falling_TF,18,6,icarus,1,2,1,2,18,M3,00,40,640,960,valid,activated_detected,,1,results/step06/raw/full/icarus/run_0027_offset_1664_count_0064.log
F1687,4,Falling_TF,18,7,icarus,1,2,1,2,18,M3,00,80,640,960,valid,activated_detected,,1,results/step06/raw/full/icarus/run_0027_offset_1664_count_0064.log
F1688,4,Falling_TF,19,0,icarus,1,2,1,2,19,M3,00,01,640,960,valid,activated_detected,,1,results/step06/raw/full/icarus/run_0027_offset_1664_count_0064.log
F1689,4,Falling_TF,19,1,icarus,1,2,1,2,19,M3,00,02,640,960,valid,activated_detected,,1,results/step06/raw/full/icarus/run_0027_offset_1664_count_0064.log
F1690,4,Falling_TF,19,2,icarus,1,2,1,2,19,M3,00,04,640,960,valid,activated_detected,,1,results/step06/raw/full/icarus/run_0027_offset_1664_count_0064.log
F1691,4,Falling_TF,19,3,icarus,1,2,1,2,19,M3,00,08,640,960,valid,activated_detected,,1,results/step06/raw/full/icarus/run_0027_offset_1664_count_0064.log
F1692,4,Falling_TF,19,4,icarus,1,2,1,2,19,M3,00,10,640,960,valid,activated_detected,,1,results/step06/raw/full/icarus/run_0027_offset_1664_count_0064.log
F1693,4,Falling_TF,19,5,icarus,1,2,1,2,19,M3,00,20,640,960,valid,activated_detected,,1,results/step06/raw/full/icarus/run_0027_offset_1664_count_0064.log
F1694,4,Falling_TF,19,6,icarus,1,2,1,2,19,M3,00,40,640,960,valid,activated_detected,,1,results/step06/raw/full/icarus/run_0027_offset_1664_count_0064.log
F1695,4,Falling_TF,19,7,icarus,1,2,1,2,19,M3,00,80,640,960,valid,activated_detected,,1,results/step06/raw/full/icarus/run_0027_offset_1664_count_0064.log
F1696,4,Falling_TF,20,0,icarus,1,2,1,2,20,M3,00,01,640,960,valid,activated_detected,,1,results/step06/raw/full/icarus/run_0027_offset_1664_count_0064.log
F1697,4,Falling_TF,20,1,icarus,1,2,1,2,20,M3,00,02,640,960,valid,activated_detected,,1,results/step06/raw/full/icarus/run_0027_offset_1664_count_0064.log
F1698,4,Falling_TF,20,2,icarus,1,2,1,2,20,M3,00,04,640,960,valid,activated_detected,,1,results/step06/raw/full/icarus/run_0027_offset_1664_count_0064.log
F1699,4,Falling_TF,20,3,icarus,1,2,1,2,20,M3,00,08,640,960,valid,activated_detected,,1,results/step06/raw/full/icarus/run_0027_offset_1664_count_0064.log
F1700,4,Falling_TF,20,4,icarus,1,2,1,2,20,M3,00,10,640,960,valid,activated_detected,,1,results/step06/raw/full/icarus/run_0027_offset_1664_count_0064.log
F1701,4,Falling_TF,20,5,icarus,1,2,1,2,20,M3,00,20,640,960,valid,activated_detected,,1,results/step06/raw/full/icarus/run_0027_offset_1664_count_0064.log
F1702,4,Falling_TF,20,6,icarus,1,2,1,2,20,M3,00,40,640,960,valid,activated_detected,,1,results/step06/raw/full/icarus/run_0027_offset_1664_count_0064.log
F1703,4,Falling_TF,20,7,icarus,1,2,1,2,20,M3,00,80,640,960,valid,activated_detected,,1,results/step06/raw/full/icarus/run_0027_offset_1664_count_0064.log
F1704,4,Falling_TF,21,0,icarus,1,2,1,2,21,M3,00,01,640,960,valid,activated_detected,,1,results/step06/raw/full/icarus/run_0027_offset_1664_count_0064.log
F1705,4,Falling_TF,21,1,icarus,1,2,1,2,21,M3,00,02,640,960,valid,activated_detected,,1,results/step06/raw/full/icarus/run_0027_offset_1664_count_0064.log
F1706,4,Falling_TF,21,2,icarus,1,2,1,2,21,M3,00,04,640,960,valid,activated_detected,,1,results/step06/raw/full/icarus/run_0027_offset_1664_count_0064.log
F1707,4,Falling_TF,21,3,icarus,1,2,1,2,21,M3,00,08,640,960,valid,activated_detected,,1,results/step06/raw/full/icarus/run_0027_offset_1664_count_0064.log
F1708,4,Falling_TF,21,4,icarus,1,2,1,2,21,M3,00,10,640,960,valid,activated_detected,,1,results/step06/raw/full/icarus/run_0027_offset_1664_count_0064.log
F1709,4,Falling_TF,21,5,icarus,1,2,1,2,21,M3,00,20,640,960,valid,activated_detected,,1,results/step06/raw/full/icarus/run_0027_offset_1664_count_0064.log
F1710,4,Falling_TF,21,6,icarus,1,2,1,2,21,M3,00,40,640,960,valid,activated_detected,,1,results/step06/raw/full/icarus/run_0027_offset_1664_count_0064.log
F1711,4,Falling_TF,21,7,icarus,1,2,1,2,21,M3,00,80,640,960,valid,activated_detected,,1,results/step06/raw/full/icarus/run_0027_offset_1664_count_0064.log
F1712,4,Falling_TF,22,0,icarus,1,2,1,2,22,M3,00,01,640,960,valid,activated_detected,,1,results/step06/raw/full/icarus/run_0027_offset_1664_count_0064.log
F1713,4,Falling_TF,22,1,icarus,1,2,1,2,22,M3,00,02,640,960,valid,activated_detected,,1,results/step06/raw/full/icarus/run_0027_offset_1664_count_0064.log
F1714,4,Falling_TF,22,2,icarus,1,2,1,2,22,M3,00,04,640,960,valid,activated_detected,,1,results/step06/raw/full/icarus/run_0027_offset_1664_count_0064.log
F1715,4,Falling_TF,22,3,icarus,1,2,1,2,22,M3,00,08,640,960,valid,activated_detected,,1,results/step06/raw/full/icarus/run_0027_offset_1664_count_0064.log
F1716,4,Falling_TF,22,4,icarus,1,2,1,2,22,M3,00,10,640,960,valid,activated_detected,,1,results/step06/raw/full/icarus/run_0027_offset_1664_count_0064.log
F1717,4,Falling_TF,22,5,icarus,1,2,1,2,22,M3,00,20,640,960,valid,activated_detected,,1,results/step06/raw/full/icarus/run_0027_offset_1664_count_0064.log
F1718,4,Falling_TF,22,6,icarus,1,2,1,2,22,M3,00,40,640,960,valid,activated_detected,,1,results/step06/raw/full/icarus/run_0027_offset_1664_count_0064.log
F1719,4,Falling_TF,22,7,icarus,1,2,1,2,22,M3,00,80,640,960,valid,activated_detected,,1,results/step06/raw/full/icarus/run_0027_offset_1664_count_0064.log
F1720,4,Falling_TF,23,0,icarus,1,2,1,2,23,M3,00,01,640,960,valid,activated_detected,,1,results/step06/raw/full/icarus/run_0027_offset_1664_count_0064.log
F1721,4,Falling_TF,23,1,icarus,1,2,1,2,23,M3,00,02,640,960,valid,activated_detected,,1,results/step06/raw/full/icarus/run_0027_offset_1664_count_0064.log
F1722,4,Falling_TF,23,2,icarus,1,2,1,2,23,M3,00,04,640,960,valid,activated_detected,,1,results/step06/raw/full/icarus/run_0027_offset_1664_count_0064.log
F1723,4,Falling_TF,23,3,icarus,1,2,1,2,23,M3,00,08,640,960,valid,activated_detected,,1,results/step06/raw/full/icarus/run_0027_offset_1664_count_0064.log
F1724,4,Falling_TF,23,4,icarus,1,2,1,2,23,M3,00,10,640,960,valid,activated_detected,,1,results/step06/raw/full/icarus/run_0027_offset_1664_count_0064.log
F1725,4,Falling_TF,23,5,icarus,1,2,1,2,23,M3,00,20,640,960,valid,activated_detected,,1,results/step06/raw/full/icarus/run_0027_offset_1664_count_0064.log
F1726,4,Falling_TF,23,6,icarus,1,2,1,2,23,M3,00,40,640,960,valid,activated_detected,,1,results/step06/raw/full/icarus/run_0027_offset_1664_count_0064.log
F1727,4,Falling_TF,23,7,icarus,1,2,1,2,23,M3,00,80,640,960,valid,activated_detected,,1,results/step06/raw/full/icarus/run_0027_offset_1664_count_0064.log
F1728,4,Falling_TF,24,0,icarus,1,2,1,2,24,M3,00,01,640,960,valid,activated_detected,,1,results/step06/raw/full/icarus/run_0028_offset_1728_count_0064.log
F1729,4,Falling_TF,24,1,icarus,1,2,1,2,24,M3,00,02,640,960,valid,activated_detected,,1,results/step06/raw/full/icarus/run_0028_offset_1728_count_0064.log
F1730,4,Falling_TF,24,2,icarus,1,2,1,2,24,M3,00,04,640,960,valid,activated_detected,,1,results/step06/raw/full/icarus/run_0028_offset_1728_count_0064.log
F1731,4,Falling_TF,24,3,icarus,1,2,1,2,24,M3,00,08,640,960,valid,activated_detected,,1,results/step06/raw/full/icarus/run_0028_offset_1728_count_0064.log
F1732,4,Falling_TF,24,4,icarus,1,2,1,2,24,M3,00,10,640,960,valid,activated_detected,,1,results/step06/raw/full/icarus/run_0028_offset_1728_count_0064.log
F1733,4,Falling_TF,24,5,icarus,1,2,1,2,24,M3,00,20,640,960,valid,activated_detected,,1,results/step06/raw/full/icarus/run_0028_offset_1728_count_0064.log
F1734,4,Falling_TF,24,6,icarus,1,2,1,2,24,M3,00,40,640,960,valid,activated_detected,,1,results/step06/raw/full/icarus/run_0028_offset_1728_count_0064.log
F1735,4,Falling_TF,24,7,icarus,1,2,1,2,24,M3,00,80,640,960,valid,activated_detected,,1,results/step06/raw/full/icarus/run_0028_offset_1728_count_0064.log
F1736,4,Falling_TF,25,0,icarus,1,2,1,2,25,M3,00,01,640,960,valid,activated_detected,,1,results/step06/raw/full/icarus/run_0028_offset_1728_count_0064.log
F1737,4,Falling_TF,25,1,icarus,1,2,1,2,25,M3,00,02,640,960,valid,activated_detected,,1,results/step06/raw/full/icarus/run_0028_offset_1728_count_0064.log
F1738,4,Falling_TF,25,2,icarus,1,2,1,2,25,M3,00,04,640,960,valid,activated_detected,,1,results/step06/raw/full/icarus/run_0028_offset_1728_count_0064.log
F1739,4,Falling_TF,25,3,icarus,1,2,1,2,25,M3,00,08,640,960,valid,activated_detected,,1,results/step06/raw/full/icarus/run_0028_offset_1728_count_0064.log
F1740,4,Falling_TF,25,4,icarus,1,2,1,2,25,M3,00,10,640,960,valid,activated_detected,,1,results/step06/raw/full/icarus/run_0028_offset_1728_count_0064.log
F1741,4,Falling_TF,25,5,icarus,1,2,1,2,25,M3,00,20,640,960,valid,activated_detected,,1,results/step06/raw/full/icarus/run_0028_offset_1728_count_0064.log
F1742,4,Falling_TF,25,6,icarus,1,2,1,2,25,M3,00,40,640,960,valid,activated_detected,,1,results/step06/raw/full/icarus/run_0028_offset_1728_count_0064.log
F1743,4,Falling_TF,25,7,icarus,1,2,1,2,25,M3,00,80,640,960,valid,activated_detected,,1,results/step06/raw/full/icarus/run_0028_offset_1728_count_0064.log
F1744,4,Falling_TF,26,0,icarus,1,2,1,2,26,M3,00,01,640,960,valid,activated_detected,,1,results/step06/raw/full/icarus/run_0028_offset_1728_count_0064.log
F1745,4,Falling_TF,26,1,icarus,1,2,1,2,26,M3,00,02,640,960,valid,activated_detected,,1,results/step06/raw/full/icarus/run_0028_offset_1728_count_0064.log
F1746,4,Falling_TF,26,2,icarus,1,2,1,2,26,M3,00,04,640,960,valid,activated_detected,,1,results/step06/raw/full/icarus/run_0028_offset_1728_count_0064.log
F1747,4,Falling_TF,26,3,icarus,1,2,1,2,26,M3,00,08,640,960,valid,activated_detected,,1,results/step06/raw/full/icarus/run_0028_offset_1728_count_0064.log
F1748,4,Falling_TF,26,4,icarus,1,2,1,2,26,M3,00,10,640,960,valid,activated_detected,,1,results/step06/raw/full/icarus/run_0028_offset_1728_count_0064.log
F1749,4,Falling_TF,26,5,icarus,1,2,1,2,26,M3,00,20,640,960,valid,activated_detected,,1,results/step06/raw/full/icarus/run_0028_offset_1728_count_0064.log
F1750,4,Falling_TF,26,6,icarus,1,2,1,2,26,M3,00,40,640,960,valid,activated_detected,,1,results/step06/raw/full/icarus/run_0028_offset_1728_count_0064.log
F1751,4,Falling_TF,26,7,icarus,1,2,1,2,26,M3,00,80,640,960,valid,activated_detected,,1,results/step06/raw/full/icarus/run_0028_offset_1728_count_0064.log
F1752,4,Falling_TF,27,0,icarus,1,2,1,2,27,M3,00,01,640,960,valid,activated_detected,,1,results/step06/raw/full/icarus/run_0028_offset_1728_count_0064.log
F1753,4,Falling_TF,27,1,icarus,1,2,1,2,27,M3,00,02,640,960,valid,activated_detected,,1,results/step06/raw/full/icarus/run_0028_offset_1728_count_0064.log
F1754,4,Falling_TF,27,2,icarus,1,2,1,2,27,M3,00,04,640,960,valid,activated_detected,,1,results/step06/raw/full/icarus/run_0028_offset_1728_count_0064.log
F1755,4,Falling_TF,27,3,icarus,1,2,1,2,27,M3,00,08,640,960,valid,activated_detected,,1,results/step06/raw/full/icarus/run_0028_offset_1728_count_0064.log
F1756,4,Falling_TF,27,4,icarus,1,2,1,2,27,M3,00,10,640,960,valid,activated_detected,,1,results/step06/raw/full/icarus/run_0028_offset_1728_count_0064.log
F1757,4,Falling_TF,27,5,icarus,1,2,1,2,27,M3,00,20,640,960,valid,activated_detected,,1,results/step06/raw/full/icarus/run_0028_offset_1728_count_0064.log
F1758,4,Falling_TF,27,6,icarus,1,2,1,2,27,M3,00,40,640,960,valid,activated_detected,,1,results/step06/raw/full/icarus/run_0028_offset_1728_count_0064.log
F1759,4,Falling_TF,27,7,icarus,1,2,1,2,27,M3,00,80,640,960,valid,activated_detected,,1,results/step06/raw/full/icarus/run_0028_offset_1728_count_0064.log
F1760,4,Falling_TF,28,0,icarus,1,2,1,2,28,M3,00,01,640,960,valid,activated_detected,,1,results/step06/raw/full/icarus/run_0028_offset_1728_count_0064.log
F1761,4,Falling_TF,28,1,icarus,1,2,1,2,28,M3,00,02,640,960,valid,activated_detected,,1,results/step06/raw/full/icarus/run_0028_offset_1728_count_0064.log
F1762,4,Falling_TF,28,2,icarus,1,2,1,2,28,M3,00,04,640,960,valid,activated_detected,,1,results/step06/raw/full/icarus/run_0028_offset_1728_count_0064.log
F1763,4,Falling_TF,28,3,icarus,1,2,1,2,28,M3,00,08,640,960,valid,activated_detected,,1,results/step06/raw/full/icarus/run_0028_offset_1728_count_0064.log
F1764,4,Falling_TF,28,4,icarus,1,2,1,2,28,M3,00,10,640,960,valid,activated_detected,,1,results/step06/raw/full/icarus/run_0028_offset_1728_count_0064.log
F1765,4,Falling_TF,28,5,icarus,1,2,1,2,28,M3,00,20,640,960,valid,activated_detected,,1,results/step06/raw/full/icarus/run_0028_offset_1728_count_0064.log
F1766,4,Falling_TF,28,6,icarus,1,2,1,2,28,M3,00,40,640,960,valid,activated_detected,,1,results/step06/raw/full/icarus/run_0028_offset_1728_count_0064.log
F1767,4,Falling_TF,28,7,icarus,1,2,1,2,28,M3,00,80,640,960,valid,activated_detected,,1,results/step06/raw/full/icarus/run_0028_offset_1728_count_0064.log
F1768,4,Falling_TF,29,0,icarus,1,2,1,2,29,M3,00,01,640,960,valid,activated_detected,,1,results/step06/raw/full/icarus/run_0028_offset_1728_count_0064.log
F1769,4,Falling_TF,29,1,icarus,1,2,1,2,29,M3,00,02,640,960,valid,activated_detected,,1,results/step06/raw/full/icarus/run_0028_offset_1728_count_0064.log
F1770,4,Falling_TF,29,2,icarus,1,2,1,2,29,M3,00,04,640,960,valid,activated_detected,,1,results/step06/raw/full/icarus/run_0028_offset_1728_count_0064.log
F1771,4,Falling_TF,29,3,icarus,1,2,1,2,29,M3,00,08,640,960,valid,activated_detected,,1,results/step06/raw/full/icarus/run_0028_offset_1728_count_0064.log
F1772,4,Falling_TF,29,4,icarus,1,2,1,2,29,M3,00,10,640,960,valid,activated_detected,,1,results/step06/raw/full/icarus/run_0028_offset_1728_count_0064.log
F1773,4,Falling_TF,29,5,icarus,1,2,1,2,29,M3,00,20,640,960,valid,activated_detected,,1,results/step06/raw/full/icarus/run_0028_offset_1728_count_0064.log
F1774,4,Falling_TF,29,6,icarus,1,2,1,2,29,M3,00,40,640,960,valid,activated_detected,,1,results/step06/raw/full/icarus/run_0028_offset_1728_count_0064.log
F1775,4,Falling_TF,29,7,icarus,1,2,1,2,29,M3,00,80,640,960,valid,activated_detected,,1,results/step06/raw/full/icarus/run_0028_offset_1728_count_0064.log
F1776,4,Falling_TF,30,0,icarus,1,2,1,2,30,M3,00,01,640,960,valid,activated_detected,,1,results/step06/raw/full/icarus/run_0028_offset_1728_count_0064.log
F1777,4,Falling_TF,30,1,icarus,1,2,1,2,30,M3,00,02,640,960,valid,activated_detected,,1,results/step06/raw/full/icarus/run_0028_offset_1728_count_0064.log
F1778,4,Falling_TF,30,2,icarus,1,2,1,2,30,M3,00,04,640,960,valid,activated_detected,,1,results/step06/raw/full/icarus/run_0028_offset_1728_count_0064.log
F1779,4,Falling_TF,30,3,icarus,1,2,1,2,30,M3,00,08,640,960,valid,activated_detected,,1,results/step06/raw/full/icarus/run_0028_offset_1728_count_0064.log
F1780,4,Falling_TF,30,4,icarus,1,2,1,2,30,M3,00,10,640,960,valid,activated_detected,,1,results/step06/raw/full/icarus/run_0028_offset_1728_count_0064.log
F1781,4,Falling_TF,30,5,icarus,1,2,1,2,30,M3,00,20,640,960,valid,activated_detected,,1,results/step06/raw/full/icarus/run_0028_offset_1728_count_0064.log
F1782,4,Falling_TF,30,6,icarus,1,2,1,2,30,M3,00,40,640,960,valid,activated_detected,,1,results/step06/raw/full/icarus/run_0028_offset_1728_count_0064.log
F1783,4,Falling_TF,30,7,icarus,1,2,1,2,30,M3,00,80,640,960,valid,activated_detected,,1,results/step06/raw/full/icarus/run_0028_offset_1728_count_0064.log
F1784,4,Falling_TF,31,0,icarus,1,2,1,2,31,M3,00,01,640,960,valid,activated_detected,,1,results/step06/raw/full/icarus/run_0028_offset_1728_count_0064.log
F1785,4,Falling_TF,31,1,icarus,1,2,1,2,31,M3,00,02,640,960,valid,activated_detected,,1,results/step06/raw/full/icarus/run_0028_offset_1728_count_0064.log
F1786,4,Falling_TF,31,2,icarus,1,2,1,2,31,M3,00,04,640,960,valid,activated_detected,,1,results/step06/raw/full/icarus/run_0028_offset_1728_count_0064.log
F1787,4,Falling_TF,31,3,icarus,1,2,1,2,31,M3,00,08,640,960,valid,activated_detected,,1,results/step06/raw/full/icarus/run_0028_offset_1728_count_0064.log
F1788,4,Falling_TF,31,4,icarus,1,2,1,2,31,M3,00,10,640,960,valid,activated_detected,,1,results/step06/raw/full/icarus/run_0028_offset_1728_count_0064.log
F1789,4,Falling_TF,31,5,icarus,1,2,1,2,31,M3,00,20,640,960,valid,activated_detected,,1,results/step06/raw/full/icarus/run_0028_offset_1728_count_0064.log
F1790,4,Falling_TF,31,6,icarus,1,2,1,2,31,M3,00,40,640,960,valid,activated_detected,,1,results/step06/raw/full/icarus/run_0028_offset_1728_count_0064.log
F1791,4,Falling_TF,31,7,icarus,1,2,1,2,31,M3,00,80,640,960,valid,activated_detected,,1,results/step06/raw/full/icarus/run_0028_offset_1728_count_0064.log
F1792,4,Falling_TF,32,0,icarus,1,2,1,2,32,M3,00,01,640,960,valid,activated_detected,,1,results/step06/raw/full/icarus/run_0029_offset_1792_count_0064.log
F1793,4,Falling_TF,32,1,icarus,1,2,1,2,32,M3,00,02,640,960,valid,activated_detected,,1,results/step06/raw/full/icarus/run_0029_offset_1792_count_0064.log
F1794,4,Falling_TF,32,2,icarus,1,2,1,2,32,M3,00,04,640,960,valid,activated_detected,,1,results/step06/raw/full/icarus/run_0029_offset_1792_count_0064.log
F1795,4,Falling_TF,32,3,icarus,1,2,1,2,32,M3,00,08,640,960,valid,activated_detected,,1,results/step06/raw/full/icarus/run_0029_offset_1792_count_0064.log
F1796,4,Falling_TF,32,4,icarus,1,2,1,2,32,M3,00,10,640,960,valid,activated_detected,,1,results/step06/raw/full/icarus/run_0029_offset_1792_count_0064.log
F1797,4,Falling_TF,32,5,icarus,1,2,1,2,32,M3,00,20,640,960,valid,activated_detected,,1,results/step06/raw/full/icarus/run_0029_offset_1792_count_0064.log
F1798,4,Falling_TF,32,6,icarus,1,2,1,2,32,M3,00,40,640,960,valid,activated_detected,,1,results/step06/raw/full/icarus/run_0029_offset_1792_count_0064.log
F1799,4,Falling_TF,32,7,icarus,1,2,1,2,32,M3,00,80,640,960,valid,activated_detected,,1,results/step06/raw/full/icarus/run_0029_offset_1792_count_0064.log
F1800,4,Falling_TF,33,0,icarus,1,2,1,2,33,M3,00,01,640,960,valid,activated_detected,,1,results/step06/raw/full/icarus/run_0029_offset_1792_count_0064.log
F1801,4,Falling_TF,33,1,icarus,1,2,1,2,33,M3,00,02,640,960,valid,activated_detected,,1,results/step06/raw/full/icarus/run_0029_offset_1792_count_0064.log
F1802,4,Falling_TF,33,2,icarus,1,2,1,2,33,M3,00,04,640,960,valid,activated_detected,,1,results/step06/raw/full/icarus/run_0029_offset_1792_count_0064.log
F1803,4,Falling_TF,33,3,icarus,1,2,1,2,33,M3,00,08,640,960,valid,activated_detected,,1,results/step06/raw/full/icarus/run_0029_offset_1792_count_0064.log
F1804,4,Falling_TF,33,4,icarus,1,2,1,2,33,M3,00,10,640,960,valid,activated_detected,,1,results/step06/raw/full/icarus/run_0029_offset_1792_count_0064.log
F1805,4,Falling_TF,33,5,icarus,1,2,1,2,33,M3,00,20,640,960,valid,activated_detected,,1,results/step06/raw/full/icarus/run_0029_offset_1792_count_0064.log
F1806,4,Falling_TF,33,6,icarus,1,2,1,2,33,M3,00,40,640,960,valid,activated_detected,,1,results/step06/raw/full/icarus/run_0029_offset_1792_count_0064.log
F1807,4,Falling_TF,33,7,icarus,1,2,1,2,33,M3,00,80,640,960,valid,activated_detected,,1,results/step06/raw/full/icarus/run_0029_offset_1792_count_0064.log
F1808,4,Falling_TF,34,0,icarus,1,2,1,2,34,M3,00,01,640,960,valid,activated_detected,,1,results/step06/raw/full/icarus/run_0029_offset_1792_count_0064.log
F1809,4,Falling_TF,34,1,icarus,1,2,1,2,34,M3,00,02,640,960,valid,activated_detected,,1,results/step06/raw/full/icarus/run_0029_offset_1792_count_0064.log
F1810,4,Falling_TF,34,2,icarus,1,2,1,2,34,M3,00,04,640,960,valid,activated_detected,,1,results/step06/raw/full/icarus/run_0029_offset_1792_count_0064.log
F1811,4,Falling_TF,34,3,icarus,1,2,1,2,34,M3,00,08,640,960,valid,activated_detected,,1,results/step06/raw/full/icarus/run_0029_offset_1792_count_0064.log
F1812,4,Falling_TF,34,4,icarus,1,2,1,2,34,M3,00,10,640,960,valid,activated_detected,,1,results/step06/raw/full/icarus/run_0029_offset_1792_count_0064.log
F1813,4,Falling_TF,34,5,icarus,1,2,1,2,34,M3,00,20,640,960,valid,activated_detected,,1,results/step06/raw/full/icarus/run_0029_offset_1792_count_0064.log
F1814,4,Falling_TF,34,6,icarus,1,2,1,2,34,M3,00,40,640,960,valid,activated_detected,,1,results/step06/raw/full/icarus/run_0029_offset_1792_count_0064.log
F1815,4,Falling_TF,34,7,icarus,1,2,1,2,34,M3,00,80,640,960,valid,activated_detected,,1,results/step06/raw/full/icarus/run_0029_offset_1792_count_0064.log
F1816,4,Falling_TF,35,0,icarus,1,2,1,2,35,M3,00,01,640,960,valid,activated_detected,,1,results/step06/raw/full/icarus/run_0029_offset_1792_count_0064.log
F1817,4,Falling_TF,35,1,icarus,1,2,1,2,35,M3,00,02,640,960,valid,activated_detected,,1,results/step06/raw/full/icarus/run_0029_offset_1792_count_0064.log
F1818,4,Falling_TF,35,2,icarus,1,2,1,2,35,M3,00,04,640,960,valid,activated_detected,,1,results/step06/raw/full/icarus/run_0029_offset_1792_count_0064.log
F1819,4,Falling_TF,35,3,icarus,1,2,1,2,35,M3,00,08,640,960,valid,activated_detected,,1,results/step06/raw/full/icarus/run_0029_offset_1792_count_0064.log
F1820,4,Falling_TF,35,4,icarus,1,2,1,2,35,M3,00,10,640,960,valid,activated_detected,,1,results/step06/raw/full/icarus/run_0029_offset_1792_count_0064.log
F1821,4,Falling_TF,35,5,icarus,1,2,1,2,35,M3,00,20,640,960,valid,activated_detected,,1,results/step06/raw/full/icarus/run_0029_offset_1792_count_0064.log
F1822,4,Falling_TF,35,6,icarus,1,2,1,2,35,M3,00,40,640,960,valid,activated_detected,,1,results/step06/raw/full/icarus/run_0029_offset_1792_count_0064.log
F1823,4,Falling_TF,35,7,icarus,1,2,1,2,35,M3,00,80,640,960,valid,activated_detected,,1,results/step06/raw/full/icarus/run_0029_offset_1792_count_0064.log
F1824,4,Falling_TF,36,0,icarus,1,2,1,2,36,M3,00,01,640,960,valid,activated_detected,,1,results/step06/raw/full/icarus/run_0029_offset_1792_count_0064.log
F1825,4,Falling_TF,36,1,icarus,1,2,1,2,36,M3,00,02,640,960,valid,activated_detected,,1,results/step06/raw/full/icarus/run_0029_offset_1792_count_0064.log
F1826,4,Falling_TF,36,2,icarus,1,2,1,2,36,M3,00,04,640,960,valid,activated_detected,,1,results/step06/raw/full/icarus/run_0029_offset_1792_count_0064.log
F1827,4,Falling_TF,36,3,icarus,1,2,1,2,36,M3,00,08,640,960,valid,activated_detected,,1,results/step06/raw/full/icarus/run_0029_offset_1792_count_0064.log
F1828,4,Falling_TF,36,4,icarus,1,2,1,2,36,M3,00,10,640,960,valid,activated_detected,,1,results/step06/raw/full/icarus/run_0029_offset_1792_count_0064.log
F1829,4,Falling_TF,36,5,icarus,1,2,1,2,36,M3,00,20,640,960,valid,activated_detected,,1,results/step06/raw/full/icarus/run_0029_offset_1792_count_0064.log
F1830,4,Falling_TF,36,6,icarus,1,2,1,2,36,M3,00,40,640,960,valid,activated_detected,,1,results/step06/raw/full/icarus/run_0029_offset_1792_count_0064.log
F1831,4,Falling_TF,36,7,icarus,1,2,1,2,36,M3,00,80,640,960,valid,activated_detected,,1,results/step06/raw/full/icarus/run_0029_offset_1792_count_0064.log
F1832,4,Falling_TF,37,0,icarus,1,2,1,2,37,M3,00,01,640,960,valid,activated_detected,,1,results/step06/raw/full/icarus/run_0029_offset_1792_count_0064.log
F1833,4,Falling_TF,37,1,icarus,1,2,1,2,37,M3,00,02,640,960,valid,activated_detected,,1,results/step06/raw/full/icarus/run_0029_offset_1792_count_0064.log
F1834,4,Falling_TF,37,2,icarus,1,2,1,2,37,M3,00,04,640,960,valid,activated_detected,,1,results/step06/raw/full/icarus/run_0029_offset_1792_count_0064.log
F1835,4,Falling_TF,37,3,icarus,1,2,1,2,37,M3,00,08,640,960,valid,activated_detected,,1,results/step06/raw/full/icarus/run_0029_offset_1792_count_0064.log
F1836,4,Falling_TF,37,4,icarus,1,2,1,2,37,M3,00,10,640,960,valid,activated_detected,,1,results/step06/raw/full/icarus/run_0029_offset_1792_count_0064.log
F1837,4,Falling_TF,37,5,icarus,1,2,1,2,37,M3,00,20,640,960,valid,activated_detected,,1,results/step06/raw/full/icarus/run_0029_offset_1792_count_0064.log
F1838,4,Falling_TF,37,6,icarus,1,2,1,2,37,M3,00,40,640,960,valid,activated_detected,,1,results/step06/raw/full/icarus/run_0029_offset_1792_count_0064.log
F1839,4,Falling_TF,37,7,icarus,1,2,1,2,37,M3,00,80,640,960,valid,activated_detected,,1,results/step06/raw/full/icarus/run_0029_offset_1792_count_0064.log
F1840,4,Falling_TF,38,0,icarus,1,2,1,2,38,M3,00,01,640,960,valid,activated_detected,,1,results/step06/raw/full/icarus/run_0029_offset_1792_count_0064.log
F1841,4,Falling_TF,38,1,icarus,1,2,1,2,38,M3,00,02,640,960,valid,activated_detected,,1,results/step06/raw/full/icarus/run_0029_offset_1792_count_0064.log
F1842,4,Falling_TF,38,2,icarus,1,2,1,2,38,M3,00,04,640,960,valid,activated_detected,,1,results/step06/raw/full/icarus/run_0029_offset_1792_count_0064.log
F1843,4,Falling_TF,38,3,icarus,1,2,1,2,38,M3,00,08,640,960,valid,activated_detected,,1,results/step06/raw/full/icarus/run_0029_offset_1792_count_0064.log
F1844,4,Falling_TF,38,4,icarus,1,2,1,2,38,M3,00,10,640,960,valid,activated_detected,,1,results/step06/raw/full/icarus/run_0029_offset_1792_count_0064.log
F1845,4,Falling_TF,38,5,icarus,1,2,1,2,38,M3,00,20,640,960,valid,activated_detected,,1,results/step06/raw/full/icarus/run_0029_offset_1792_count_0064.log
F1846,4,Falling_TF,38,6,icarus,1,2,1,2,38,M3,00,40,640,960,valid,activated_detected,,1,results/step06/raw/full/icarus/run_0029_offset_1792_count_0064.log
F1847,4,Falling_TF,38,7,icarus,1,2,1,2,38,M3,00,80,640,960,valid,activated_detected,,1,results/step06/raw/full/icarus/run_0029_offset_1792_count_0064.log
F1848,4,Falling_TF,39,0,icarus,1,2,1,2,39,M3,00,01,640,960,valid,activated_detected,,1,results/step06/raw/full/icarus/run_0029_offset_1792_count_0064.log
F1849,4,Falling_TF,39,1,icarus,1,2,1,2,39,M3,00,02,640,960,valid,activated_detected,,1,results/step06/raw/full/icarus/run_0029_offset_1792_count_0064.log
F1850,4,Falling_TF,39,2,icarus,1,2,1,2,39,M3,00,04,640,960,valid,activated_detected,,1,results/step06/raw/full/icarus/run_0029_offset_1792_count_0064.log
F1851,4,Falling_TF,39,3,icarus,1,2,1,2,39,M3,00,08,640,960,valid,activated_detected,,1,results/step06/raw/full/icarus/run_0029_offset_1792_count_0064.log
F1852,4,Falling_TF,39,4,icarus,1,2,1,2,39,M3,00,10,640,960,valid,activated_detected,,1,results/step06/raw/full/icarus/run_0029_offset_1792_count_0064.log
F1853,4,Falling_TF,39,5,icarus,1,2,1,2,39,M3,00,20,640,960,valid,activated_detected,,1,results/step06/raw/full/icarus/run_0029_offset_1792_count_0064.log
F1854,4,Falling_TF,39,6,icarus,1,2,1,2,39,M3,00,40,640,960,valid,activated_detected,,1,results/step06/raw/full/icarus/run_0029_offset_1792_count_0064.log
F1855,4,Falling_TF,39,7,icarus,1,2,1,2,39,M3,00,80,640,960,valid,activated_detected,,1,results/step06/raw/full/icarus/run_0029_offset_1792_count_0064.log
F1856,4,Falling_TF,40,0,icarus,1,2,1,2,40,M3,00,01,640,960,valid,activated_detected,,1,results/step06/raw/full/icarus/run_0030_offset_1856_count_0064.log
F1857,4,Falling_TF,40,1,icarus,1,2,1,2,40,M3,00,02,640,960,valid,activated_detected,,1,results/step06/raw/full/icarus/run_0030_offset_1856_count_0064.log
F1858,4,Falling_TF,40,2,icarus,1,2,1,2,40,M3,00,04,640,960,valid,activated_detected,,1,results/step06/raw/full/icarus/run_0030_offset_1856_count_0064.log
F1859,4,Falling_TF,40,3,icarus,1,2,1,2,40,M3,00,08,640,960,valid,activated_detected,,1,results/step06/raw/full/icarus/run_0030_offset_1856_count_0064.log
F1860,4,Falling_TF,40,4,icarus,1,2,1,2,40,M3,00,10,640,960,valid,activated_detected,,1,results/step06/raw/full/icarus/run_0030_offset_1856_count_0064.log
F1861,4,Falling_TF,40,5,icarus,1,2,1,2,40,M3,00,20,640,960,valid,activated_detected,,1,results/step06/raw/full/icarus/run_0030_offset_1856_count_0064.log
F1862,4,Falling_TF,40,6,icarus,1,2,1,2,40,M3,00,40,640,960,valid,activated_detected,,1,results/step06/raw/full/icarus/run_0030_offset_1856_count_0064.log
F1863,4,Falling_TF,40,7,icarus,1,2,1,2,40,M3,00,80,640,960,valid,activated_detected,,1,results/step06/raw/full/icarus/run_0030_offset_1856_count_0064.log
F1864,4,Falling_TF,41,0,icarus,1,2,1,2,41,M3,00,01,640,960,valid,activated_detected,,1,results/step06/raw/full/icarus/run_0030_offset_1856_count_0064.log
F1865,4,Falling_TF,41,1,icarus,1,2,1,2,41,M3,00,02,640,960,valid,activated_detected,,1,results/step06/raw/full/icarus/run_0030_offset_1856_count_0064.log
F1866,4,Falling_TF,41,2,icarus,1,2,1,2,41,M3,00,04,640,960,valid,activated_detected,,1,results/step06/raw/full/icarus/run_0030_offset_1856_count_0064.log
F1867,4,Falling_TF,41,3,icarus,1,2,1,2,41,M3,00,08,640,960,valid,activated_detected,,1,results/step06/raw/full/icarus/run_0030_offset_1856_count_0064.log
F1868,4,Falling_TF,41,4,icarus,1,2,1,2,41,M3,00,10,640,960,valid,activated_detected,,1,results/step06/raw/full/icarus/run_0030_offset_1856_count_0064.log
F1869,4,Falling_TF,41,5,icarus,1,2,1,2,41,M3,00,20,640,960,valid,activated_detected,,1,results/step06/raw/full/icarus/run_0030_offset_1856_count_0064.log
F1870,4,Falling_TF,41,6,icarus,1,2,1,2,41,M3,00,40,640,960,valid,activated_detected,,1,results/step06/raw/full/icarus/run_0030_offset_1856_count_0064.log
F1871,4,Falling_TF,41,7,icarus,1,2,1,2,41,M3,00,80,640,960,valid,activated_detected,,1,results/step06/raw/full/icarus/run_0030_offset_1856_count_0064.log
F1872,4,Falling_TF,42,0,icarus,1,2,1,2,42,M3,00,01,640,960,valid,activated_detected,,1,results/step06/raw/full/icarus/run_0030_offset_1856_count_0064.log
F1873,4,Falling_TF,42,1,icarus,1,2,1,2,42,M3,00,02,640,960,valid,activated_detected,,1,results/step06/raw/full/icarus/run_0030_offset_1856_count_0064.log
F1874,4,Falling_TF,42,2,icarus,1,2,1,2,42,M3,00,04,640,960,valid,activated_detected,,1,results/step06/raw/full/icarus/run_0030_offset_1856_count_0064.log
F1875,4,Falling_TF,42,3,icarus,1,2,1,2,42,M3,00,08,640,960,valid,activated_detected,,1,results/step06/raw/full/icarus/run_0030_offset_1856_count_0064.log
F1876,4,Falling_TF,42,4,icarus,1,2,1,2,42,M3,00,10,640,960,valid,activated_detected,,1,results/step06/raw/full/icarus/run_0030_offset_1856_count_0064.log
F1877,4,Falling_TF,42,5,icarus,1,2,1,2,42,M3,00,20,640,960,valid,activated_detected,,1,results/step06/raw/full/icarus/run_0030_offset_1856_count_0064.log
F1878,4,Falling_TF,42,6,icarus,1,2,1,2,42,M3,00,40,640,960,valid,activated_detected,,1,results/step06/raw/full/icarus/run_0030_offset_1856_count_0064.log
F1879,4,Falling_TF,42,7,icarus,1,2,1,2,42,M3,00,80,640,960,valid,activated_detected,,1,results/step06/raw/full/icarus/run_0030_offset_1856_count_0064.log
F1880,4,Falling_TF,43,0,icarus,1,2,1,2,43,M3,00,01,640,960,valid,activated_detected,,1,results/step06/raw/full/icarus/run_0030_offset_1856_count_0064.log
F1881,4,Falling_TF,43,1,icarus,1,2,1,2,43,M3,00,02,640,960,valid,activated_detected,,1,results/step06/raw/full/icarus/run_0030_offset_1856_count_0064.log
F1882,4,Falling_TF,43,2,icarus,1,2,1,2,43,M3,00,04,640,960,valid,activated_detected,,1,results/step06/raw/full/icarus/run_0030_offset_1856_count_0064.log
F1883,4,Falling_TF,43,3,icarus,1,2,1,2,43,M3,00,08,640,960,valid,activated_detected,,1,results/step06/raw/full/icarus/run_0030_offset_1856_count_0064.log
F1884,4,Falling_TF,43,4,icarus,1,2,1,2,43,M3,00,10,640,960,valid,activated_detected,,1,results/step06/raw/full/icarus/run_0030_offset_1856_count_0064.log
F1885,4,Falling_TF,43,5,icarus,1,2,1,2,43,M3,00,20,640,960,valid,activated_detected,,1,results/step06/raw/full/icarus/run_0030_offset_1856_count_0064.log
F1886,4,Falling_TF,43,6,icarus,1,2,1,2,43,M3,00,40,640,960,valid,activated_detected,,1,results/step06/raw/full/icarus/run_0030_offset_1856_count_0064.log
F1887,4,Falling_TF,43,7,icarus,1,2,1,2,43,M3,00,80,640,960,valid,activated_detected,,1,results/step06/raw/full/icarus/run_0030_offset_1856_count_0064.log
F1888,4,Falling_TF,44,0,icarus,1,2,1,2,44,M3,00,01,640,960,valid,activated_detected,,1,results/step06/raw/full/icarus/run_0030_offset_1856_count_0064.log
F1889,4,Falling_TF,44,1,icarus,1,2,1,2,44,M3,00,02,640,960,valid,activated_detected,,1,results/step06/raw/full/icarus/run_0030_offset_1856_count_0064.log
F1890,4,Falling_TF,44,2,icarus,1,2,1,2,44,M3,00,04,640,960,valid,activated_detected,,1,results/step06/raw/full/icarus/run_0030_offset_1856_count_0064.log
F1891,4,Falling_TF,44,3,icarus,1,2,1,2,44,M3,00,08,640,960,valid,activated_detected,,1,results/step06/raw/full/icarus/run_0030_offset_1856_count_0064.log
F1892,4,Falling_TF,44,4,icarus,1,2,1,2,44,M3,00,10,640,960,valid,activated_detected,,1,results/step06/raw/full/icarus/run_0030_offset_1856_count_0064.log
F1893,4,Falling_TF,44,5,icarus,1,2,1,2,44,M3,00,20,640,960,valid,activated_detected,,1,results/step06/raw/full/icarus/run_0030_offset_1856_count_0064.log
F1894,4,Falling_TF,44,6,icarus,1,2,1,2,44,M3,00,40,640,960,valid,activated_detected,,1,results/step06/raw/full/icarus/run_0030_offset_1856_count_0064.log
F1895,4,Falling_TF,44,7,icarus,1,2,1,2,44,M3,00,80,640,960,valid,activated_detected,,1,results/step06/raw/full/icarus/run_0030_offset_1856_count_0064.log
F1896,4,Falling_TF,45,0,icarus,1,2,1,2,45,M3,00,01,640,960,valid,activated_detected,,1,results/step06/raw/full/icarus/run_0030_offset_1856_count_0064.log
F1897,4,Falling_TF,45,1,icarus,1,2,1,2,45,M3,00,02,640,960,valid,activated_detected,,1,results/step06/raw/full/icarus/run_0030_offset_1856_count_0064.log
F1898,4,Falling_TF,45,2,icarus,1,2,1,2,45,M3,00,04,640,960,valid,activated_detected,,1,results/step06/raw/full/icarus/run_0030_offset_1856_count_0064.log
F1899,4,Falling_TF,45,3,icarus,1,2,1,2,45,M3,00,08,640,960,valid,activated_detected,,1,results/step06/raw/full/icarus/run_0030_offset_1856_count_0064.log
F1900,4,Falling_TF,45,4,icarus,1,2,1,2,45,M3,00,10,640,960,valid,activated_detected,,1,results/step06/raw/full/icarus/run_0030_offset_1856_count_0064.log
F1901,4,Falling_TF,45,5,icarus,1,2,1,2,45,M3,00,20,640,960,valid,activated_detected,,1,results/step06/raw/full/icarus/run_0030_offset_1856_count_0064.log
F1902,4,Falling_TF,45,6,icarus,1,2,1,2,45,M3,00,40,640,960,valid,activated_detected,,1,results/step06/raw/full/icarus/run_0030_offset_1856_count_0064.log
F1903,4,Falling_TF,45,7,icarus,1,2,1,2,45,M3,00,80,640,960,valid,activated_detected,,1,results/step06/raw/full/icarus/run_0030_offset_1856_count_0064.log
F1904,4,Falling_TF,46,0,icarus,1,2,1,2,46,M3,00,01,640,960,valid,activated_detected,,1,results/step06/raw/full/icarus/run_0030_offset_1856_count_0064.log
F1905,4,Falling_TF,46,1,icarus,1,2,1,2,46,M3,00,02,640,960,valid,activated_detected,,1,results/step06/raw/full/icarus/run_0030_offset_1856_count_0064.log
F1906,4,Falling_TF,46,2,icarus,1,2,1,2,46,M3,00,04,640,960,valid,activated_detected,,1,results/step06/raw/full/icarus/run_0030_offset_1856_count_0064.log
F1907,4,Falling_TF,46,3,icarus,1,2,1,2,46,M3,00,08,640,960,valid,activated_detected,,1,results/step06/raw/full/icarus/run_0030_offset_1856_count_0064.log
F1908,4,Falling_TF,46,4,icarus,1,2,1,2,46,M3,00,10,640,960,valid,activated_detected,,1,results/step06/raw/full/icarus/run_0030_offset_1856_count_0064.log
F1909,4,Falling_TF,46,5,icarus,1,2,1,2,46,M3,00,20,640,960,valid,activated_detected,,1,results/step06/raw/full/icarus/run_0030_offset_1856_count_0064.log
F1910,4,Falling_TF,46,6,icarus,1,2,1,2,46,M3,00,40,640,960,valid,activated_detected,,1,results/step06/raw/full/icarus/run_0030_offset_1856_count_0064.log
F1911,4,Falling_TF,46,7,icarus,1,2,1,2,46,M3,00,80,640,960,valid,activated_detected,,1,results/step06/raw/full/icarus/run_0030_offset_1856_count_0064.log
F1912,4,Falling_TF,47,0,icarus,1,2,1,2,47,M3,00,01,640,960,valid,activated_detected,,1,results/step06/raw/full/icarus/run_0030_offset_1856_count_0064.log
F1913,4,Falling_TF,47,1,icarus,1,2,1,2,47,M3,00,02,640,960,valid,activated_detected,,1,results/step06/raw/full/icarus/run_0030_offset_1856_count_0064.log
F1914,4,Falling_TF,47,2,icarus,1,2,1,2,47,M3,00,04,640,960,valid,activated_detected,,1,results/step06/raw/full/icarus/run_0030_offset_1856_count_0064.log
F1915,4,Falling_TF,47,3,icarus,1,2,1,2,47,M3,00,08,640,960,valid,activated_detected,,1,results/step06/raw/full/icarus/run_0030_offset_1856_count_0064.log
F1916,4,Falling_TF,47,4,icarus,1,2,1,2,47,M3,00,10,640,960,valid,activated_detected,,1,results/step06/raw/full/icarus/run_0030_offset_1856_count_0064.log
F1917,4,Falling_TF,47,5,icarus,1,2,1,2,47,M3,00,20,640,960,valid,activated_detected,,1,results/step06/raw/full/icarus/run_0030_offset_1856_count_0064.log
F1918,4,Falling_TF,47,6,icarus,1,2,1,2,47,M3,00,40,640,960,valid,activated_detected,,1,results/step06/raw/full/icarus/run_0030_offset_1856_count_0064.log
F1919,4,Falling_TF,47,7,icarus,1,2,1,2,47,M3,00,80,640,960,valid,activated_detected,,1,results/step06/raw/full/icarus/run_0030_offset_1856_count_0064.log
F1920,4,Falling_TF,48,0,icarus,1,2,1,2,48,M3,00,01,640,960,valid,activated_detected,,1,results/step06/raw/full/icarus/run_0031_offset_1920_count_0064.log
F1921,4,Falling_TF,48,1,icarus,1,2,1,2,48,M3,00,02,640,960,valid,activated_detected,,1,results/step06/raw/full/icarus/run_0031_offset_1920_count_0064.log
F1922,4,Falling_TF,48,2,icarus,1,2,1,2,48,M3,00,04,640,960,valid,activated_detected,,1,results/step06/raw/full/icarus/run_0031_offset_1920_count_0064.log
F1923,4,Falling_TF,48,3,icarus,1,2,1,2,48,M3,00,08,640,960,valid,activated_detected,,1,results/step06/raw/full/icarus/run_0031_offset_1920_count_0064.log
F1924,4,Falling_TF,48,4,icarus,1,2,1,2,48,M3,00,10,640,960,valid,activated_detected,,1,results/step06/raw/full/icarus/run_0031_offset_1920_count_0064.log
F1925,4,Falling_TF,48,5,icarus,1,2,1,2,48,M3,00,20,640,960,valid,activated_detected,,1,results/step06/raw/full/icarus/run_0031_offset_1920_count_0064.log
F1926,4,Falling_TF,48,6,icarus,1,2,1,2,48,M3,00,40,640,960,valid,activated_detected,,1,results/step06/raw/full/icarus/run_0031_offset_1920_count_0064.log
F1927,4,Falling_TF,48,7,icarus,1,2,1,2,48,M3,00,80,640,960,valid,activated_detected,,1,results/step06/raw/full/icarus/run_0031_offset_1920_count_0064.log
F1928,4,Falling_TF,49,0,icarus,1,2,1,2,49,M3,00,01,640,960,valid,activated_detected,,1,results/step06/raw/full/icarus/run_0031_offset_1920_count_0064.log
F1929,4,Falling_TF,49,1,icarus,1,2,1,2,49,M3,00,02,640,960,valid,activated_detected,,1,results/step06/raw/full/icarus/run_0031_offset_1920_count_0064.log
F1930,4,Falling_TF,49,2,icarus,1,2,1,2,49,M3,00,04,640,960,valid,activated_detected,,1,results/step06/raw/full/icarus/run_0031_offset_1920_count_0064.log
F1931,4,Falling_TF,49,3,icarus,1,2,1,2,49,M3,00,08,640,960,valid,activated_detected,,1,results/step06/raw/full/icarus/run_0031_offset_1920_count_0064.log
F1932,4,Falling_TF,49,4,icarus,1,2,1,2,49,M3,00,10,640,960,valid,activated_detected,,1,results/step06/raw/full/icarus/run_0031_offset_1920_count_0064.log
F1933,4,Falling_TF,49,5,icarus,1,2,1,2,49,M3,00,20,640,960,valid,activated_detected,,1,results/step06/raw/full/icarus/run_0031_offset_1920_count_0064.log
F1934,4,Falling_TF,49,6,icarus,1,2,1,2,49,M3,00,40,640,960,valid,activated_detected,,1,results/step06/raw/full/icarus/run_0031_offset_1920_count_0064.log
F1935,4,Falling_TF,49,7,icarus,1,2,1,2,49,M3,00,80,640,960,valid,activated_detected,,1,results/step06/raw/full/icarus/run_0031_offset_1920_count_0064.log
F1936,4,Falling_TF,50,0,icarus,1,2,1,2,50,M3,00,01,640,960,valid,activated_detected,,1,results/step06/raw/full/icarus/run_0031_offset_1920_count_0064.log
F1937,4,Falling_TF,50,1,icarus,1,2,1,2,50,M3,00,02,640,960,valid,activated_detected,,1,results/step06/raw/full/icarus/run_0031_offset_1920_count_0064.log
F1938,4,Falling_TF,50,2,icarus,1,2,1,2,50,M3,00,04,640,960,valid,activated_detected,,1,results/step06/raw/full/icarus/run_0031_offset_1920_count_0064.log
F1939,4,Falling_TF,50,3,icarus,1,2,1,2,50,M3,00,08,640,960,valid,activated_detected,,1,results/step06/raw/full/icarus/run_0031_offset_1920_count_0064.log
F1940,4,Falling_TF,50,4,icarus,1,2,1,2,50,M3,00,10,640,960,valid,activated_detected,,1,results/step06/raw/full/icarus/run_0031_offset_1920_count_0064.log
F1941,4,Falling_TF,50,5,icarus,1,2,1,2,50,M3,00,20,640,960,valid,activated_detected,,1,results/step06/raw/full/icarus/run_0031_offset_1920_count_0064.log
F1942,4,Falling_TF,50,6,icarus,1,2,1,2,50,M3,00,40,640,960,valid,activated_detected,,1,results/step06/raw/full/icarus/run_0031_offset_1920_count_0064.log
F1943,4,Falling_TF,50,7,icarus,1,2,1,2,50,M3,00,80,640,960,valid,activated_detected,,1,results/step06/raw/full/icarus/run_0031_offset_1920_count_0064.log
F1944,4,Falling_TF,51,0,icarus,1,2,1,2,51,M3,00,01,640,960,valid,activated_detected,,1,results/step06/raw/full/icarus/run_0031_offset_1920_count_0064.log
F1945,4,Falling_TF,51,1,icarus,1,2,1,2,51,M3,00,02,640,960,valid,activated_detected,,1,results/step06/raw/full/icarus/run_0031_offset_1920_count_0064.log
F1946,4,Falling_TF,51,2,icarus,1,2,1,2,51,M3,00,04,640,960,valid,activated_detected,,1,results/step06/raw/full/icarus/run_0031_offset_1920_count_0064.log
F1947,4,Falling_TF,51,3,icarus,1,2,1,2,51,M3,00,08,640,960,valid,activated_detected,,1,results/step06/raw/full/icarus/run_0031_offset_1920_count_0064.log
F1948,4,Falling_TF,51,4,icarus,1,2,1,2,51,M3,00,10,640,960,valid,activated_detected,,1,results/step06/raw/full/icarus/run_0031_offset_1920_count_0064.log
F1949,4,Falling_TF,51,5,icarus,1,2,1,2,51,M3,00,20,640,960,valid,activated_detected,,1,results/step06/raw/full/icarus/run_0031_offset_1920_count_0064.log
F1950,4,Falling_TF,51,6,icarus,1,2,1,2,51,M3,00,40,640,960,valid,activated_detected,,1,results/step06/raw/full/icarus/run_0031_offset_1920_count_0064.log
F1951,4,Falling_TF,51,7,icarus,1,2,1,2,51,M3,00,80,640,960,valid,activated_detected,,1,results/step06/raw/full/icarus/run_0031_offset_1920_count_0064.log
F1952,4,Falling_TF,52,0,icarus,1,2,1,2,52,M3,00,01,640,960,valid,activated_detected,,1,results/step06/raw/full/icarus/run_0031_offset_1920_count_0064.log
F1953,4,Falling_TF,52,1,icarus,1,2,1,2,52,M3,00,02,640,960,valid,activated_detected,,1,results/step06/raw/full/icarus/run_0031_offset_1920_count_0064.log
F1954,4,Falling_TF,52,2,icarus,1,2,1,2,52,M3,00,04,640,960,valid,activated_detected,,1,results/step06/raw/full/icarus/run_0031_offset_1920_count_0064.log
F1955,4,Falling_TF,52,3,icarus,1,2,1,2,52,M3,00,08,640,960,valid,activated_detected,,1,results/step06/raw/full/icarus/run_0031_offset_1920_count_0064.log
F1956,4,Falling_TF,52,4,icarus,1,2,1,2,52,M3,00,10,640,960,valid,activated_detected,,1,results/step06/raw/full/icarus/run_0031_offset_1920_count_0064.log
F1957,4,Falling_TF,52,5,icarus,1,2,1,2,52,M3,00,20,640,960,valid,activated_detected,,1,results/step06/raw/full/icarus/run_0031_offset_1920_count_0064.log
F1958,4,Falling_TF,52,6,icarus,1,2,1,2,52,M3,00,40,640,960,valid,activated_detected,,1,results/step06/raw/full/icarus/run_0031_offset_1920_count_0064.log
F1959,4,Falling_TF,52,7,icarus,1,2,1,2,52,M3,00,80,640,960,valid,activated_detected,,1,results/step06/raw/full/icarus/run_0031_offset_1920_count_0064.log
F1960,4,Falling_TF,53,0,icarus,1,2,1,2,53,M3,00,01,640,960,valid,activated_detected,,1,results/step06/raw/full/icarus/run_0031_offset_1920_count_0064.log
F1961,4,Falling_TF,53,1,icarus,1,2,1,2,53,M3,00,02,640,960,valid,activated_detected,,1,results/step06/raw/full/icarus/run_0031_offset_1920_count_0064.log
F1962,4,Falling_TF,53,2,icarus,1,2,1,2,53,M3,00,04,640,960,valid,activated_detected,,1,results/step06/raw/full/icarus/run_0031_offset_1920_count_0064.log
F1963,4,Falling_TF,53,3,icarus,1,2,1,2,53,M3,00,08,640,960,valid,activated_detected,,1,results/step06/raw/full/icarus/run_0031_offset_1920_count_0064.log
F1964,4,Falling_TF,53,4,icarus,1,2,1,2,53,M3,00,10,640,960,valid,activated_detected,,1,results/step06/raw/full/icarus/run_0031_offset_1920_count_0064.log
F1965,4,Falling_TF,53,5,icarus,1,2,1,2,53,M3,00,20,640,960,valid,activated_detected,,1,results/step06/raw/full/icarus/run_0031_offset_1920_count_0064.log
F1966,4,Falling_TF,53,6,icarus,1,2,1,2,53,M3,00,40,640,960,valid,activated_detected,,1,results/step06/raw/full/icarus/run_0031_offset_1920_count_0064.log
F1967,4,Falling_TF,53,7,icarus,1,2,1,2,53,M3,00,80,640,960,valid,activated_detected,,1,results/step06/raw/full/icarus/run_0031_offset_1920_count_0064.log
F1968,4,Falling_TF,54,0,icarus,1,2,1,2,54,M3,00,01,640,960,valid,activated_detected,,1,results/step06/raw/full/icarus/run_0031_offset_1920_count_0064.log
F1969,4,Falling_TF,54,1,icarus,1,2,1,2,54,M3,00,02,640,960,valid,activated_detected,,1,results/step06/raw/full/icarus/run_0031_offset_1920_count_0064.log
F1970,4,Falling_TF,54,2,icarus,1,2,1,2,54,M3,00,04,640,960,valid,activated_detected,,1,results/step06/raw/full/icarus/run_0031_offset_1920_count_0064.log
F1971,4,Falling_TF,54,3,icarus,1,2,1,2,54,M3,00,08,640,960,valid,activated_detected,,1,results/step06/raw/full/icarus/run_0031_offset_1920_count_0064.log
F1972,4,Falling_TF,54,4,icarus,1,2,1,2,54,M3,00,10,640,960,valid,activated_detected,,1,results/step06/raw/full/icarus/run_0031_offset_1920_count_0064.log
F1973,4,Falling_TF,54,5,icarus,1,2,1,2,54,M3,00,20,640,960,valid,activated_detected,,1,results/step06/raw/full/icarus/run_0031_offset_1920_count_0064.log
F1974,4,Falling_TF,54,6,icarus,1,2,1,2,54,M3,00,40,640,960,valid,activated_detected,,1,results/step06/raw/full/icarus/run_0031_offset_1920_count_0064.log
F1975,4,Falling_TF,54,7,icarus,1,2,1,2,54,M3,00,80,640,960,valid,activated_detected,,1,results/step06/raw/full/icarus/run_0031_offset_1920_count_0064.log
F1976,4,Falling_TF,55,0,icarus,1,2,1,2,55,M3,00,01,640,960,valid,activated_detected,,1,results/step06/raw/full/icarus/run_0031_offset_1920_count_0064.log
F1977,4,Falling_TF,55,1,icarus,1,2,1,2,55,M3,00,02,640,960,valid,activated_detected,,1,results/step06/raw/full/icarus/run_0031_offset_1920_count_0064.log
F1978,4,Falling_TF,55,2,icarus,1,2,1,2,55,M3,00,04,640,960,valid,activated_detected,,1,results/step06/raw/full/icarus/run_0031_offset_1920_count_0064.log
F1979,4,Falling_TF,55,3,icarus,1,2,1,2,55,M3,00,08,640,960,valid,activated_detected,,1,results/step06/raw/full/icarus/run_0031_offset_1920_count_0064.log
F1980,4,Falling_TF,55,4,icarus,1,2,1,2,55,M3,00,10,640,960,valid,activated_detected,,1,results/step06/raw/full/icarus/run_0031_offset_1920_count_0064.log
F1981,4,Falling_TF,55,5,icarus,1,2,1,2,55,M3,00,20,640,960,valid,activated_detected,,1,results/step06/raw/full/icarus/run_0031_offset_1920_count_0064.log
F1982,4,Falling_TF,55,6,icarus,1,2,1,2,55,M3,00,40,640,960,valid,activated_detected,,1,results/step06/raw/full/icarus/run_0031_offset_1920_count_0064.log
F1983,4,Falling_TF,55,7,icarus,1,2,1,2,55,M3,00,80,640,960,valid,activated_detected,,1,results/step06/raw/full/icarus/run_0031_offset_1920_count_0064.log
F1984,4,Falling_TF,56,0,icarus,1,2,1,2,56,M3,00,01,640,960,valid,activated_detected,,1,results/step06/raw/full/icarus/run_0032_offset_1984_count_0064.log
F1985,4,Falling_TF,56,1,icarus,1,2,1,2,56,M3,00,02,640,960,valid,activated_detected,,1,results/step06/raw/full/icarus/run_0032_offset_1984_count_0064.log
F1986,4,Falling_TF,56,2,icarus,1,2,1,2,56,M3,00,04,640,960,valid,activated_detected,,1,results/step06/raw/full/icarus/run_0032_offset_1984_count_0064.log
F1987,4,Falling_TF,56,3,icarus,1,2,1,2,56,M3,00,08,640,960,valid,activated_detected,,1,results/step06/raw/full/icarus/run_0032_offset_1984_count_0064.log
F1988,4,Falling_TF,56,4,icarus,1,2,1,2,56,M3,00,10,640,960,valid,activated_detected,,1,results/step06/raw/full/icarus/run_0032_offset_1984_count_0064.log
F1989,4,Falling_TF,56,5,icarus,1,2,1,2,56,M3,00,20,640,960,valid,activated_detected,,1,results/step06/raw/full/icarus/run_0032_offset_1984_count_0064.log
F1990,4,Falling_TF,56,6,icarus,1,2,1,2,56,M3,00,40,640,960,valid,activated_detected,,1,results/step06/raw/full/icarus/run_0032_offset_1984_count_0064.log
F1991,4,Falling_TF,56,7,icarus,1,2,1,2,56,M3,00,80,640,960,valid,activated_detected,,1,results/step06/raw/full/icarus/run_0032_offset_1984_count_0064.log
F1992,4,Falling_TF,57,0,icarus,1,2,1,2,57,M3,00,01,640,960,valid,activated_detected,,1,results/step06/raw/full/icarus/run_0032_offset_1984_count_0064.log
F1993,4,Falling_TF,57,1,icarus,1,2,1,2,57,M3,00,02,640,960,valid,activated_detected,,1,results/step06/raw/full/icarus/run_0032_offset_1984_count_0064.log
F1994,4,Falling_TF,57,2,icarus,1,2,1,2,57,M3,00,04,640,960,valid,activated_detected,,1,results/step06/raw/full/icarus/run_0032_offset_1984_count_0064.log
F1995,4,Falling_TF,57,3,icarus,1,2,1,2,57,M3,00,08,640,960,valid,activated_detected,,1,results/step06/raw/full/icarus/run_0032_offset_1984_count_0064.log
F1996,4,Falling_TF,57,4,icarus,1,2,1,2,57,M3,00,10,640,960,valid,activated_detected,,1,results/step06/raw/full/icarus/run_0032_offset_1984_count_0064.log
F1997,4,Falling_TF,57,5,icarus,1,2,1,2,57,M3,00,20,640,960,valid,activated_detected,,1,results/step06/raw/full/icarus/run_0032_offset_1984_count_0064.log
F1998,4,Falling_TF,57,6,icarus,1,2,1,2,57,M3,00,40,640,960,valid,activated_detected,,1,results/step06/raw/full/icarus/run_0032_offset_1984_count_0064.log
F1999,4,Falling_TF,57,7,icarus,1,2,1,2,57,M3,00,80,640,960,valid,activated_detected,,1,results/step06/raw/full/icarus/run_0032_offset_1984_count_0064.log
F2000,4,Falling_TF,58,0,icarus,1,2,1,2,58,M3,00,01,640,960,valid,activated_detected,,1,results/step06/raw/full/icarus/run_0032_offset_1984_count_0064.log
F2001,4,Falling_TF,58,1,icarus,1,2,1,2,58,M3,00,02,640,960,valid,activated_detected,,1,results/step06/raw/full/icarus/run_0032_offset_1984_count_0064.log
F2002,4,Falling_TF,58,2,icarus,1,2,1,2,58,M3,00,04,640,960,valid,activated_detected,,1,results/step06/raw/full/icarus/run_0032_offset_1984_count_0064.log
F2003,4,Falling_TF,58,3,icarus,1,2,1,2,58,M3,00,08,640,960,valid,activated_detected,,1,results/step06/raw/full/icarus/run_0032_offset_1984_count_0064.log
F2004,4,Falling_TF,58,4,icarus,1,2,1,2,58,M3,00,10,640,960,valid,activated_detected,,1,results/step06/raw/full/icarus/run_0032_offset_1984_count_0064.log
F2005,4,Falling_TF,58,5,icarus,1,2,1,2,58,M3,00,20,640,960,valid,activated_detected,,1,results/step06/raw/full/icarus/run_0032_offset_1984_count_0064.log
F2006,4,Falling_TF,58,6,icarus,1,2,1,2,58,M3,00,40,640,960,valid,activated_detected,,1,results/step06/raw/full/icarus/run_0032_offset_1984_count_0064.log
F2007,4,Falling_TF,58,7,icarus,1,2,1,2,58,M3,00,80,640,960,valid,activated_detected,,1,results/step06/raw/full/icarus/run_0032_offset_1984_count_0064.log
F2008,4,Falling_TF,59,0,icarus,1,2,1,2,59,M3,00,01,640,960,valid,activated_detected,,1,results/step06/raw/full/icarus/run_0032_offset_1984_count_0064.log
F2009,4,Falling_TF,59,1,icarus,1,2,1,2,59,M3,00,02,640,960,valid,activated_detected,,1,results/step06/raw/full/icarus/run_0032_offset_1984_count_0064.log
F2010,4,Falling_TF,59,2,icarus,1,2,1,2,59,M3,00,04,640,960,valid,activated_detected,,1,results/step06/raw/full/icarus/run_0032_offset_1984_count_0064.log
F2011,4,Falling_TF,59,3,icarus,1,2,1,2,59,M3,00,08,640,960,valid,activated_detected,,1,results/step06/raw/full/icarus/run_0032_offset_1984_count_0064.log
F2012,4,Falling_TF,59,4,icarus,1,2,1,2,59,M3,00,10,640,960,valid,activated_detected,,1,results/step06/raw/full/icarus/run_0032_offset_1984_count_0064.log
F2013,4,Falling_TF,59,5,icarus,1,2,1,2,59,M3,00,20,640,960,valid,activated_detected,,1,results/step06/raw/full/icarus/run_0032_offset_1984_count_0064.log
F2014,4,Falling_TF,59,6,icarus,1,2,1,2,59,M3,00,40,640,960,valid,activated_detected,,1,results/step06/raw/full/icarus/run_0032_offset_1984_count_0064.log
F2015,4,Falling_TF,59,7,icarus,1,2,1,2,59,M3,00,80,640,960,valid,activated_detected,,1,results/step06/raw/full/icarus/run_0032_offset_1984_count_0064.log
F2016,4,Falling_TF,60,0,icarus,1,2,1,2,60,M3,00,01,640,960,valid,activated_detected,,1,results/step06/raw/full/icarus/run_0032_offset_1984_count_0064.log
F2017,4,Falling_TF,60,1,icarus,1,2,1,2,60,M3,00,02,640,960,valid,activated_detected,,1,results/step06/raw/full/icarus/run_0032_offset_1984_count_0064.log
F2018,4,Falling_TF,60,2,icarus,1,2,1,2,60,M3,00,04,640,960,valid,activated_detected,,1,results/step06/raw/full/icarus/run_0032_offset_1984_count_0064.log
F2019,4,Falling_TF,60,3,icarus,1,2,1,2,60,M3,00,08,640,960,valid,activated_detected,,1,results/step06/raw/full/icarus/run_0032_offset_1984_count_0064.log
F2020,4,Falling_TF,60,4,icarus,1,2,1,2,60,M3,00,10,640,960,valid,activated_detected,,1,results/step06/raw/full/icarus/run_0032_offset_1984_count_0064.log
F2021,4,Falling_TF,60,5,icarus,1,2,1,2,60,M3,00,20,640,960,valid,activated_detected,,1,results/step06/raw/full/icarus/run_0032_offset_1984_count_0064.log
F2022,4,Falling_TF,60,6,icarus,1,2,1,2,60,M3,00,40,640,960,valid,activated_detected,,1,results/step06/raw/full/icarus/run_0032_offset_1984_count_0064.log
F2023,4,Falling_TF,60,7,icarus,1,2,1,2,60,M3,00,80,640,960,valid,activated_detected,,1,results/step06/raw/full/icarus/run_0032_offset_1984_count_0064.log
F2024,4,Falling_TF,61,0,icarus,1,2,1,2,61,M3,00,01,640,960,valid,activated_detected,,1,results/step06/raw/full/icarus/run_0032_offset_1984_count_0064.log
F2025,4,Falling_TF,61,1,icarus,1,2,1,2,61,M3,00,02,640,960,valid,activated_detected,,1,results/step06/raw/full/icarus/run_0032_offset_1984_count_0064.log
F2026,4,Falling_TF,61,2,icarus,1,2,1,2,61,M3,00,04,640,960,valid,activated_detected,,1,results/step06/raw/full/icarus/run_0032_offset_1984_count_0064.log
F2027,4,Falling_TF,61,3,icarus,1,2,1,2,61,M3,00,08,640,960,valid,activated_detected,,1,results/step06/raw/full/icarus/run_0032_offset_1984_count_0064.log
F2028,4,Falling_TF,61,4,icarus,1,2,1,2,61,M3,00,10,640,960,valid,activated_detected,,1,results/step06/raw/full/icarus/run_0032_offset_1984_count_0064.log
F2029,4,Falling_TF,61,5,icarus,1,2,1,2,61,M3,00,20,640,960,valid,activated_detected,,1,results/step06/raw/full/icarus/run_0032_offset_1984_count_0064.log
F2030,4,Falling_TF,61,6,icarus,1,2,1,2,61,M3,00,40,640,960,valid,activated_detected,,1,results/step06/raw/full/icarus/run_0032_offset_1984_count_0064.log
F2031,4,Falling_TF,61,7,icarus,1,2,1,2,61,M3,00,80,640,960,valid,activated_detected,,1,results/step06/raw/full/icarus/run_0032_offset_1984_count_0064.log
F2032,4,Falling_TF,62,0,icarus,1,2,1,2,62,M3,00,01,640,960,valid,activated_detected,,1,results/step06/raw/full/icarus/run_0032_offset_1984_count_0064.log
F2033,4,Falling_TF,62,1,icarus,1,2,1,2,62,M3,00,02,640,960,valid,activated_detected,,1,results/step06/raw/full/icarus/run_0032_offset_1984_count_0064.log
F2034,4,Falling_TF,62,2,icarus,1,2,1,2,62,M3,00,04,640,960,valid,activated_detected,,1,results/step06/raw/full/icarus/run_0032_offset_1984_count_0064.log
F2035,4,Falling_TF,62,3,icarus,1,2,1,2,62,M3,00,08,640,960,valid,activated_detected,,1,results/step06/raw/full/icarus/run_0032_offset_1984_count_0064.log
F2036,4,Falling_TF,62,4,icarus,1,2,1,2,62,M3,00,10,640,960,valid,activated_detected,,1,results/step06/raw/full/icarus/run_0032_offset_1984_count_0064.log
F2037,4,Falling_TF,62,5,icarus,1,2,1,2,62,M3,00,20,640,960,valid,activated_detected,,1,results/step06/raw/full/icarus/run_0032_offset_1984_count_0064.log
F2038,4,Falling_TF,62,6,icarus,1,2,1,2,62,M3,00,40,640,960,valid,activated_detected,,1,results/step06/raw/full/icarus/run_0032_offset_1984_count_0064.log
F2039,4,Falling_TF,62,7,icarus,1,2,1,2,62,M3,00,80,640,960,valid,activated_detected,,1,results/step06/raw/full/icarus/run_0032_offset_1984_count_0064.log
F2040,4,Falling_TF,63,0,icarus,1,2,1,2,63,M3,00,01,640,960,valid,activated_detected,,1,results/step06/raw/full/icarus/run_0032_offset_1984_count_0064.log
F2041,4,Falling_TF,63,1,icarus,1,2,1,2,63,M3,00,02,640,960,valid,activated_detected,,1,results/step06/raw/full/icarus/run_0032_offset_1984_count_0064.log
F2042,4,Falling_TF,63,2,icarus,1,2,1,2,63,M3,00,04,640,960,valid,activated_detected,,1,results/step06/raw/full/icarus/run_0032_offset_1984_count_0064.log
F2043,4,Falling_TF,63,3,icarus,1,2,1,2,63,M3,00,08,640,960,valid,activated_detected,,1,results/step06/raw/full/icarus/run_0032_offset_1984_count_0064.log
F2044,4,Falling_TF,63,4,icarus,1,2,1,2,63,M3,00,10,640,960,valid,activated_detected,,1,results/step06/raw/full/icarus/run_0032_offset_1984_count_0064.log
F2045,4,Falling_TF,63,5,icarus,1,2,1,2,63,M3,00,20,640,960,valid,activated_detected,,1,results/step06/raw/full/icarus/run_0032_offset_1984_count_0064.log
F2046,4,Falling_TF,63,6,icarus,1,2,1,2,63,M3,00,40,640,960,valid,activated_detected,,1,results/step06/raw/full/icarus/run_0032_offset_1984_count_0064.log
F2047,4,Falling_TF,63,7,icarus,1,2,1,2,63,M3,00,80,640,960,valid,activated_detected,,1,results/step06/raw/full/icarus/run_0032_offset_1984_count_0064.log
F0000,1,SA0,0,0,xsim,1,2,1,2,0,M2,FF,FE,640,960,valid,activated_detected,,1,results/step06/raw/full/xsim/run_0001_offset_0000_count_0064.log
F0001,1,SA0,0,1,xsim,1,2,1,2,0,M2,FF,FD,640,960,valid,activated_detected,,1,results/step06/raw/full/xsim/run_0001_offset_0000_count_0064.log
F0002,1,SA0,0,2,xsim,1,2,1,2,0,M2,FF,FB,640,960,valid,activated_detected,,1,results/step06/raw/full/xsim/run_0001_offset_0000_count_0064.log
F0003,1,SA0,0,3,xsim,1,2,1,2,0,M2,FF,F7,640,960,valid,activated_detected,,1,results/step06/raw/full/xsim/run_0001_offset_0000_count_0064.log
F0004,1,SA0,0,4,xsim,1,2,1,2,0,M2,FF,EF,640,960,valid,activated_detected,,1,results/step06/raw/full/xsim/run_0001_offset_0000_count_0064.log
F0005,1,SA0,0,5,xsim,1,2,1,2,0,M2,FF,DF,640,960,valid,activated_detected,,1,results/step06/raw/full/xsim/run_0001_offset_0000_count_0064.log
F0006,1,SA0,0,6,xsim,1,2,1,2,0,M2,FF,BF,640,960,valid,activated_detected,,1,results/step06/raw/full/xsim/run_0001_offset_0000_count_0064.log
F0007,1,SA0,0,7,xsim,1,2,1,2,0,M2,FF,7F,640,960,valid,activated_detected,,1,results/step06/raw/full/xsim/run_0001_offset_0000_count_0064.log
F0008,1,SA0,1,0,xsim,1,2,1,2,1,M2,FF,FE,640,960,valid,activated_detected,,1,results/step06/raw/full/xsim/run_0001_offset_0000_count_0064.log
F0009,1,SA0,1,1,xsim,1,2,1,2,1,M2,FF,FD,640,960,valid,activated_detected,,1,results/step06/raw/full/xsim/run_0001_offset_0000_count_0064.log
F0010,1,SA0,1,2,xsim,1,2,1,2,1,M2,FF,FB,640,960,valid,activated_detected,,1,results/step06/raw/full/xsim/run_0001_offset_0000_count_0064.log
F0011,1,SA0,1,3,xsim,1,2,1,2,1,M2,FF,F7,640,960,valid,activated_detected,,1,results/step06/raw/full/xsim/run_0001_offset_0000_count_0064.log
F0012,1,SA0,1,4,xsim,1,2,1,2,1,M2,FF,EF,640,960,valid,activated_detected,,1,results/step06/raw/full/xsim/run_0001_offset_0000_count_0064.log
F0013,1,SA0,1,5,xsim,1,2,1,2,1,M2,FF,DF,640,960,valid,activated_detected,,1,results/step06/raw/full/xsim/run_0001_offset_0000_count_0064.log
F0014,1,SA0,1,6,xsim,1,2,1,2,1,M2,FF,BF,640,960,valid,activated_detected,,1,results/step06/raw/full/xsim/run_0001_offset_0000_count_0064.log
F0015,1,SA0,1,7,xsim,1,2,1,2,1,M2,FF,7F,640,960,valid,activated_detected,,1,results/step06/raw/full/xsim/run_0001_offset_0000_count_0064.log
F0016,1,SA0,2,0,xsim,1,2,1,2,2,M2,FF,FE,640,960,valid,activated_detected,,1,results/step06/raw/full/xsim/run_0001_offset_0000_count_0064.log
F0017,1,SA0,2,1,xsim,1,2,1,2,2,M2,FF,FD,640,960,valid,activated_detected,,1,results/step06/raw/full/xsim/run_0001_offset_0000_count_0064.log
F0018,1,SA0,2,2,xsim,1,2,1,2,2,M2,FF,FB,640,960,valid,activated_detected,,1,results/step06/raw/full/xsim/run_0001_offset_0000_count_0064.log
F0019,1,SA0,2,3,xsim,1,2,1,2,2,M2,FF,F7,640,960,valid,activated_detected,,1,results/step06/raw/full/xsim/run_0001_offset_0000_count_0064.log
F0020,1,SA0,2,4,xsim,1,2,1,2,2,M2,FF,EF,640,960,valid,activated_detected,,1,results/step06/raw/full/xsim/run_0001_offset_0000_count_0064.log
F0021,1,SA0,2,5,xsim,1,2,1,2,2,M2,FF,DF,640,960,valid,activated_detected,,1,results/step06/raw/full/xsim/run_0001_offset_0000_count_0064.log
F0022,1,SA0,2,6,xsim,1,2,1,2,2,M2,FF,BF,640,960,valid,activated_detected,,1,results/step06/raw/full/xsim/run_0001_offset_0000_count_0064.log
F0023,1,SA0,2,7,xsim,1,2,1,2,2,M2,FF,7F,640,960,valid,activated_detected,,1,results/step06/raw/full/xsim/run_0001_offset_0000_count_0064.log
F0024,1,SA0,3,0,xsim,1,2,1,2,3,M2,FF,FE,640,960,valid,activated_detected,,1,results/step06/raw/full/xsim/run_0001_offset_0000_count_0064.log
F0025,1,SA0,3,1,xsim,1,2,1,2,3,M2,FF,FD,640,960,valid,activated_detected,,1,results/step06/raw/full/xsim/run_0001_offset_0000_count_0064.log
F0026,1,SA0,3,2,xsim,1,2,1,2,3,M2,FF,FB,640,960,valid,activated_detected,,1,results/step06/raw/full/xsim/run_0001_offset_0000_count_0064.log
F0027,1,SA0,3,3,xsim,1,2,1,2,3,M2,FF,F7,640,960,valid,activated_detected,,1,results/step06/raw/full/xsim/run_0001_offset_0000_count_0064.log
F0028,1,SA0,3,4,xsim,1,2,1,2,3,M2,FF,EF,640,960,valid,activated_detected,,1,results/step06/raw/full/xsim/run_0001_offset_0000_count_0064.log
F0029,1,SA0,3,5,xsim,1,2,1,2,3,M2,FF,DF,640,960,valid,activated_detected,,1,results/step06/raw/full/xsim/run_0001_offset_0000_count_0064.log
F0030,1,SA0,3,6,xsim,1,2,1,2,3,M2,FF,BF,640,960,valid,activated_detected,,1,results/step06/raw/full/xsim/run_0001_offset_0000_count_0064.log
F0031,1,SA0,3,7,xsim,1,2,1,2,3,M2,FF,7F,640,960,valid,activated_detected,,1,results/step06/raw/full/xsim/run_0001_offset_0000_count_0064.log
F0032,1,SA0,4,0,xsim,1,2,1,2,4,M2,FF,FE,640,960,valid,activated_detected,,1,results/step06/raw/full/xsim/run_0001_offset_0000_count_0064.log
F0033,1,SA0,4,1,xsim,1,2,1,2,4,M2,FF,FD,640,960,valid,activated_detected,,1,results/step06/raw/full/xsim/run_0001_offset_0000_count_0064.log
F0034,1,SA0,4,2,xsim,1,2,1,2,4,M2,FF,FB,640,960,valid,activated_detected,,1,results/step06/raw/full/xsim/run_0001_offset_0000_count_0064.log
F0035,1,SA0,4,3,xsim,1,2,1,2,4,M2,FF,F7,640,960,valid,activated_detected,,1,results/step06/raw/full/xsim/run_0001_offset_0000_count_0064.log
F0036,1,SA0,4,4,xsim,1,2,1,2,4,M2,FF,EF,640,960,valid,activated_detected,,1,results/step06/raw/full/xsim/run_0001_offset_0000_count_0064.log
F0037,1,SA0,4,5,xsim,1,2,1,2,4,M2,FF,DF,640,960,valid,activated_detected,,1,results/step06/raw/full/xsim/run_0001_offset_0000_count_0064.log
F0038,1,SA0,4,6,xsim,1,2,1,2,4,M2,FF,BF,640,960,valid,activated_detected,,1,results/step06/raw/full/xsim/run_0001_offset_0000_count_0064.log
F0039,1,SA0,4,7,xsim,1,2,1,2,4,M2,FF,7F,640,960,valid,activated_detected,,1,results/step06/raw/full/xsim/run_0001_offset_0000_count_0064.log
F0040,1,SA0,5,0,xsim,1,2,1,2,5,M2,FF,FE,640,960,valid,activated_detected,,1,results/step06/raw/full/xsim/run_0001_offset_0000_count_0064.log
F0041,1,SA0,5,1,xsim,1,2,1,2,5,M2,FF,FD,640,960,valid,activated_detected,,1,results/step06/raw/full/xsim/run_0001_offset_0000_count_0064.log
F0042,1,SA0,5,2,xsim,1,2,1,2,5,M2,FF,FB,640,960,valid,activated_detected,,1,results/step06/raw/full/xsim/run_0001_offset_0000_count_0064.log
F0043,1,SA0,5,3,xsim,1,2,1,2,5,M2,FF,F7,640,960,valid,activated_detected,,1,results/step06/raw/full/xsim/run_0001_offset_0000_count_0064.log
F0044,1,SA0,5,4,xsim,1,2,1,2,5,M2,FF,EF,640,960,valid,activated_detected,,1,results/step06/raw/full/xsim/run_0001_offset_0000_count_0064.log
F0045,1,SA0,5,5,xsim,1,2,1,2,5,M2,FF,DF,640,960,valid,activated_detected,,1,results/step06/raw/full/xsim/run_0001_offset_0000_count_0064.log
F0046,1,SA0,5,6,xsim,1,2,1,2,5,M2,FF,BF,640,960,valid,activated_detected,,1,results/step06/raw/full/xsim/run_0001_offset_0000_count_0064.log
F0047,1,SA0,5,7,xsim,1,2,1,2,5,M2,FF,7F,640,960,valid,activated_detected,,1,results/step06/raw/full/xsim/run_0001_offset_0000_count_0064.log
F0048,1,SA0,6,0,xsim,1,2,1,2,6,M2,FF,FE,640,960,valid,activated_detected,,1,results/step06/raw/full/xsim/run_0001_offset_0000_count_0064.log
F0049,1,SA0,6,1,xsim,1,2,1,2,6,M2,FF,FD,640,960,valid,activated_detected,,1,results/step06/raw/full/xsim/run_0001_offset_0000_count_0064.log
F0050,1,SA0,6,2,xsim,1,2,1,2,6,M2,FF,FB,640,960,valid,activated_detected,,1,results/step06/raw/full/xsim/run_0001_offset_0000_count_0064.log
F0051,1,SA0,6,3,xsim,1,2,1,2,6,M2,FF,F7,640,960,valid,activated_detected,,1,results/step06/raw/full/xsim/run_0001_offset_0000_count_0064.log
F0052,1,SA0,6,4,xsim,1,2,1,2,6,M2,FF,EF,640,960,valid,activated_detected,,1,results/step06/raw/full/xsim/run_0001_offset_0000_count_0064.log
F0053,1,SA0,6,5,xsim,1,2,1,2,6,M2,FF,DF,640,960,valid,activated_detected,,1,results/step06/raw/full/xsim/run_0001_offset_0000_count_0064.log
F0054,1,SA0,6,6,xsim,1,2,1,2,6,M2,FF,BF,640,960,valid,activated_detected,,1,results/step06/raw/full/xsim/run_0001_offset_0000_count_0064.log
F0055,1,SA0,6,7,xsim,1,2,1,2,6,M2,FF,7F,640,960,valid,activated_detected,,1,results/step06/raw/full/xsim/run_0001_offset_0000_count_0064.log
F0056,1,SA0,7,0,xsim,1,2,1,2,7,M2,FF,FE,640,960,valid,activated_detected,,1,results/step06/raw/full/xsim/run_0001_offset_0000_count_0064.log
F0057,1,SA0,7,1,xsim,1,2,1,2,7,M2,FF,FD,640,960,valid,activated_detected,,1,results/step06/raw/full/xsim/run_0001_offset_0000_count_0064.log
F0058,1,SA0,7,2,xsim,1,2,1,2,7,M2,FF,FB,640,960,valid,activated_detected,,1,results/step06/raw/full/xsim/run_0001_offset_0000_count_0064.log
F0059,1,SA0,7,3,xsim,1,2,1,2,7,M2,FF,F7,640,960,valid,activated_detected,,1,results/step06/raw/full/xsim/run_0001_offset_0000_count_0064.log
F0060,1,SA0,7,4,xsim,1,2,1,2,7,M2,FF,EF,640,960,valid,activated_detected,,1,results/step06/raw/full/xsim/run_0001_offset_0000_count_0064.log
F0061,1,SA0,7,5,xsim,1,2,1,2,7,M2,FF,DF,640,960,valid,activated_detected,,1,results/step06/raw/full/xsim/run_0001_offset_0000_count_0064.log
F0062,1,SA0,7,6,xsim,1,2,1,2,7,M2,FF,BF,640,960,valid,activated_detected,,1,results/step06/raw/full/xsim/run_0001_offset_0000_count_0064.log
F0063,1,SA0,7,7,xsim,1,2,1,2,7,M2,FF,7F,640,960,valid,activated_detected,,1,results/step06/raw/full/xsim/run_0001_offset_0000_count_0064.log
F0064,1,SA0,8,0,xsim,1,2,1,2,8,M2,FF,FE,640,960,valid,activated_detected,,1,results/step06/raw/full/xsim/run_0002_offset_0064_count_0064.log
F0065,1,SA0,8,1,xsim,1,2,1,2,8,M2,FF,FD,640,960,valid,activated_detected,,1,results/step06/raw/full/xsim/run_0002_offset_0064_count_0064.log
F0066,1,SA0,8,2,xsim,1,2,1,2,8,M2,FF,FB,640,960,valid,activated_detected,,1,results/step06/raw/full/xsim/run_0002_offset_0064_count_0064.log
F0067,1,SA0,8,3,xsim,1,2,1,2,8,M2,FF,F7,640,960,valid,activated_detected,,1,results/step06/raw/full/xsim/run_0002_offset_0064_count_0064.log
F0068,1,SA0,8,4,xsim,1,2,1,2,8,M2,FF,EF,640,960,valid,activated_detected,,1,results/step06/raw/full/xsim/run_0002_offset_0064_count_0064.log
F0069,1,SA0,8,5,xsim,1,2,1,2,8,M2,FF,DF,640,960,valid,activated_detected,,1,results/step06/raw/full/xsim/run_0002_offset_0064_count_0064.log
F0070,1,SA0,8,6,xsim,1,2,1,2,8,M2,FF,BF,640,960,valid,activated_detected,,1,results/step06/raw/full/xsim/run_0002_offset_0064_count_0064.log
F0071,1,SA0,8,7,xsim,1,2,1,2,8,M2,FF,7F,640,960,valid,activated_detected,,1,results/step06/raw/full/xsim/run_0002_offset_0064_count_0064.log
F0072,1,SA0,9,0,xsim,1,2,1,2,9,M2,FF,FE,640,960,valid,activated_detected,,1,results/step06/raw/full/xsim/run_0002_offset_0064_count_0064.log
F0073,1,SA0,9,1,xsim,1,2,1,2,9,M2,FF,FD,640,960,valid,activated_detected,,1,results/step06/raw/full/xsim/run_0002_offset_0064_count_0064.log
F0074,1,SA0,9,2,xsim,1,2,1,2,9,M2,FF,FB,640,960,valid,activated_detected,,1,results/step06/raw/full/xsim/run_0002_offset_0064_count_0064.log
F0075,1,SA0,9,3,xsim,1,2,1,2,9,M2,FF,F7,640,960,valid,activated_detected,,1,results/step06/raw/full/xsim/run_0002_offset_0064_count_0064.log
F0076,1,SA0,9,4,xsim,1,2,1,2,9,M2,FF,EF,640,960,valid,activated_detected,,1,results/step06/raw/full/xsim/run_0002_offset_0064_count_0064.log
F0077,1,SA0,9,5,xsim,1,2,1,2,9,M2,FF,DF,640,960,valid,activated_detected,,1,results/step06/raw/full/xsim/run_0002_offset_0064_count_0064.log
F0078,1,SA0,9,6,xsim,1,2,1,2,9,M2,FF,BF,640,960,valid,activated_detected,,1,results/step06/raw/full/xsim/run_0002_offset_0064_count_0064.log
F0079,1,SA0,9,7,xsim,1,2,1,2,9,M2,FF,7F,640,960,valid,activated_detected,,1,results/step06/raw/full/xsim/run_0002_offset_0064_count_0064.log
F0080,1,SA0,10,0,xsim,1,2,1,2,10,M2,FF,FE,640,960,valid,activated_detected,,1,results/step06/raw/full/xsim/run_0002_offset_0064_count_0064.log
F0081,1,SA0,10,1,xsim,1,2,1,2,10,M2,FF,FD,640,960,valid,activated_detected,,1,results/step06/raw/full/xsim/run_0002_offset_0064_count_0064.log
F0082,1,SA0,10,2,xsim,1,2,1,2,10,M2,FF,FB,640,960,valid,activated_detected,,1,results/step06/raw/full/xsim/run_0002_offset_0064_count_0064.log
F0083,1,SA0,10,3,xsim,1,2,1,2,10,M2,FF,F7,640,960,valid,activated_detected,,1,results/step06/raw/full/xsim/run_0002_offset_0064_count_0064.log
F0084,1,SA0,10,4,xsim,1,2,1,2,10,M2,FF,EF,640,960,valid,activated_detected,,1,results/step06/raw/full/xsim/run_0002_offset_0064_count_0064.log
F0085,1,SA0,10,5,xsim,1,2,1,2,10,M2,FF,DF,640,960,valid,activated_detected,,1,results/step06/raw/full/xsim/run_0002_offset_0064_count_0064.log
F0086,1,SA0,10,6,xsim,1,2,1,2,10,M2,FF,BF,640,960,valid,activated_detected,,1,results/step06/raw/full/xsim/run_0002_offset_0064_count_0064.log
F0087,1,SA0,10,7,xsim,1,2,1,2,10,M2,FF,7F,640,960,valid,activated_detected,,1,results/step06/raw/full/xsim/run_0002_offset_0064_count_0064.log
F0088,1,SA0,11,0,xsim,1,2,1,2,11,M2,FF,FE,640,960,valid,activated_detected,,1,results/step06/raw/full/xsim/run_0002_offset_0064_count_0064.log
F0089,1,SA0,11,1,xsim,1,2,1,2,11,M2,FF,FD,640,960,valid,activated_detected,,1,results/step06/raw/full/xsim/run_0002_offset_0064_count_0064.log
F0090,1,SA0,11,2,xsim,1,2,1,2,11,M2,FF,FB,640,960,valid,activated_detected,,1,results/step06/raw/full/xsim/run_0002_offset_0064_count_0064.log
F0091,1,SA0,11,3,xsim,1,2,1,2,11,M2,FF,F7,640,960,valid,activated_detected,,1,results/step06/raw/full/xsim/run_0002_offset_0064_count_0064.log
F0092,1,SA0,11,4,xsim,1,2,1,2,11,M2,FF,EF,640,960,valid,activated_detected,,1,results/step06/raw/full/xsim/run_0002_offset_0064_count_0064.log
F0093,1,SA0,11,5,xsim,1,2,1,2,11,M2,FF,DF,640,960,valid,activated_detected,,1,results/step06/raw/full/xsim/run_0002_offset_0064_count_0064.log
F0094,1,SA0,11,6,xsim,1,2,1,2,11,M2,FF,BF,640,960,valid,activated_detected,,1,results/step06/raw/full/xsim/run_0002_offset_0064_count_0064.log
F0095,1,SA0,11,7,xsim,1,2,1,2,11,M2,FF,7F,640,960,valid,activated_detected,,1,results/step06/raw/full/xsim/run_0002_offset_0064_count_0064.log
F0096,1,SA0,12,0,xsim,1,2,1,2,12,M2,FF,FE,640,960,valid,activated_detected,,1,results/step06/raw/full/xsim/run_0002_offset_0064_count_0064.log
F0097,1,SA0,12,1,xsim,1,2,1,2,12,M2,FF,FD,640,960,valid,activated_detected,,1,results/step06/raw/full/xsim/run_0002_offset_0064_count_0064.log
F0098,1,SA0,12,2,xsim,1,2,1,2,12,M2,FF,FB,640,960,valid,activated_detected,,1,results/step06/raw/full/xsim/run_0002_offset_0064_count_0064.log
F0099,1,SA0,12,3,xsim,1,2,1,2,12,M2,FF,F7,640,960,valid,activated_detected,,1,results/step06/raw/full/xsim/run_0002_offset_0064_count_0064.log
F0100,1,SA0,12,4,xsim,1,2,1,2,12,M2,FF,EF,640,960,valid,activated_detected,,1,results/step06/raw/full/xsim/run_0002_offset_0064_count_0064.log
F0101,1,SA0,12,5,xsim,1,2,1,2,12,M2,FF,DF,640,960,valid,activated_detected,,1,results/step06/raw/full/xsim/run_0002_offset_0064_count_0064.log
F0102,1,SA0,12,6,xsim,1,2,1,2,12,M2,FF,BF,640,960,valid,activated_detected,,1,results/step06/raw/full/xsim/run_0002_offset_0064_count_0064.log
F0103,1,SA0,12,7,xsim,1,2,1,2,12,M2,FF,7F,640,960,valid,activated_detected,,1,results/step06/raw/full/xsim/run_0002_offset_0064_count_0064.log
F0104,1,SA0,13,0,xsim,1,2,1,2,13,M2,FF,FE,640,960,valid,activated_detected,,1,results/step06/raw/full/xsim/run_0002_offset_0064_count_0064.log
F0105,1,SA0,13,1,xsim,1,2,1,2,13,M2,FF,FD,640,960,valid,activated_detected,,1,results/step06/raw/full/xsim/run_0002_offset_0064_count_0064.log
F0106,1,SA0,13,2,xsim,1,2,1,2,13,M2,FF,FB,640,960,valid,activated_detected,,1,results/step06/raw/full/xsim/run_0002_offset_0064_count_0064.log
F0107,1,SA0,13,3,xsim,1,2,1,2,13,M2,FF,F7,640,960,valid,activated_detected,,1,results/step06/raw/full/xsim/run_0002_offset_0064_count_0064.log
F0108,1,SA0,13,4,xsim,1,2,1,2,13,M2,FF,EF,640,960,valid,activated_detected,,1,results/step06/raw/full/xsim/run_0002_offset_0064_count_0064.log
F0109,1,SA0,13,5,xsim,1,2,1,2,13,M2,FF,DF,640,960,valid,activated_detected,,1,results/step06/raw/full/xsim/run_0002_offset_0064_count_0064.log
F0110,1,SA0,13,6,xsim,1,2,1,2,13,M2,FF,BF,640,960,valid,activated_detected,,1,results/step06/raw/full/xsim/run_0002_offset_0064_count_0064.log
F0111,1,SA0,13,7,xsim,1,2,1,2,13,M2,FF,7F,640,960,valid,activated_detected,,1,results/step06/raw/full/xsim/run_0002_offset_0064_count_0064.log
F0112,1,SA0,14,0,xsim,1,2,1,2,14,M2,FF,FE,640,960,valid,activated_detected,,1,results/step06/raw/full/xsim/run_0002_offset_0064_count_0064.log
F0113,1,SA0,14,1,xsim,1,2,1,2,14,M2,FF,FD,640,960,valid,activated_detected,,1,results/step06/raw/full/xsim/run_0002_offset_0064_count_0064.log
F0114,1,SA0,14,2,xsim,1,2,1,2,14,M2,FF,FB,640,960,valid,activated_detected,,1,results/step06/raw/full/xsim/run_0002_offset_0064_count_0064.log
F0115,1,SA0,14,3,xsim,1,2,1,2,14,M2,FF,F7,640,960,valid,activated_detected,,1,results/step06/raw/full/xsim/run_0002_offset_0064_count_0064.log
F0116,1,SA0,14,4,xsim,1,2,1,2,14,M2,FF,EF,640,960,valid,activated_detected,,1,results/step06/raw/full/xsim/run_0002_offset_0064_count_0064.log
F0117,1,SA0,14,5,xsim,1,2,1,2,14,M2,FF,DF,640,960,valid,activated_detected,,1,results/step06/raw/full/xsim/run_0002_offset_0064_count_0064.log
F0118,1,SA0,14,6,xsim,1,2,1,2,14,M2,FF,BF,640,960,valid,activated_detected,,1,results/step06/raw/full/xsim/run_0002_offset_0064_count_0064.log
F0119,1,SA0,14,7,xsim,1,2,1,2,14,M2,FF,7F,640,960,valid,activated_detected,,1,results/step06/raw/full/xsim/run_0002_offset_0064_count_0064.log
F0120,1,SA0,15,0,xsim,1,2,1,2,15,M2,FF,FE,640,960,valid,activated_detected,,1,results/step06/raw/full/xsim/run_0002_offset_0064_count_0064.log
F0121,1,SA0,15,1,xsim,1,2,1,2,15,M2,FF,FD,640,960,valid,activated_detected,,1,results/step06/raw/full/xsim/run_0002_offset_0064_count_0064.log
F0122,1,SA0,15,2,xsim,1,2,1,2,15,M2,FF,FB,640,960,valid,activated_detected,,1,results/step06/raw/full/xsim/run_0002_offset_0064_count_0064.log
F0123,1,SA0,15,3,xsim,1,2,1,2,15,M2,FF,F7,640,960,valid,activated_detected,,1,results/step06/raw/full/xsim/run_0002_offset_0064_count_0064.log
F0124,1,SA0,15,4,xsim,1,2,1,2,15,M2,FF,EF,640,960,valid,activated_detected,,1,results/step06/raw/full/xsim/run_0002_offset_0064_count_0064.log
F0125,1,SA0,15,5,xsim,1,2,1,2,15,M2,FF,DF,640,960,valid,activated_detected,,1,results/step06/raw/full/xsim/run_0002_offset_0064_count_0064.log
F0126,1,SA0,15,6,xsim,1,2,1,2,15,M2,FF,BF,640,960,valid,activated_detected,,1,results/step06/raw/full/xsim/run_0002_offset_0064_count_0064.log
F0127,1,SA0,15,7,xsim,1,2,1,2,15,M2,FF,7F,640,960,valid,activated_detected,,1,results/step06/raw/full/xsim/run_0002_offset_0064_count_0064.log
F0128,1,SA0,16,0,xsim,1,2,1,2,16,M2,FF,FE,640,960,valid,activated_detected,,1,results/step06/raw/full/xsim/run_0003_offset_0128_count_0064.log
F0129,1,SA0,16,1,xsim,1,2,1,2,16,M2,FF,FD,640,960,valid,activated_detected,,1,results/step06/raw/full/xsim/run_0003_offset_0128_count_0064.log
F0130,1,SA0,16,2,xsim,1,2,1,2,16,M2,FF,FB,640,960,valid,activated_detected,,1,results/step06/raw/full/xsim/run_0003_offset_0128_count_0064.log
F0131,1,SA0,16,3,xsim,1,2,1,2,16,M2,FF,F7,640,960,valid,activated_detected,,1,results/step06/raw/full/xsim/run_0003_offset_0128_count_0064.log
F0132,1,SA0,16,4,xsim,1,2,1,2,16,M2,FF,EF,640,960,valid,activated_detected,,1,results/step06/raw/full/xsim/run_0003_offset_0128_count_0064.log
F0133,1,SA0,16,5,xsim,1,2,1,2,16,M2,FF,DF,640,960,valid,activated_detected,,1,results/step06/raw/full/xsim/run_0003_offset_0128_count_0064.log
F0134,1,SA0,16,6,xsim,1,2,1,2,16,M2,FF,BF,640,960,valid,activated_detected,,1,results/step06/raw/full/xsim/run_0003_offset_0128_count_0064.log
F0135,1,SA0,16,7,xsim,1,2,1,2,16,M2,FF,7F,640,960,valid,activated_detected,,1,results/step06/raw/full/xsim/run_0003_offset_0128_count_0064.log
F0136,1,SA0,17,0,xsim,1,2,1,2,17,M2,FF,FE,640,960,valid,activated_detected,,1,results/step06/raw/full/xsim/run_0003_offset_0128_count_0064.log
F0137,1,SA0,17,1,xsim,1,2,1,2,17,M2,FF,FD,640,960,valid,activated_detected,,1,results/step06/raw/full/xsim/run_0003_offset_0128_count_0064.log
F0138,1,SA0,17,2,xsim,1,2,1,2,17,M2,FF,FB,640,960,valid,activated_detected,,1,results/step06/raw/full/xsim/run_0003_offset_0128_count_0064.log
F0139,1,SA0,17,3,xsim,1,2,1,2,17,M2,FF,F7,640,960,valid,activated_detected,,1,results/step06/raw/full/xsim/run_0003_offset_0128_count_0064.log
F0140,1,SA0,17,4,xsim,1,2,1,2,17,M2,FF,EF,640,960,valid,activated_detected,,1,results/step06/raw/full/xsim/run_0003_offset_0128_count_0064.log
F0141,1,SA0,17,5,xsim,1,2,1,2,17,M2,FF,DF,640,960,valid,activated_detected,,1,results/step06/raw/full/xsim/run_0003_offset_0128_count_0064.log
F0142,1,SA0,17,6,xsim,1,2,1,2,17,M2,FF,BF,640,960,valid,activated_detected,,1,results/step06/raw/full/xsim/run_0003_offset_0128_count_0064.log
F0143,1,SA0,17,7,xsim,1,2,1,2,17,M2,FF,7F,640,960,valid,activated_detected,,1,results/step06/raw/full/xsim/run_0003_offset_0128_count_0064.log
F0144,1,SA0,18,0,xsim,1,2,1,2,18,M2,FF,FE,640,960,valid,activated_detected,,1,results/step06/raw/full/xsim/run_0003_offset_0128_count_0064.log
F0145,1,SA0,18,1,xsim,1,2,1,2,18,M2,FF,FD,640,960,valid,activated_detected,,1,results/step06/raw/full/xsim/run_0003_offset_0128_count_0064.log
F0146,1,SA0,18,2,xsim,1,2,1,2,18,M2,FF,FB,640,960,valid,activated_detected,,1,results/step06/raw/full/xsim/run_0003_offset_0128_count_0064.log
F0147,1,SA0,18,3,xsim,1,2,1,2,18,M2,FF,F7,640,960,valid,activated_detected,,1,results/step06/raw/full/xsim/run_0003_offset_0128_count_0064.log
F0148,1,SA0,18,4,xsim,1,2,1,2,18,M2,FF,EF,640,960,valid,activated_detected,,1,results/step06/raw/full/xsim/run_0003_offset_0128_count_0064.log
F0149,1,SA0,18,5,xsim,1,2,1,2,18,M2,FF,DF,640,960,valid,activated_detected,,1,results/step06/raw/full/xsim/run_0003_offset_0128_count_0064.log
F0150,1,SA0,18,6,xsim,1,2,1,2,18,M2,FF,BF,640,960,valid,activated_detected,,1,results/step06/raw/full/xsim/run_0003_offset_0128_count_0064.log
F0151,1,SA0,18,7,xsim,1,2,1,2,18,M2,FF,7F,640,960,valid,activated_detected,,1,results/step06/raw/full/xsim/run_0003_offset_0128_count_0064.log
F0152,1,SA0,19,0,xsim,1,2,1,2,19,M2,FF,FE,640,960,valid,activated_detected,,1,results/step06/raw/full/xsim/run_0003_offset_0128_count_0064.log
F0153,1,SA0,19,1,xsim,1,2,1,2,19,M2,FF,FD,640,960,valid,activated_detected,,1,results/step06/raw/full/xsim/run_0003_offset_0128_count_0064.log
F0154,1,SA0,19,2,xsim,1,2,1,2,19,M2,FF,FB,640,960,valid,activated_detected,,1,results/step06/raw/full/xsim/run_0003_offset_0128_count_0064.log
F0155,1,SA0,19,3,xsim,1,2,1,2,19,M2,FF,F7,640,960,valid,activated_detected,,1,results/step06/raw/full/xsim/run_0003_offset_0128_count_0064.log
F0156,1,SA0,19,4,xsim,1,2,1,2,19,M2,FF,EF,640,960,valid,activated_detected,,1,results/step06/raw/full/xsim/run_0003_offset_0128_count_0064.log
F0157,1,SA0,19,5,xsim,1,2,1,2,19,M2,FF,DF,640,960,valid,activated_detected,,1,results/step06/raw/full/xsim/run_0003_offset_0128_count_0064.log
F0158,1,SA0,19,6,xsim,1,2,1,2,19,M2,FF,BF,640,960,valid,activated_detected,,1,results/step06/raw/full/xsim/run_0003_offset_0128_count_0064.log
F0159,1,SA0,19,7,xsim,1,2,1,2,19,M2,FF,7F,640,960,valid,activated_detected,,1,results/step06/raw/full/xsim/run_0003_offset_0128_count_0064.log
F0160,1,SA0,20,0,xsim,1,2,1,2,20,M2,FF,FE,640,960,valid,activated_detected,,1,results/step06/raw/full/xsim/run_0003_offset_0128_count_0064.log
F0161,1,SA0,20,1,xsim,1,2,1,2,20,M2,FF,FD,640,960,valid,activated_detected,,1,results/step06/raw/full/xsim/run_0003_offset_0128_count_0064.log
F0162,1,SA0,20,2,xsim,1,2,1,2,20,M2,FF,FB,640,960,valid,activated_detected,,1,results/step06/raw/full/xsim/run_0003_offset_0128_count_0064.log
F0163,1,SA0,20,3,xsim,1,2,1,2,20,M2,FF,F7,640,960,valid,activated_detected,,1,results/step06/raw/full/xsim/run_0003_offset_0128_count_0064.log
F0164,1,SA0,20,4,xsim,1,2,1,2,20,M2,FF,EF,640,960,valid,activated_detected,,1,results/step06/raw/full/xsim/run_0003_offset_0128_count_0064.log
F0165,1,SA0,20,5,xsim,1,2,1,2,20,M2,FF,DF,640,960,valid,activated_detected,,1,results/step06/raw/full/xsim/run_0003_offset_0128_count_0064.log
F0166,1,SA0,20,6,xsim,1,2,1,2,20,M2,FF,BF,640,960,valid,activated_detected,,1,results/step06/raw/full/xsim/run_0003_offset_0128_count_0064.log
F0167,1,SA0,20,7,xsim,1,2,1,2,20,M2,FF,7F,640,960,valid,activated_detected,,1,results/step06/raw/full/xsim/run_0003_offset_0128_count_0064.log
F0168,1,SA0,21,0,xsim,1,2,1,2,21,M2,FF,FE,640,960,valid,activated_detected,,1,results/step06/raw/full/xsim/run_0003_offset_0128_count_0064.log
F0169,1,SA0,21,1,xsim,1,2,1,2,21,M2,FF,FD,640,960,valid,activated_detected,,1,results/step06/raw/full/xsim/run_0003_offset_0128_count_0064.log
F0170,1,SA0,21,2,xsim,1,2,1,2,21,M2,FF,FB,640,960,valid,activated_detected,,1,results/step06/raw/full/xsim/run_0003_offset_0128_count_0064.log
F0171,1,SA0,21,3,xsim,1,2,1,2,21,M2,FF,F7,640,960,valid,activated_detected,,1,results/step06/raw/full/xsim/run_0003_offset_0128_count_0064.log
F0172,1,SA0,21,4,xsim,1,2,1,2,21,M2,FF,EF,640,960,valid,activated_detected,,1,results/step06/raw/full/xsim/run_0003_offset_0128_count_0064.log
F0173,1,SA0,21,5,xsim,1,2,1,2,21,M2,FF,DF,640,960,valid,activated_detected,,1,results/step06/raw/full/xsim/run_0003_offset_0128_count_0064.log
F0174,1,SA0,21,6,xsim,1,2,1,2,21,M2,FF,BF,640,960,valid,activated_detected,,1,results/step06/raw/full/xsim/run_0003_offset_0128_count_0064.log
F0175,1,SA0,21,7,xsim,1,2,1,2,21,M2,FF,7F,640,960,valid,activated_detected,,1,results/step06/raw/full/xsim/run_0003_offset_0128_count_0064.log
F0176,1,SA0,22,0,xsim,1,2,1,2,22,M2,FF,FE,640,960,valid,activated_detected,,1,results/step06/raw/full/xsim/run_0003_offset_0128_count_0064.log
F0177,1,SA0,22,1,xsim,1,2,1,2,22,M2,FF,FD,640,960,valid,activated_detected,,1,results/step06/raw/full/xsim/run_0003_offset_0128_count_0064.log
F0178,1,SA0,22,2,xsim,1,2,1,2,22,M2,FF,FB,640,960,valid,activated_detected,,1,results/step06/raw/full/xsim/run_0003_offset_0128_count_0064.log
F0179,1,SA0,22,3,xsim,1,2,1,2,22,M2,FF,F7,640,960,valid,activated_detected,,1,results/step06/raw/full/xsim/run_0003_offset_0128_count_0064.log
F0180,1,SA0,22,4,xsim,1,2,1,2,22,M2,FF,EF,640,960,valid,activated_detected,,1,results/step06/raw/full/xsim/run_0003_offset_0128_count_0064.log
F0181,1,SA0,22,5,xsim,1,2,1,2,22,M2,FF,DF,640,960,valid,activated_detected,,1,results/step06/raw/full/xsim/run_0003_offset_0128_count_0064.log
F0182,1,SA0,22,6,xsim,1,2,1,2,22,M2,FF,BF,640,960,valid,activated_detected,,1,results/step06/raw/full/xsim/run_0003_offset_0128_count_0064.log
F0183,1,SA0,22,7,xsim,1,2,1,2,22,M2,FF,7F,640,960,valid,activated_detected,,1,results/step06/raw/full/xsim/run_0003_offset_0128_count_0064.log
F0184,1,SA0,23,0,xsim,1,2,1,2,23,M2,FF,FE,640,960,valid,activated_detected,,1,results/step06/raw/full/xsim/run_0003_offset_0128_count_0064.log
F0185,1,SA0,23,1,xsim,1,2,1,2,23,M2,FF,FD,640,960,valid,activated_detected,,1,results/step06/raw/full/xsim/run_0003_offset_0128_count_0064.log
F0186,1,SA0,23,2,xsim,1,2,1,2,23,M2,FF,FB,640,960,valid,activated_detected,,1,results/step06/raw/full/xsim/run_0003_offset_0128_count_0064.log
F0187,1,SA0,23,3,xsim,1,2,1,2,23,M2,FF,F7,640,960,valid,activated_detected,,1,results/step06/raw/full/xsim/run_0003_offset_0128_count_0064.log
F0188,1,SA0,23,4,xsim,1,2,1,2,23,M2,FF,EF,640,960,valid,activated_detected,,1,results/step06/raw/full/xsim/run_0003_offset_0128_count_0064.log
F0189,1,SA0,23,5,xsim,1,2,1,2,23,M2,FF,DF,640,960,valid,activated_detected,,1,results/step06/raw/full/xsim/run_0003_offset_0128_count_0064.log
F0190,1,SA0,23,6,xsim,1,2,1,2,23,M2,FF,BF,640,960,valid,activated_detected,,1,results/step06/raw/full/xsim/run_0003_offset_0128_count_0064.log
F0191,1,SA0,23,7,xsim,1,2,1,2,23,M2,FF,7F,640,960,valid,activated_detected,,1,results/step06/raw/full/xsim/run_0003_offset_0128_count_0064.log
F0192,1,SA0,24,0,xsim,1,2,1,2,24,M2,FF,FE,640,960,valid,activated_detected,,1,results/step06/raw/full/xsim/run_0004_offset_0192_count_0064.log
F0193,1,SA0,24,1,xsim,1,2,1,2,24,M2,FF,FD,640,960,valid,activated_detected,,1,results/step06/raw/full/xsim/run_0004_offset_0192_count_0064.log
F0194,1,SA0,24,2,xsim,1,2,1,2,24,M2,FF,FB,640,960,valid,activated_detected,,1,results/step06/raw/full/xsim/run_0004_offset_0192_count_0064.log
F0195,1,SA0,24,3,xsim,1,2,1,2,24,M2,FF,F7,640,960,valid,activated_detected,,1,results/step06/raw/full/xsim/run_0004_offset_0192_count_0064.log
F0196,1,SA0,24,4,xsim,1,2,1,2,24,M2,FF,EF,640,960,valid,activated_detected,,1,results/step06/raw/full/xsim/run_0004_offset_0192_count_0064.log
F0197,1,SA0,24,5,xsim,1,2,1,2,24,M2,FF,DF,640,960,valid,activated_detected,,1,results/step06/raw/full/xsim/run_0004_offset_0192_count_0064.log
F0198,1,SA0,24,6,xsim,1,2,1,2,24,M2,FF,BF,640,960,valid,activated_detected,,1,results/step06/raw/full/xsim/run_0004_offset_0192_count_0064.log
F0199,1,SA0,24,7,xsim,1,2,1,2,24,M2,FF,7F,640,960,valid,activated_detected,,1,results/step06/raw/full/xsim/run_0004_offset_0192_count_0064.log
F0200,1,SA0,25,0,xsim,1,2,1,2,25,M2,FF,FE,640,960,valid,activated_detected,,1,results/step06/raw/full/xsim/run_0004_offset_0192_count_0064.log
F0201,1,SA0,25,1,xsim,1,2,1,2,25,M2,FF,FD,640,960,valid,activated_detected,,1,results/step06/raw/full/xsim/run_0004_offset_0192_count_0064.log
F0202,1,SA0,25,2,xsim,1,2,1,2,25,M2,FF,FB,640,960,valid,activated_detected,,1,results/step06/raw/full/xsim/run_0004_offset_0192_count_0064.log
F0203,1,SA0,25,3,xsim,1,2,1,2,25,M2,FF,F7,640,960,valid,activated_detected,,1,results/step06/raw/full/xsim/run_0004_offset_0192_count_0064.log
F0204,1,SA0,25,4,xsim,1,2,1,2,25,M2,FF,EF,640,960,valid,activated_detected,,1,results/step06/raw/full/xsim/run_0004_offset_0192_count_0064.log
F0205,1,SA0,25,5,xsim,1,2,1,2,25,M2,FF,DF,640,960,valid,activated_detected,,1,results/step06/raw/full/xsim/run_0004_offset_0192_count_0064.log
F0206,1,SA0,25,6,xsim,1,2,1,2,25,M2,FF,BF,640,960,valid,activated_detected,,1,results/step06/raw/full/xsim/run_0004_offset_0192_count_0064.log
F0207,1,SA0,25,7,xsim,1,2,1,2,25,M2,FF,7F,640,960,valid,activated_detected,,1,results/step06/raw/full/xsim/run_0004_offset_0192_count_0064.log
F0208,1,SA0,26,0,xsim,1,2,1,2,26,M2,FF,FE,640,960,valid,activated_detected,,1,results/step06/raw/full/xsim/run_0004_offset_0192_count_0064.log
F0209,1,SA0,26,1,xsim,1,2,1,2,26,M2,FF,FD,640,960,valid,activated_detected,,1,results/step06/raw/full/xsim/run_0004_offset_0192_count_0064.log
F0210,1,SA0,26,2,xsim,1,2,1,2,26,M2,FF,FB,640,960,valid,activated_detected,,1,results/step06/raw/full/xsim/run_0004_offset_0192_count_0064.log
F0211,1,SA0,26,3,xsim,1,2,1,2,26,M2,FF,F7,640,960,valid,activated_detected,,1,results/step06/raw/full/xsim/run_0004_offset_0192_count_0064.log
F0212,1,SA0,26,4,xsim,1,2,1,2,26,M2,FF,EF,640,960,valid,activated_detected,,1,results/step06/raw/full/xsim/run_0004_offset_0192_count_0064.log
F0213,1,SA0,26,5,xsim,1,2,1,2,26,M2,FF,DF,640,960,valid,activated_detected,,1,results/step06/raw/full/xsim/run_0004_offset_0192_count_0064.log
F0214,1,SA0,26,6,xsim,1,2,1,2,26,M2,FF,BF,640,960,valid,activated_detected,,1,results/step06/raw/full/xsim/run_0004_offset_0192_count_0064.log
F0215,1,SA0,26,7,xsim,1,2,1,2,26,M2,FF,7F,640,960,valid,activated_detected,,1,results/step06/raw/full/xsim/run_0004_offset_0192_count_0064.log
F0216,1,SA0,27,0,xsim,1,2,1,2,27,M2,FF,FE,640,960,valid,activated_detected,,1,results/step06/raw/full/xsim/run_0004_offset_0192_count_0064.log
F0217,1,SA0,27,1,xsim,1,2,1,2,27,M2,FF,FD,640,960,valid,activated_detected,,1,results/step06/raw/full/xsim/run_0004_offset_0192_count_0064.log
F0218,1,SA0,27,2,xsim,1,2,1,2,27,M2,FF,FB,640,960,valid,activated_detected,,1,results/step06/raw/full/xsim/run_0004_offset_0192_count_0064.log
F0219,1,SA0,27,3,xsim,1,2,1,2,27,M2,FF,F7,640,960,valid,activated_detected,,1,results/step06/raw/full/xsim/run_0004_offset_0192_count_0064.log
F0220,1,SA0,27,4,xsim,1,2,1,2,27,M2,FF,EF,640,960,valid,activated_detected,,1,results/step06/raw/full/xsim/run_0004_offset_0192_count_0064.log
F0221,1,SA0,27,5,xsim,1,2,1,2,27,M2,FF,DF,640,960,valid,activated_detected,,1,results/step06/raw/full/xsim/run_0004_offset_0192_count_0064.log
F0222,1,SA0,27,6,xsim,1,2,1,2,27,M2,FF,BF,640,960,valid,activated_detected,,1,results/step06/raw/full/xsim/run_0004_offset_0192_count_0064.log
F0223,1,SA0,27,7,xsim,1,2,1,2,27,M2,FF,7F,640,960,valid,activated_detected,,1,results/step06/raw/full/xsim/run_0004_offset_0192_count_0064.log
F0224,1,SA0,28,0,xsim,1,2,1,2,28,M2,FF,FE,640,960,valid,activated_detected,,1,results/step06/raw/full/xsim/run_0004_offset_0192_count_0064.log
F0225,1,SA0,28,1,xsim,1,2,1,2,28,M2,FF,FD,640,960,valid,activated_detected,,1,results/step06/raw/full/xsim/run_0004_offset_0192_count_0064.log
F0226,1,SA0,28,2,xsim,1,2,1,2,28,M2,FF,FB,640,960,valid,activated_detected,,1,results/step06/raw/full/xsim/run_0004_offset_0192_count_0064.log
F0227,1,SA0,28,3,xsim,1,2,1,2,28,M2,FF,F7,640,960,valid,activated_detected,,1,results/step06/raw/full/xsim/run_0004_offset_0192_count_0064.log
F0228,1,SA0,28,4,xsim,1,2,1,2,28,M2,FF,EF,640,960,valid,activated_detected,,1,results/step06/raw/full/xsim/run_0004_offset_0192_count_0064.log
F0229,1,SA0,28,5,xsim,1,2,1,2,28,M2,FF,DF,640,960,valid,activated_detected,,1,results/step06/raw/full/xsim/run_0004_offset_0192_count_0064.log
F0230,1,SA0,28,6,xsim,1,2,1,2,28,M2,FF,BF,640,960,valid,activated_detected,,1,results/step06/raw/full/xsim/run_0004_offset_0192_count_0064.log
F0231,1,SA0,28,7,xsim,1,2,1,2,28,M2,FF,7F,640,960,valid,activated_detected,,1,results/step06/raw/full/xsim/run_0004_offset_0192_count_0064.log
F0232,1,SA0,29,0,xsim,1,2,1,2,29,M2,FF,FE,640,960,valid,activated_detected,,1,results/step06/raw/full/xsim/run_0004_offset_0192_count_0064.log
F0233,1,SA0,29,1,xsim,1,2,1,2,29,M2,FF,FD,640,960,valid,activated_detected,,1,results/step06/raw/full/xsim/run_0004_offset_0192_count_0064.log
F0234,1,SA0,29,2,xsim,1,2,1,2,29,M2,FF,FB,640,960,valid,activated_detected,,1,results/step06/raw/full/xsim/run_0004_offset_0192_count_0064.log
F0235,1,SA0,29,3,xsim,1,2,1,2,29,M2,FF,F7,640,960,valid,activated_detected,,1,results/step06/raw/full/xsim/run_0004_offset_0192_count_0064.log
F0236,1,SA0,29,4,xsim,1,2,1,2,29,M2,FF,EF,640,960,valid,activated_detected,,1,results/step06/raw/full/xsim/run_0004_offset_0192_count_0064.log
F0237,1,SA0,29,5,xsim,1,2,1,2,29,M2,FF,DF,640,960,valid,activated_detected,,1,results/step06/raw/full/xsim/run_0004_offset_0192_count_0064.log
F0238,1,SA0,29,6,xsim,1,2,1,2,29,M2,FF,BF,640,960,valid,activated_detected,,1,results/step06/raw/full/xsim/run_0004_offset_0192_count_0064.log
F0239,1,SA0,29,7,xsim,1,2,1,2,29,M2,FF,7F,640,960,valid,activated_detected,,1,results/step06/raw/full/xsim/run_0004_offset_0192_count_0064.log
F0240,1,SA0,30,0,xsim,1,2,1,2,30,M2,FF,FE,640,960,valid,activated_detected,,1,results/step06/raw/full/xsim/run_0004_offset_0192_count_0064.log
F0241,1,SA0,30,1,xsim,1,2,1,2,30,M2,FF,FD,640,960,valid,activated_detected,,1,results/step06/raw/full/xsim/run_0004_offset_0192_count_0064.log
F0242,1,SA0,30,2,xsim,1,2,1,2,30,M2,FF,FB,640,960,valid,activated_detected,,1,results/step06/raw/full/xsim/run_0004_offset_0192_count_0064.log
F0243,1,SA0,30,3,xsim,1,2,1,2,30,M2,FF,F7,640,960,valid,activated_detected,,1,results/step06/raw/full/xsim/run_0004_offset_0192_count_0064.log
F0244,1,SA0,30,4,xsim,1,2,1,2,30,M2,FF,EF,640,960,valid,activated_detected,,1,results/step06/raw/full/xsim/run_0004_offset_0192_count_0064.log
F0245,1,SA0,30,5,xsim,1,2,1,2,30,M2,FF,DF,640,960,valid,activated_detected,,1,results/step06/raw/full/xsim/run_0004_offset_0192_count_0064.log
F0246,1,SA0,30,6,xsim,1,2,1,2,30,M2,FF,BF,640,960,valid,activated_detected,,1,results/step06/raw/full/xsim/run_0004_offset_0192_count_0064.log
F0247,1,SA0,30,7,xsim,1,2,1,2,30,M2,FF,7F,640,960,valid,activated_detected,,1,results/step06/raw/full/xsim/run_0004_offset_0192_count_0064.log
F0248,1,SA0,31,0,xsim,1,2,1,2,31,M2,FF,FE,640,960,valid,activated_detected,,1,results/step06/raw/full/xsim/run_0004_offset_0192_count_0064.log
F0249,1,SA0,31,1,xsim,1,2,1,2,31,M2,FF,FD,640,960,valid,activated_detected,,1,results/step06/raw/full/xsim/run_0004_offset_0192_count_0064.log
F0250,1,SA0,31,2,xsim,1,2,1,2,31,M2,FF,FB,640,960,valid,activated_detected,,1,results/step06/raw/full/xsim/run_0004_offset_0192_count_0064.log
F0251,1,SA0,31,3,xsim,1,2,1,2,31,M2,FF,F7,640,960,valid,activated_detected,,1,results/step06/raw/full/xsim/run_0004_offset_0192_count_0064.log
F0252,1,SA0,31,4,xsim,1,2,1,2,31,M2,FF,EF,640,960,valid,activated_detected,,1,results/step06/raw/full/xsim/run_0004_offset_0192_count_0064.log
F0253,1,SA0,31,5,xsim,1,2,1,2,31,M2,FF,DF,640,960,valid,activated_detected,,1,results/step06/raw/full/xsim/run_0004_offset_0192_count_0064.log
F0254,1,SA0,31,6,xsim,1,2,1,2,31,M2,FF,BF,640,960,valid,activated_detected,,1,results/step06/raw/full/xsim/run_0004_offset_0192_count_0064.log
F0255,1,SA0,31,7,xsim,1,2,1,2,31,M2,FF,7F,640,960,valid,activated_detected,,1,results/step06/raw/full/xsim/run_0004_offset_0192_count_0064.log
F0256,1,SA0,32,0,xsim,1,2,1,2,32,M2,FF,FE,640,960,valid,activated_detected,,1,results/step06/raw/full/xsim/run_0005_offset_0256_count_0064.log
F0257,1,SA0,32,1,xsim,1,2,1,2,32,M2,FF,FD,640,960,valid,activated_detected,,1,results/step06/raw/full/xsim/run_0005_offset_0256_count_0064.log
F0258,1,SA0,32,2,xsim,1,2,1,2,32,M2,FF,FB,640,960,valid,activated_detected,,1,results/step06/raw/full/xsim/run_0005_offset_0256_count_0064.log
F0259,1,SA0,32,3,xsim,1,2,1,2,32,M2,FF,F7,640,960,valid,activated_detected,,1,results/step06/raw/full/xsim/run_0005_offset_0256_count_0064.log
F0260,1,SA0,32,4,xsim,1,2,1,2,32,M2,FF,EF,640,960,valid,activated_detected,,1,results/step06/raw/full/xsim/run_0005_offset_0256_count_0064.log
F0261,1,SA0,32,5,xsim,1,2,1,2,32,M2,FF,DF,640,960,valid,activated_detected,,1,results/step06/raw/full/xsim/run_0005_offset_0256_count_0064.log
F0262,1,SA0,32,6,xsim,1,2,1,2,32,M2,FF,BF,640,960,valid,activated_detected,,1,results/step06/raw/full/xsim/run_0005_offset_0256_count_0064.log
F0263,1,SA0,32,7,xsim,1,2,1,2,32,M2,FF,7F,640,960,valid,activated_detected,,1,results/step06/raw/full/xsim/run_0005_offset_0256_count_0064.log
F0264,1,SA0,33,0,xsim,1,2,1,2,33,M2,FF,FE,640,960,valid,activated_detected,,1,results/step06/raw/full/xsim/run_0005_offset_0256_count_0064.log
F0265,1,SA0,33,1,xsim,1,2,1,2,33,M2,FF,FD,640,960,valid,activated_detected,,1,results/step06/raw/full/xsim/run_0005_offset_0256_count_0064.log
F0266,1,SA0,33,2,xsim,1,2,1,2,33,M2,FF,FB,640,960,valid,activated_detected,,1,results/step06/raw/full/xsim/run_0005_offset_0256_count_0064.log
F0267,1,SA0,33,3,xsim,1,2,1,2,33,M2,FF,F7,640,960,valid,activated_detected,,1,results/step06/raw/full/xsim/run_0005_offset_0256_count_0064.log
F0268,1,SA0,33,4,xsim,1,2,1,2,33,M2,FF,EF,640,960,valid,activated_detected,,1,results/step06/raw/full/xsim/run_0005_offset_0256_count_0064.log
F0269,1,SA0,33,5,xsim,1,2,1,2,33,M2,FF,DF,640,960,valid,activated_detected,,1,results/step06/raw/full/xsim/run_0005_offset_0256_count_0064.log
F0270,1,SA0,33,6,xsim,1,2,1,2,33,M2,FF,BF,640,960,valid,activated_detected,,1,results/step06/raw/full/xsim/run_0005_offset_0256_count_0064.log
F0271,1,SA0,33,7,xsim,1,2,1,2,33,M2,FF,7F,640,960,valid,activated_detected,,1,results/step06/raw/full/xsim/run_0005_offset_0256_count_0064.log
F0272,1,SA0,34,0,xsim,1,2,1,2,34,M2,FF,FE,640,960,valid,activated_detected,,1,results/step06/raw/full/xsim/run_0005_offset_0256_count_0064.log
F0273,1,SA0,34,1,xsim,1,2,1,2,34,M2,FF,FD,640,960,valid,activated_detected,,1,results/step06/raw/full/xsim/run_0005_offset_0256_count_0064.log
F0274,1,SA0,34,2,xsim,1,2,1,2,34,M2,FF,FB,640,960,valid,activated_detected,,1,results/step06/raw/full/xsim/run_0005_offset_0256_count_0064.log
F0275,1,SA0,34,3,xsim,1,2,1,2,34,M2,FF,F7,640,960,valid,activated_detected,,1,results/step06/raw/full/xsim/run_0005_offset_0256_count_0064.log
F0276,1,SA0,34,4,xsim,1,2,1,2,34,M2,FF,EF,640,960,valid,activated_detected,,1,results/step06/raw/full/xsim/run_0005_offset_0256_count_0064.log
F0277,1,SA0,34,5,xsim,1,2,1,2,34,M2,FF,DF,640,960,valid,activated_detected,,1,results/step06/raw/full/xsim/run_0005_offset_0256_count_0064.log
F0278,1,SA0,34,6,xsim,1,2,1,2,34,M2,FF,BF,640,960,valid,activated_detected,,1,results/step06/raw/full/xsim/run_0005_offset_0256_count_0064.log
F0279,1,SA0,34,7,xsim,1,2,1,2,34,M2,FF,7F,640,960,valid,activated_detected,,1,results/step06/raw/full/xsim/run_0005_offset_0256_count_0064.log
F0280,1,SA0,35,0,xsim,1,2,1,2,35,M2,FF,FE,640,960,valid,activated_detected,,1,results/step06/raw/full/xsim/run_0005_offset_0256_count_0064.log
F0281,1,SA0,35,1,xsim,1,2,1,2,35,M2,FF,FD,640,960,valid,activated_detected,,1,results/step06/raw/full/xsim/run_0005_offset_0256_count_0064.log
F0282,1,SA0,35,2,xsim,1,2,1,2,35,M2,FF,FB,640,960,valid,activated_detected,,1,results/step06/raw/full/xsim/run_0005_offset_0256_count_0064.log
F0283,1,SA0,35,3,xsim,1,2,1,2,35,M2,FF,F7,640,960,valid,activated_detected,,1,results/step06/raw/full/xsim/run_0005_offset_0256_count_0064.log
F0284,1,SA0,35,4,xsim,1,2,1,2,35,M2,FF,EF,640,960,valid,activated_detected,,1,results/step06/raw/full/xsim/run_0005_offset_0256_count_0064.log
F0285,1,SA0,35,5,xsim,1,2,1,2,35,M2,FF,DF,640,960,valid,activated_detected,,1,results/step06/raw/full/xsim/run_0005_offset_0256_count_0064.log
F0286,1,SA0,35,6,xsim,1,2,1,2,35,M2,FF,BF,640,960,valid,activated_detected,,1,results/step06/raw/full/xsim/run_0005_offset_0256_count_0064.log
F0287,1,SA0,35,7,xsim,1,2,1,2,35,M2,FF,7F,640,960,valid,activated_detected,,1,results/step06/raw/full/xsim/run_0005_offset_0256_count_0064.log
F0288,1,SA0,36,0,xsim,1,2,1,2,36,M2,FF,FE,640,960,valid,activated_detected,,1,results/step06/raw/full/xsim/run_0005_offset_0256_count_0064.log
F0289,1,SA0,36,1,xsim,1,2,1,2,36,M2,FF,FD,640,960,valid,activated_detected,,1,results/step06/raw/full/xsim/run_0005_offset_0256_count_0064.log
F0290,1,SA0,36,2,xsim,1,2,1,2,36,M2,FF,FB,640,960,valid,activated_detected,,1,results/step06/raw/full/xsim/run_0005_offset_0256_count_0064.log
F0291,1,SA0,36,3,xsim,1,2,1,2,36,M2,FF,F7,640,960,valid,activated_detected,,1,results/step06/raw/full/xsim/run_0005_offset_0256_count_0064.log
F0292,1,SA0,36,4,xsim,1,2,1,2,36,M2,FF,EF,640,960,valid,activated_detected,,1,results/step06/raw/full/xsim/run_0005_offset_0256_count_0064.log
F0293,1,SA0,36,5,xsim,1,2,1,2,36,M2,FF,DF,640,960,valid,activated_detected,,1,results/step06/raw/full/xsim/run_0005_offset_0256_count_0064.log
F0294,1,SA0,36,6,xsim,1,2,1,2,36,M2,FF,BF,640,960,valid,activated_detected,,1,results/step06/raw/full/xsim/run_0005_offset_0256_count_0064.log
F0295,1,SA0,36,7,xsim,1,2,1,2,36,M2,FF,7F,640,960,valid,activated_detected,,1,results/step06/raw/full/xsim/run_0005_offset_0256_count_0064.log
F0296,1,SA0,37,0,xsim,1,2,1,2,37,M2,FF,FE,640,960,valid,activated_detected,,1,results/step06/raw/full/xsim/run_0005_offset_0256_count_0064.log
F0297,1,SA0,37,1,xsim,1,2,1,2,37,M2,FF,FD,640,960,valid,activated_detected,,1,results/step06/raw/full/xsim/run_0005_offset_0256_count_0064.log
F0298,1,SA0,37,2,xsim,1,2,1,2,37,M2,FF,FB,640,960,valid,activated_detected,,1,results/step06/raw/full/xsim/run_0005_offset_0256_count_0064.log
F0299,1,SA0,37,3,xsim,1,2,1,2,37,M2,FF,F7,640,960,valid,activated_detected,,1,results/step06/raw/full/xsim/run_0005_offset_0256_count_0064.log
F0300,1,SA0,37,4,xsim,1,2,1,2,37,M2,FF,EF,640,960,valid,activated_detected,,1,results/step06/raw/full/xsim/run_0005_offset_0256_count_0064.log
F0301,1,SA0,37,5,xsim,1,2,1,2,37,M2,FF,DF,640,960,valid,activated_detected,,1,results/step06/raw/full/xsim/run_0005_offset_0256_count_0064.log
F0302,1,SA0,37,6,xsim,1,2,1,2,37,M2,FF,BF,640,960,valid,activated_detected,,1,results/step06/raw/full/xsim/run_0005_offset_0256_count_0064.log
F0303,1,SA0,37,7,xsim,1,2,1,2,37,M2,FF,7F,640,960,valid,activated_detected,,1,results/step06/raw/full/xsim/run_0005_offset_0256_count_0064.log
F0304,1,SA0,38,0,xsim,1,2,1,2,38,M2,FF,FE,640,960,valid,activated_detected,,1,results/step06/raw/full/xsim/run_0005_offset_0256_count_0064.log
F0305,1,SA0,38,1,xsim,1,2,1,2,38,M2,FF,FD,640,960,valid,activated_detected,,1,results/step06/raw/full/xsim/run_0005_offset_0256_count_0064.log
F0306,1,SA0,38,2,xsim,1,2,1,2,38,M2,FF,FB,640,960,valid,activated_detected,,1,results/step06/raw/full/xsim/run_0005_offset_0256_count_0064.log
F0307,1,SA0,38,3,xsim,1,2,1,2,38,M2,FF,F7,640,960,valid,activated_detected,,1,results/step06/raw/full/xsim/run_0005_offset_0256_count_0064.log
F0308,1,SA0,38,4,xsim,1,2,1,2,38,M2,FF,EF,640,960,valid,activated_detected,,1,results/step06/raw/full/xsim/run_0005_offset_0256_count_0064.log
F0309,1,SA0,38,5,xsim,1,2,1,2,38,M2,FF,DF,640,960,valid,activated_detected,,1,results/step06/raw/full/xsim/run_0005_offset_0256_count_0064.log
F0310,1,SA0,38,6,xsim,1,2,1,2,38,M2,FF,BF,640,960,valid,activated_detected,,1,results/step06/raw/full/xsim/run_0005_offset_0256_count_0064.log
F0311,1,SA0,38,7,xsim,1,2,1,2,38,M2,FF,7F,640,960,valid,activated_detected,,1,results/step06/raw/full/xsim/run_0005_offset_0256_count_0064.log
F0312,1,SA0,39,0,xsim,1,2,1,2,39,M2,FF,FE,640,960,valid,activated_detected,,1,results/step06/raw/full/xsim/run_0005_offset_0256_count_0064.log
F0313,1,SA0,39,1,xsim,1,2,1,2,39,M2,FF,FD,640,960,valid,activated_detected,,1,results/step06/raw/full/xsim/run_0005_offset_0256_count_0064.log
F0314,1,SA0,39,2,xsim,1,2,1,2,39,M2,FF,FB,640,960,valid,activated_detected,,1,results/step06/raw/full/xsim/run_0005_offset_0256_count_0064.log
F0315,1,SA0,39,3,xsim,1,2,1,2,39,M2,FF,F7,640,960,valid,activated_detected,,1,results/step06/raw/full/xsim/run_0005_offset_0256_count_0064.log
F0316,1,SA0,39,4,xsim,1,2,1,2,39,M2,FF,EF,640,960,valid,activated_detected,,1,results/step06/raw/full/xsim/run_0005_offset_0256_count_0064.log
F0317,1,SA0,39,5,xsim,1,2,1,2,39,M2,FF,DF,640,960,valid,activated_detected,,1,results/step06/raw/full/xsim/run_0005_offset_0256_count_0064.log
F0318,1,SA0,39,6,xsim,1,2,1,2,39,M2,FF,BF,640,960,valid,activated_detected,,1,results/step06/raw/full/xsim/run_0005_offset_0256_count_0064.log
F0319,1,SA0,39,7,xsim,1,2,1,2,39,M2,FF,7F,640,960,valid,activated_detected,,1,results/step06/raw/full/xsim/run_0005_offset_0256_count_0064.log
F0320,1,SA0,40,0,xsim,1,2,1,2,40,M2,FF,FE,640,960,valid,activated_detected,,1,results/step06/raw/full/xsim/run_0006_offset_0320_count_0064.log
F0321,1,SA0,40,1,xsim,1,2,1,2,40,M2,FF,FD,640,960,valid,activated_detected,,1,results/step06/raw/full/xsim/run_0006_offset_0320_count_0064.log
F0322,1,SA0,40,2,xsim,1,2,1,2,40,M2,FF,FB,640,960,valid,activated_detected,,1,results/step06/raw/full/xsim/run_0006_offset_0320_count_0064.log
F0323,1,SA0,40,3,xsim,1,2,1,2,40,M2,FF,F7,640,960,valid,activated_detected,,1,results/step06/raw/full/xsim/run_0006_offset_0320_count_0064.log
F0324,1,SA0,40,4,xsim,1,2,1,2,40,M2,FF,EF,640,960,valid,activated_detected,,1,results/step06/raw/full/xsim/run_0006_offset_0320_count_0064.log
F0325,1,SA0,40,5,xsim,1,2,1,2,40,M2,FF,DF,640,960,valid,activated_detected,,1,results/step06/raw/full/xsim/run_0006_offset_0320_count_0064.log
F0326,1,SA0,40,6,xsim,1,2,1,2,40,M2,FF,BF,640,960,valid,activated_detected,,1,results/step06/raw/full/xsim/run_0006_offset_0320_count_0064.log
F0327,1,SA0,40,7,xsim,1,2,1,2,40,M2,FF,7F,640,960,valid,activated_detected,,1,results/step06/raw/full/xsim/run_0006_offset_0320_count_0064.log
F0328,1,SA0,41,0,xsim,1,2,1,2,41,M2,FF,FE,640,960,valid,activated_detected,,1,results/step06/raw/full/xsim/run_0006_offset_0320_count_0064.log
F0329,1,SA0,41,1,xsim,1,2,1,2,41,M2,FF,FD,640,960,valid,activated_detected,,1,results/step06/raw/full/xsim/run_0006_offset_0320_count_0064.log
F0330,1,SA0,41,2,xsim,1,2,1,2,41,M2,FF,FB,640,960,valid,activated_detected,,1,results/step06/raw/full/xsim/run_0006_offset_0320_count_0064.log
F0331,1,SA0,41,3,xsim,1,2,1,2,41,M2,FF,F7,640,960,valid,activated_detected,,1,results/step06/raw/full/xsim/run_0006_offset_0320_count_0064.log
F0332,1,SA0,41,4,xsim,1,2,1,2,41,M2,FF,EF,640,960,valid,activated_detected,,1,results/step06/raw/full/xsim/run_0006_offset_0320_count_0064.log
F0333,1,SA0,41,5,xsim,1,2,1,2,41,M2,FF,DF,640,960,valid,activated_detected,,1,results/step06/raw/full/xsim/run_0006_offset_0320_count_0064.log
F0334,1,SA0,41,6,xsim,1,2,1,2,41,M2,FF,BF,640,960,valid,activated_detected,,1,results/step06/raw/full/xsim/run_0006_offset_0320_count_0064.log
F0335,1,SA0,41,7,xsim,1,2,1,2,41,M2,FF,7F,640,960,valid,activated_detected,,1,results/step06/raw/full/xsim/run_0006_offset_0320_count_0064.log
F0336,1,SA0,42,0,xsim,1,2,1,2,42,M2,FF,FE,640,960,valid,activated_detected,,1,results/step06/raw/full/xsim/run_0006_offset_0320_count_0064.log
F0337,1,SA0,42,1,xsim,1,2,1,2,42,M2,FF,FD,640,960,valid,activated_detected,,1,results/step06/raw/full/xsim/run_0006_offset_0320_count_0064.log
F0338,1,SA0,42,2,xsim,1,2,1,2,42,M2,FF,FB,640,960,valid,activated_detected,,1,results/step06/raw/full/xsim/run_0006_offset_0320_count_0064.log
F0339,1,SA0,42,3,xsim,1,2,1,2,42,M2,FF,F7,640,960,valid,activated_detected,,1,results/step06/raw/full/xsim/run_0006_offset_0320_count_0064.log
F0340,1,SA0,42,4,xsim,1,2,1,2,42,M2,FF,EF,640,960,valid,activated_detected,,1,results/step06/raw/full/xsim/run_0006_offset_0320_count_0064.log
F0341,1,SA0,42,5,xsim,1,2,1,2,42,M2,FF,DF,640,960,valid,activated_detected,,1,results/step06/raw/full/xsim/run_0006_offset_0320_count_0064.log
F0342,1,SA0,42,6,xsim,1,2,1,2,42,M2,FF,BF,640,960,valid,activated_detected,,1,results/step06/raw/full/xsim/run_0006_offset_0320_count_0064.log
F0343,1,SA0,42,7,xsim,1,2,1,2,42,M2,FF,7F,640,960,valid,activated_detected,,1,results/step06/raw/full/xsim/run_0006_offset_0320_count_0064.log
F0344,1,SA0,43,0,xsim,1,2,1,2,43,M2,FF,FE,640,960,valid,activated_detected,,1,results/step06/raw/full/xsim/run_0006_offset_0320_count_0064.log
F0345,1,SA0,43,1,xsim,1,2,1,2,43,M2,FF,FD,640,960,valid,activated_detected,,1,results/step06/raw/full/xsim/run_0006_offset_0320_count_0064.log
F0346,1,SA0,43,2,xsim,1,2,1,2,43,M2,FF,FB,640,960,valid,activated_detected,,1,results/step06/raw/full/xsim/run_0006_offset_0320_count_0064.log
F0347,1,SA0,43,3,xsim,1,2,1,2,43,M2,FF,F7,640,960,valid,activated_detected,,1,results/step06/raw/full/xsim/run_0006_offset_0320_count_0064.log
F0348,1,SA0,43,4,xsim,1,2,1,2,43,M2,FF,EF,640,960,valid,activated_detected,,1,results/step06/raw/full/xsim/run_0006_offset_0320_count_0064.log
F0349,1,SA0,43,5,xsim,1,2,1,2,43,M2,FF,DF,640,960,valid,activated_detected,,1,results/step06/raw/full/xsim/run_0006_offset_0320_count_0064.log
F0350,1,SA0,43,6,xsim,1,2,1,2,43,M2,FF,BF,640,960,valid,activated_detected,,1,results/step06/raw/full/xsim/run_0006_offset_0320_count_0064.log
F0351,1,SA0,43,7,xsim,1,2,1,2,43,M2,FF,7F,640,960,valid,activated_detected,,1,results/step06/raw/full/xsim/run_0006_offset_0320_count_0064.log
F0352,1,SA0,44,0,xsim,1,2,1,2,44,M2,FF,FE,640,960,valid,activated_detected,,1,results/step06/raw/full/xsim/run_0006_offset_0320_count_0064.log
F0353,1,SA0,44,1,xsim,1,2,1,2,44,M2,FF,FD,640,960,valid,activated_detected,,1,results/step06/raw/full/xsim/run_0006_offset_0320_count_0064.log
F0354,1,SA0,44,2,xsim,1,2,1,2,44,M2,FF,FB,640,960,valid,activated_detected,,1,results/step06/raw/full/xsim/run_0006_offset_0320_count_0064.log
F0355,1,SA0,44,3,xsim,1,2,1,2,44,M2,FF,F7,640,960,valid,activated_detected,,1,results/step06/raw/full/xsim/run_0006_offset_0320_count_0064.log
F0356,1,SA0,44,4,xsim,1,2,1,2,44,M2,FF,EF,640,960,valid,activated_detected,,1,results/step06/raw/full/xsim/run_0006_offset_0320_count_0064.log
F0357,1,SA0,44,5,xsim,1,2,1,2,44,M2,FF,DF,640,960,valid,activated_detected,,1,results/step06/raw/full/xsim/run_0006_offset_0320_count_0064.log
F0358,1,SA0,44,6,xsim,1,2,1,2,44,M2,FF,BF,640,960,valid,activated_detected,,1,results/step06/raw/full/xsim/run_0006_offset_0320_count_0064.log
F0359,1,SA0,44,7,xsim,1,2,1,2,44,M2,FF,7F,640,960,valid,activated_detected,,1,results/step06/raw/full/xsim/run_0006_offset_0320_count_0064.log
F0360,1,SA0,45,0,xsim,1,2,1,2,45,M2,FF,FE,640,960,valid,activated_detected,,1,results/step06/raw/full/xsim/run_0006_offset_0320_count_0064.log
F0361,1,SA0,45,1,xsim,1,2,1,2,45,M2,FF,FD,640,960,valid,activated_detected,,1,results/step06/raw/full/xsim/run_0006_offset_0320_count_0064.log
F0362,1,SA0,45,2,xsim,1,2,1,2,45,M2,FF,FB,640,960,valid,activated_detected,,1,results/step06/raw/full/xsim/run_0006_offset_0320_count_0064.log
F0363,1,SA0,45,3,xsim,1,2,1,2,45,M2,FF,F7,640,960,valid,activated_detected,,1,results/step06/raw/full/xsim/run_0006_offset_0320_count_0064.log
F0364,1,SA0,45,4,xsim,1,2,1,2,45,M2,FF,EF,640,960,valid,activated_detected,,1,results/step06/raw/full/xsim/run_0006_offset_0320_count_0064.log
F0365,1,SA0,45,5,xsim,1,2,1,2,45,M2,FF,DF,640,960,valid,activated_detected,,1,results/step06/raw/full/xsim/run_0006_offset_0320_count_0064.log
F0366,1,SA0,45,6,xsim,1,2,1,2,45,M2,FF,BF,640,960,valid,activated_detected,,1,results/step06/raw/full/xsim/run_0006_offset_0320_count_0064.log
F0367,1,SA0,45,7,xsim,1,2,1,2,45,M2,FF,7F,640,960,valid,activated_detected,,1,results/step06/raw/full/xsim/run_0006_offset_0320_count_0064.log
F0368,1,SA0,46,0,xsim,1,2,1,2,46,M2,FF,FE,640,960,valid,activated_detected,,1,results/step06/raw/full/xsim/run_0006_offset_0320_count_0064.log
F0369,1,SA0,46,1,xsim,1,2,1,2,46,M2,FF,FD,640,960,valid,activated_detected,,1,results/step06/raw/full/xsim/run_0006_offset_0320_count_0064.log
F0370,1,SA0,46,2,xsim,1,2,1,2,46,M2,FF,FB,640,960,valid,activated_detected,,1,results/step06/raw/full/xsim/run_0006_offset_0320_count_0064.log
F0371,1,SA0,46,3,xsim,1,2,1,2,46,M2,FF,F7,640,960,valid,activated_detected,,1,results/step06/raw/full/xsim/run_0006_offset_0320_count_0064.log
F0372,1,SA0,46,4,xsim,1,2,1,2,46,M2,FF,EF,640,960,valid,activated_detected,,1,results/step06/raw/full/xsim/run_0006_offset_0320_count_0064.log
F0373,1,SA0,46,5,xsim,1,2,1,2,46,M2,FF,DF,640,960,valid,activated_detected,,1,results/step06/raw/full/xsim/run_0006_offset_0320_count_0064.log
F0374,1,SA0,46,6,xsim,1,2,1,2,46,M2,FF,BF,640,960,valid,activated_detected,,1,results/step06/raw/full/xsim/run_0006_offset_0320_count_0064.log
F0375,1,SA0,46,7,xsim,1,2,1,2,46,M2,FF,7F,640,960,valid,activated_detected,,1,results/step06/raw/full/xsim/run_0006_offset_0320_count_0064.log
F0376,1,SA0,47,0,xsim,1,2,1,2,47,M2,FF,FE,640,960,valid,activated_detected,,1,results/step06/raw/full/xsim/run_0006_offset_0320_count_0064.log
F0377,1,SA0,47,1,xsim,1,2,1,2,47,M2,FF,FD,640,960,valid,activated_detected,,1,results/step06/raw/full/xsim/run_0006_offset_0320_count_0064.log
F0378,1,SA0,47,2,xsim,1,2,1,2,47,M2,FF,FB,640,960,valid,activated_detected,,1,results/step06/raw/full/xsim/run_0006_offset_0320_count_0064.log
F0379,1,SA0,47,3,xsim,1,2,1,2,47,M2,FF,F7,640,960,valid,activated_detected,,1,results/step06/raw/full/xsim/run_0006_offset_0320_count_0064.log
F0380,1,SA0,47,4,xsim,1,2,1,2,47,M2,FF,EF,640,960,valid,activated_detected,,1,results/step06/raw/full/xsim/run_0006_offset_0320_count_0064.log
F0381,1,SA0,47,5,xsim,1,2,1,2,47,M2,FF,DF,640,960,valid,activated_detected,,1,results/step06/raw/full/xsim/run_0006_offset_0320_count_0064.log
F0382,1,SA0,47,6,xsim,1,2,1,2,47,M2,FF,BF,640,960,valid,activated_detected,,1,results/step06/raw/full/xsim/run_0006_offset_0320_count_0064.log
F0383,1,SA0,47,7,xsim,1,2,1,2,47,M2,FF,7F,640,960,valid,activated_detected,,1,results/step06/raw/full/xsim/run_0006_offset_0320_count_0064.log
F0384,1,SA0,48,0,xsim,1,2,1,2,48,M2,FF,FE,640,960,valid,activated_detected,,1,results/step06/raw/full/xsim/run_0007_offset_0384_count_0064.log
F0385,1,SA0,48,1,xsim,1,2,1,2,48,M2,FF,FD,640,960,valid,activated_detected,,1,results/step06/raw/full/xsim/run_0007_offset_0384_count_0064.log
F0386,1,SA0,48,2,xsim,1,2,1,2,48,M2,FF,FB,640,960,valid,activated_detected,,1,results/step06/raw/full/xsim/run_0007_offset_0384_count_0064.log
F0387,1,SA0,48,3,xsim,1,2,1,2,48,M2,FF,F7,640,960,valid,activated_detected,,1,results/step06/raw/full/xsim/run_0007_offset_0384_count_0064.log
F0388,1,SA0,48,4,xsim,1,2,1,2,48,M2,FF,EF,640,960,valid,activated_detected,,1,results/step06/raw/full/xsim/run_0007_offset_0384_count_0064.log
F0389,1,SA0,48,5,xsim,1,2,1,2,48,M2,FF,DF,640,960,valid,activated_detected,,1,results/step06/raw/full/xsim/run_0007_offset_0384_count_0064.log
F0390,1,SA0,48,6,xsim,1,2,1,2,48,M2,FF,BF,640,960,valid,activated_detected,,1,results/step06/raw/full/xsim/run_0007_offset_0384_count_0064.log
F0391,1,SA0,48,7,xsim,1,2,1,2,48,M2,FF,7F,640,960,valid,activated_detected,,1,results/step06/raw/full/xsim/run_0007_offset_0384_count_0064.log
F0392,1,SA0,49,0,xsim,1,2,1,2,49,M2,FF,FE,640,960,valid,activated_detected,,1,results/step06/raw/full/xsim/run_0007_offset_0384_count_0064.log
F0393,1,SA0,49,1,xsim,1,2,1,2,49,M2,FF,FD,640,960,valid,activated_detected,,1,results/step06/raw/full/xsim/run_0007_offset_0384_count_0064.log
F0394,1,SA0,49,2,xsim,1,2,1,2,49,M2,FF,FB,640,960,valid,activated_detected,,1,results/step06/raw/full/xsim/run_0007_offset_0384_count_0064.log
F0395,1,SA0,49,3,xsim,1,2,1,2,49,M2,FF,F7,640,960,valid,activated_detected,,1,results/step06/raw/full/xsim/run_0007_offset_0384_count_0064.log
F0396,1,SA0,49,4,xsim,1,2,1,2,49,M2,FF,EF,640,960,valid,activated_detected,,1,results/step06/raw/full/xsim/run_0007_offset_0384_count_0064.log
F0397,1,SA0,49,5,xsim,1,2,1,2,49,M2,FF,DF,640,960,valid,activated_detected,,1,results/step06/raw/full/xsim/run_0007_offset_0384_count_0064.log
F0398,1,SA0,49,6,xsim,1,2,1,2,49,M2,FF,BF,640,960,valid,activated_detected,,1,results/step06/raw/full/xsim/run_0007_offset_0384_count_0064.log
F0399,1,SA0,49,7,xsim,1,2,1,2,49,M2,FF,7F,640,960,valid,activated_detected,,1,results/step06/raw/full/xsim/run_0007_offset_0384_count_0064.log
F0400,1,SA0,50,0,xsim,1,2,1,2,50,M2,FF,FE,640,960,valid,activated_detected,,1,results/step06/raw/full/xsim/run_0007_offset_0384_count_0064.log
F0401,1,SA0,50,1,xsim,1,2,1,2,50,M2,FF,FD,640,960,valid,activated_detected,,1,results/step06/raw/full/xsim/run_0007_offset_0384_count_0064.log
F0402,1,SA0,50,2,xsim,1,2,1,2,50,M2,FF,FB,640,960,valid,activated_detected,,1,results/step06/raw/full/xsim/run_0007_offset_0384_count_0064.log
F0403,1,SA0,50,3,xsim,1,2,1,2,50,M2,FF,F7,640,960,valid,activated_detected,,1,results/step06/raw/full/xsim/run_0007_offset_0384_count_0064.log
F0404,1,SA0,50,4,xsim,1,2,1,2,50,M2,FF,EF,640,960,valid,activated_detected,,1,results/step06/raw/full/xsim/run_0007_offset_0384_count_0064.log
F0405,1,SA0,50,5,xsim,1,2,1,2,50,M2,FF,DF,640,960,valid,activated_detected,,1,results/step06/raw/full/xsim/run_0007_offset_0384_count_0064.log
F0406,1,SA0,50,6,xsim,1,2,1,2,50,M2,FF,BF,640,960,valid,activated_detected,,1,results/step06/raw/full/xsim/run_0007_offset_0384_count_0064.log
F0407,1,SA0,50,7,xsim,1,2,1,2,50,M2,FF,7F,640,960,valid,activated_detected,,1,results/step06/raw/full/xsim/run_0007_offset_0384_count_0064.log
F0408,1,SA0,51,0,xsim,1,2,1,2,51,M2,FF,FE,640,960,valid,activated_detected,,1,results/step06/raw/full/xsim/run_0007_offset_0384_count_0064.log
F0409,1,SA0,51,1,xsim,1,2,1,2,51,M2,FF,FD,640,960,valid,activated_detected,,1,results/step06/raw/full/xsim/run_0007_offset_0384_count_0064.log
F0410,1,SA0,51,2,xsim,1,2,1,2,51,M2,FF,FB,640,960,valid,activated_detected,,1,results/step06/raw/full/xsim/run_0007_offset_0384_count_0064.log
F0411,1,SA0,51,3,xsim,1,2,1,2,51,M2,FF,F7,640,960,valid,activated_detected,,1,results/step06/raw/full/xsim/run_0007_offset_0384_count_0064.log
F0412,1,SA0,51,4,xsim,1,2,1,2,51,M2,FF,EF,640,960,valid,activated_detected,,1,results/step06/raw/full/xsim/run_0007_offset_0384_count_0064.log
F0413,1,SA0,51,5,xsim,1,2,1,2,51,M2,FF,DF,640,960,valid,activated_detected,,1,results/step06/raw/full/xsim/run_0007_offset_0384_count_0064.log
F0414,1,SA0,51,6,xsim,1,2,1,2,51,M2,FF,BF,640,960,valid,activated_detected,,1,results/step06/raw/full/xsim/run_0007_offset_0384_count_0064.log
F0415,1,SA0,51,7,xsim,1,2,1,2,51,M2,FF,7F,640,960,valid,activated_detected,,1,results/step06/raw/full/xsim/run_0007_offset_0384_count_0064.log
F0416,1,SA0,52,0,xsim,1,2,1,2,52,M2,FF,FE,640,960,valid,activated_detected,,1,results/step06/raw/full/xsim/run_0007_offset_0384_count_0064.log
F0417,1,SA0,52,1,xsim,1,2,1,2,52,M2,FF,FD,640,960,valid,activated_detected,,1,results/step06/raw/full/xsim/run_0007_offset_0384_count_0064.log
F0418,1,SA0,52,2,xsim,1,2,1,2,52,M2,FF,FB,640,960,valid,activated_detected,,1,results/step06/raw/full/xsim/run_0007_offset_0384_count_0064.log
F0419,1,SA0,52,3,xsim,1,2,1,2,52,M2,FF,F7,640,960,valid,activated_detected,,1,results/step06/raw/full/xsim/run_0007_offset_0384_count_0064.log
F0420,1,SA0,52,4,xsim,1,2,1,2,52,M2,FF,EF,640,960,valid,activated_detected,,1,results/step06/raw/full/xsim/run_0007_offset_0384_count_0064.log
F0421,1,SA0,52,5,xsim,1,2,1,2,52,M2,FF,DF,640,960,valid,activated_detected,,1,results/step06/raw/full/xsim/run_0007_offset_0384_count_0064.log
F0422,1,SA0,52,6,xsim,1,2,1,2,52,M2,FF,BF,640,960,valid,activated_detected,,1,results/step06/raw/full/xsim/run_0007_offset_0384_count_0064.log
F0423,1,SA0,52,7,xsim,1,2,1,2,52,M2,FF,7F,640,960,valid,activated_detected,,1,results/step06/raw/full/xsim/run_0007_offset_0384_count_0064.log
F0424,1,SA0,53,0,xsim,1,2,1,2,53,M2,FF,FE,640,960,valid,activated_detected,,1,results/step06/raw/full/xsim/run_0007_offset_0384_count_0064.log
F0425,1,SA0,53,1,xsim,1,2,1,2,53,M2,FF,FD,640,960,valid,activated_detected,,1,results/step06/raw/full/xsim/run_0007_offset_0384_count_0064.log
F0426,1,SA0,53,2,xsim,1,2,1,2,53,M2,FF,FB,640,960,valid,activated_detected,,1,results/step06/raw/full/xsim/run_0007_offset_0384_count_0064.log
F0427,1,SA0,53,3,xsim,1,2,1,2,53,M2,FF,F7,640,960,valid,activated_detected,,1,results/step06/raw/full/xsim/run_0007_offset_0384_count_0064.log
F0428,1,SA0,53,4,xsim,1,2,1,2,53,M2,FF,EF,640,960,valid,activated_detected,,1,results/step06/raw/full/xsim/run_0007_offset_0384_count_0064.log
F0429,1,SA0,53,5,xsim,1,2,1,2,53,M2,FF,DF,640,960,valid,activated_detected,,1,results/step06/raw/full/xsim/run_0007_offset_0384_count_0064.log
F0430,1,SA0,53,6,xsim,1,2,1,2,53,M2,FF,BF,640,960,valid,activated_detected,,1,results/step06/raw/full/xsim/run_0007_offset_0384_count_0064.log
F0431,1,SA0,53,7,xsim,1,2,1,2,53,M2,FF,7F,640,960,valid,activated_detected,,1,results/step06/raw/full/xsim/run_0007_offset_0384_count_0064.log
F0432,1,SA0,54,0,xsim,1,2,1,2,54,M2,FF,FE,640,960,valid,activated_detected,,1,results/step06/raw/full/xsim/run_0007_offset_0384_count_0064.log
F0433,1,SA0,54,1,xsim,1,2,1,2,54,M2,FF,FD,640,960,valid,activated_detected,,1,results/step06/raw/full/xsim/run_0007_offset_0384_count_0064.log
F0434,1,SA0,54,2,xsim,1,2,1,2,54,M2,FF,FB,640,960,valid,activated_detected,,1,results/step06/raw/full/xsim/run_0007_offset_0384_count_0064.log
F0435,1,SA0,54,3,xsim,1,2,1,2,54,M2,FF,F7,640,960,valid,activated_detected,,1,results/step06/raw/full/xsim/run_0007_offset_0384_count_0064.log
F0436,1,SA0,54,4,xsim,1,2,1,2,54,M2,FF,EF,640,960,valid,activated_detected,,1,results/step06/raw/full/xsim/run_0007_offset_0384_count_0064.log
F0437,1,SA0,54,5,xsim,1,2,1,2,54,M2,FF,DF,640,960,valid,activated_detected,,1,results/step06/raw/full/xsim/run_0007_offset_0384_count_0064.log
F0438,1,SA0,54,6,xsim,1,2,1,2,54,M2,FF,BF,640,960,valid,activated_detected,,1,results/step06/raw/full/xsim/run_0007_offset_0384_count_0064.log
F0439,1,SA0,54,7,xsim,1,2,1,2,54,M2,FF,7F,640,960,valid,activated_detected,,1,results/step06/raw/full/xsim/run_0007_offset_0384_count_0064.log
F0440,1,SA0,55,0,xsim,1,2,1,2,55,M2,FF,FE,640,960,valid,activated_detected,,1,results/step06/raw/full/xsim/run_0007_offset_0384_count_0064.log
F0441,1,SA0,55,1,xsim,1,2,1,2,55,M2,FF,FD,640,960,valid,activated_detected,,1,results/step06/raw/full/xsim/run_0007_offset_0384_count_0064.log
F0442,1,SA0,55,2,xsim,1,2,1,2,55,M2,FF,FB,640,960,valid,activated_detected,,1,results/step06/raw/full/xsim/run_0007_offset_0384_count_0064.log
F0443,1,SA0,55,3,xsim,1,2,1,2,55,M2,FF,F7,640,960,valid,activated_detected,,1,results/step06/raw/full/xsim/run_0007_offset_0384_count_0064.log
F0444,1,SA0,55,4,xsim,1,2,1,2,55,M2,FF,EF,640,960,valid,activated_detected,,1,results/step06/raw/full/xsim/run_0007_offset_0384_count_0064.log
F0445,1,SA0,55,5,xsim,1,2,1,2,55,M2,FF,DF,640,960,valid,activated_detected,,1,results/step06/raw/full/xsim/run_0007_offset_0384_count_0064.log
F0446,1,SA0,55,6,xsim,1,2,1,2,55,M2,FF,BF,640,960,valid,activated_detected,,1,results/step06/raw/full/xsim/run_0007_offset_0384_count_0064.log
F0447,1,SA0,55,7,xsim,1,2,1,2,55,M2,FF,7F,640,960,valid,activated_detected,,1,results/step06/raw/full/xsim/run_0007_offset_0384_count_0064.log
F0448,1,SA0,56,0,xsim,1,2,1,2,56,M2,FF,FE,640,960,valid,activated_detected,,1,results/step06/raw/full/xsim/run_0008_offset_0448_count_0064.log
F0449,1,SA0,56,1,xsim,1,2,1,2,56,M2,FF,FD,640,960,valid,activated_detected,,1,results/step06/raw/full/xsim/run_0008_offset_0448_count_0064.log
F0450,1,SA0,56,2,xsim,1,2,1,2,56,M2,FF,FB,640,960,valid,activated_detected,,1,results/step06/raw/full/xsim/run_0008_offset_0448_count_0064.log
F0451,1,SA0,56,3,xsim,1,2,1,2,56,M2,FF,F7,640,960,valid,activated_detected,,1,results/step06/raw/full/xsim/run_0008_offset_0448_count_0064.log
F0452,1,SA0,56,4,xsim,1,2,1,2,56,M2,FF,EF,640,960,valid,activated_detected,,1,results/step06/raw/full/xsim/run_0008_offset_0448_count_0064.log
F0453,1,SA0,56,5,xsim,1,2,1,2,56,M2,FF,DF,640,960,valid,activated_detected,,1,results/step06/raw/full/xsim/run_0008_offset_0448_count_0064.log
F0454,1,SA0,56,6,xsim,1,2,1,2,56,M2,FF,BF,640,960,valid,activated_detected,,1,results/step06/raw/full/xsim/run_0008_offset_0448_count_0064.log
F0455,1,SA0,56,7,xsim,1,2,1,2,56,M2,FF,7F,640,960,valid,activated_detected,,1,results/step06/raw/full/xsim/run_0008_offset_0448_count_0064.log
F0456,1,SA0,57,0,xsim,1,2,1,2,57,M2,FF,FE,640,960,valid,activated_detected,,1,results/step06/raw/full/xsim/run_0008_offset_0448_count_0064.log
F0457,1,SA0,57,1,xsim,1,2,1,2,57,M2,FF,FD,640,960,valid,activated_detected,,1,results/step06/raw/full/xsim/run_0008_offset_0448_count_0064.log
F0458,1,SA0,57,2,xsim,1,2,1,2,57,M2,FF,FB,640,960,valid,activated_detected,,1,results/step06/raw/full/xsim/run_0008_offset_0448_count_0064.log
F0459,1,SA0,57,3,xsim,1,2,1,2,57,M2,FF,F7,640,960,valid,activated_detected,,1,results/step06/raw/full/xsim/run_0008_offset_0448_count_0064.log
F0460,1,SA0,57,4,xsim,1,2,1,2,57,M2,FF,EF,640,960,valid,activated_detected,,1,results/step06/raw/full/xsim/run_0008_offset_0448_count_0064.log
F0461,1,SA0,57,5,xsim,1,2,1,2,57,M2,FF,DF,640,960,valid,activated_detected,,1,results/step06/raw/full/xsim/run_0008_offset_0448_count_0064.log
F0462,1,SA0,57,6,xsim,1,2,1,2,57,M2,FF,BF,640,960,valid,activated_detected,,1,results/step06/raw/full/xsim/run_0008_offset_0448_count_0064.log
F0463,1,SA0,57,7,xsim,1,2,1,2,57,M2,FF,7F,640,960,valid,activated_detected,,1,results/step06/raw/full/xsim/run_0008_offset_0448_count_0064.log
F0464,1,SA0,58,0,xsim,1,2,1,2,58,M2,FF,FE,640,960,valid,activated_detected,,1,results/step06/raw/full/xsim/run_0008_offset_0448_count_0064.log
F0465,1,SA0,58,1,xsim,1,2,1,2,58,M2,FF,FD,640,960,valid,activated_detected,,1,results/step06/raw/full/xsim/run_0008_offset_0448_count_0064.log
F0466,1,SA0,58,2,xsim,1,2,1,2,58,M2,FF,FB,640,960,valid,activated_detected,,1,results/step06/raw/full/xsim/run_0008_offset_0448_count_0064.log
F0467,1,SA0,58,3,xsim,1,2,1,2,58,M2,FF,F7,640,960,valid,activated_detected,,1,results/step06/raw/full/xsim/run_0008_offset_0448_count_0064.log
F0468,1,SA0,58,4,xsim,1,2,1,2,58,M2,FF,EF,640,960,valid,activated_detected,,1,results/step06/raw/full/xsim/run_0008_offset_0448_count_0064.log
F0469,1,SA0,58,5,xsim,1,2,1,2,58,M2,FF,DF,640,960,valid,activated_detected,,1,results/step06/raw/full/xsim/run_0008_offset_0448_count_0064.log
F0470,1,SA0,58,6,xsim,1,2,1,2,58,M2,FF,BF,640,960,valid,activated_detected,,1,results/step06/raw/full/xsim/run_0008_offset_0448_count_0064.log
F0471,1,SA0,58,7,xsim,1,2,1,2,58,M2,FF,7F,640,960,valid,activated_detected,,1,results/step06/raw/full/xsim/run_0008_offset_0448_count_0064.log
F0472,1,SA0,59,0,xsim,1,2,1,2,59,M2,FF,FE,640,960,valid,activated_detected,,1,results/step06/raw/full/xsim/run_0008_offset_0448_count_0064.log
F0473,1,SA0,59,1,xsim,1,2,1,2,59,M2,FF,FD,640,960,valid,activated_detected,,1,results/step06/raw/full/xsim/run_0008_offset_0448_count_0064.log
F0474,1,SA0,59,2,xsim,1,2,1,2,59,M2,FF,FB,640,960,valid,activated_detected,,1,results/step06/raw/full/xsim/run_0008_offset_0448_count_0064.log
F0475,1,SA0,59,3,xsim,1,2,1,2,59,M2,FF,F7,640,960,valid,activated_detected,,1,results/step06/raw/full/xsim/run_0008_offset_0448_count_0064.log
F0476,1,SA0,59,4,xsim,1,2,1,2,59,M2,FF,EF,640,960,valid,activated_detected,,1,results/step06/raw/full/xsim/run_0008_offset_0448_count_0064.log
F0477,1,SA0,59,5,xsim,1,2,1,2,59,M2,FF,DF,640,960,valid,activated_detected,,1,results/step06/raw/full/xsim/run_0008_offset_0448_count_0064.log
F0478,1,SA0,59,6,xsim,1,2,1,2,59,M2,FF,BF,640,960,valid,activated_detected,,1,results/step06/raw/full/xsim/run_0008_offset_0448_count_0064.log
F0479,1,SA0,59,7,xsim,1,2,1,2,59,M2,FF,7F,640,960,valid,activated_detected,,1,results/step06/raw/full/xsim/run_0008_offset_0448_count_0064.log
F0480,1,SA0,60,0,xsim,1,2,1,2,60,M2,FF,FE,640,960,valid,activated_detected,,1,results/step06/raw/full/xsim/run_0008_offset_0448_count_0064.log
F0481,1,SA0,60,1,xsim,1,2,1,2,60,M2,FF,FD,640,960,valid,activated_detected,,1,results/step06/raw/full/xsim/run_0008_offset_0448_count_0064.log
F0482,1,SA0,60,2,xsim,1,2,1,2,60,M2,FF,FB,640,960,valid,activated_detected,,1,results/step06/raw/full/xsim/run_0008_offset_0448_count_0064.log
F0483,1,SA0,60,3,xsim,1,2,1,2,60,M2,FF,F7,640,960,valid,activated_detected,,1,results/step06/raw/full/xsim/run_0008_offset_0448_count_0064.log
F0484,1,SA0,60,4,xsim,1,2,1,2,60,M2,FF,EF,640,960,valid,activated_detected,,1,results/step06/raw/full/xsim/run_0008_offset_0448_count_0064.log
F0485,1,SA0,60,5,xsim,1,2,1,2,60,M2,FF,DF,640,960,valid,activated_detected,,1,results/step06/raw/full/xsim/run_0008_offset_0448_count_0064.log
F0486,1,SA0,60,6,xsim,1,2,1,2,60,M2,FF,BF,640,960,valid,activated_detected,,1,results/step06/raw/full/xsim/run_0008_offset_0448_count_0064.log
F0487,1,SA0,60,7,xsim,1,2,1,2,60,M2,FF,7F,640,960,valid,activated_detected,,1,results/step06/raw/full/xsim/run_0008_offset_0448_count_0064.log
F0488,1,SA0,61,0,xsim,1,2,1,2,61,M2,FF,FE,640,960,valid,activated_detected,,1,results/step06/raw/full/xsim/run_0008_offset_0448_count_0064.log
F0489,1,SA0,61,1,xsim,1,2,1,2,61,M2,FF,FD,640,960,valid,activated_detected,,1,results/step06/raw/full/xsim/run_0008_offset_0448_count_0064.log
F0490,1,SA0,61,2,xsim,1,2,1,2,61,M2,FF,FB,640,960,valid,activated_detected,,1,results/step06/raw/full/xsim/run_0008_offset_0448_count_0064.log
F0491,1,SA0,61,3,xsim,1,2,1,2,61,M2,FF,F7,640,960,valid,activated_detected,,1,results/step06/raw/full/xsim/run_0008_offset_0448_count_0064.log
F0492,1,SA0,61,4,xsim,1,2,1,2,61,M2,FF,EF,640,960,valid,activated_detected,,1,results/step06/raw/full/xsim/run_0008_offset_0448_count_0064.log
F0493,1,SA0,61,5,xsim,1,2,1,2,61,M2,FF,DF,640,960,valid,activated_detected,,1,results/step06/raw/full/xsim/run_0008_offset_0448_count_0064.log
F0494,1,SA0,61,6,xsim,1,2,1,2,61,M2,FF,BF,640,960,valid,activated_detected,,1,results/step06/raw/full/xsim/run_0008_offset_0448_count_0064.log
F0495,1,SA0,61,7,xsim,1,2,1,2,61,M2,FF,7F,640,960,valid,activated_detected,,1,results/step06/raw/full/xsim/run_0008_offset_0448_count_0064.log
F0496,1,SA0,62,0,xsim,1,2,1,2,62,M2,FF,FE,640,960,valid,activated_detected,,1,results/step06/raw/full/xsim/run_0008_offset_0448_count_0064.log
F0497,1,SA0,62,1,xsim,1,2,1,2,62,M2,FF,FD,640,960,valid,activated_detected,,1,results/step06/raw/full/xsim/run_0008_offset_0448_count_0064.log
F0498,1,SA0,62,2,xsim,1,2,1,2,62,M2,FF,FB,640,960,valid,activated_detected,,1,results/step06/raw/full/xsim/run_0008_offset_0448_count_0064.log
F0499,1,SA0,62,3,xsim,1,2,1,2,62,M2,FF,F7,640,960,valid,activated_detected,,1,results/step06/raw/full/xsim/run_0008_offset_0448_count_0064.log
F0500,1,SA0,62,4,xsim,1,2,1,2,62,M2,FF,EF,640,960,valid,activated_detected,,1,results/step06/raw/full/xsim/run_0008_offset_0448_count_0064.log
F0501,1,SA0,62,5,xsim,1,2,1,2,62,M2,FF,DF,640,960,valid,activated_detected,,1,results/step06/raw/full/xsim/run_0008_offset_0448_count_0064.log
F0502,1,SA0,62,6,xsim,1,2,1,2,62,M2,FF,BF,640,960,valid,activated_detected,,1,results/step06/raw/full/xsim/run_0008_offset_0448_count_0064.log
F0503,1,SA0,62,7,xsim,1,2,1,2,62,M2,FF,7F,640,960,valid,activated_detected,,1,results/step06/raw/full/xsim/run_0008_offset_0448_count_0064.log
F0504,1,SA0,63,0,xsim,1,2,1,2,63,M2,FF,FE,640,960,valid,activated_detected,,1,results/step06/raw/full/xsim/run_0008_offset_0448_count_0064.log
F0505,1,SA0,63,1,xsim,1,2,1,2,63,M2,FF,FD,640,960,valid,activated_detected,,1,results/step06/raw/full/xsim/run_0008_offset_0448_count_0064.log
F0506,1,SA0,63,2,xsim,1,2,1,2,63,M2,FF,FB,640,960,valid,activated_detected,,1,results/step06/raw/full/xsim/run_0008_offset_0448_count_0064.log
F0507,1,SA0,63,3,xsim,1,2,1,2,63,M2,FF,F7,640,960,valid,activated_detected,,1,results/step06/raw/full/xsim/run_0008_offset_0448_count_0064.log
F0508,1,SA0,63,4,xsim,1,2,1,2,63,M2,FF,EF,640,960,valid,activated_detected,,1,results/step06/raw/full/xsim/run_0008_offset_0448_count_0064.log
F0509,1,SA0,63,5,xsim,1,2,1,2,63,M2,FF,DF,640,960,valid,activated_detected,,1,results/step06/raw/full/xsim/run_0008_offset_0448_count_0064.log
F0510,1,SA0,63,6,xsim,1,2,1,2,63,M2,FF,BF,640,960,valid,activated_detected,,1,results/step06/raw/full/xsim/run_0008_offset_0448_count_0064.log
F0511,1,SA0,63,7,xsim,1,2,1,2,63,M2,FF,7F,640,960,valid,activated_detected,,1,results/step06/raw/full/xsim/run_0008_offset_0448_count_0064.log
F0512,2,SA1,0,0,xsim,1,3,1,3,0,M1,00,01,640,960,valid,activated_detected,,1,results/step06/raw/full/xsim/run_0009_offset_0512_count_0064.log
F0513,2,SA1,0,1,xsim,1,3,1,3,0,M1,00,02,640,960,valid,activated_detected,,1,results/step06/raw/full/xsim/run_0009_offset_0512_count_0064.log
F0514,2,SA1,0,2,xsim,1,3,1,3,0,M1,00,04,640,960,valid,activated_detected,,1,results/step06/raw/full/xsim/run_0009_offset_0512_count_0064.log
F0515,2,SA1,0,3,xsim,1,3,1,3,0,M1,00,08,640,960,valid,activated_detected,,1,results/step06/raw/full/xsim/run_0009_offset_0512_count_0064.log
F0516,2,SA1,0,4,xsim,1,3,1,3,0,M1,00,10,640,960,valid,activated_detected,,1,results/step06/raw/full/xsim/run_0009_offset_0512_count_0064.log
F0517,2,SA1,0,5,xsim,1,3,1,3,0,M1,00,20,640,960,valid,activated_detected,,1,results/step06/raw/full/xsim/run_0009_offset_0512_count_0064.log
F0518,2,SA1,0,6,xsim,1,3,1,3,0,M1,00,40,640,960,valid,activated_detected,,1,results/step06/raw/full/xsim/run_0009_offset_0512_count_0064.log
F0519,2,SA1,0,7,xsim,1,3,1,3,0,M1,00,80,640,960,valid,activated_detected,,1,results/step06/raw/full/xsim/run_0009_offset_0512_count_0064.log
F0520,2,SA1,1,0,xsim,1,3,1,3,1,M1,00,01,640,960,valid,activated_detected,,1,results/step06/raw/full/xsim/run_0009_offset_0512_count_0064.log
F0521,2,SA1,1,1,xsim,1,3,1,3,1,M1,00,02,640,960,valid,activated_detected,,1,results/step06/raw/full/xsim/run_0009_offset_0512_count_0064.log
F0522,2,SA1,1,2,xsim,1,3,1,3,1,M1,00,04,640,960,valid,activated_detected,,1,results/step06/raw/full/xsim/run_0009_offset_0512_count_0064.log
F0523,2,SA1,1,3,xsim,1,3,1,3,1,M1,00,08,640,960,valid,activated_detected,,1,results/step06/raw/full/xsim/run_0009_offset_0512_count_0064.log
F0524,2,SA1,1,4,xsim,1,3,1,3,1,M1,00,10,640,960,valid,activated_detected,,1,results/step06/raw/full/xsim/run_0009_offset_0512_count_0064.log
F0525,2,SA1,1,5,xsim,1,3,1,3,1,M1,00,20,640,960,valid,activated_detected,,1,results/step06/raw/full/xsim/run_0009_offset_0512_count_0064.log
F0526,2,SA1,1,6,xsim,1,3,1,3,1,M1,00,40,640,960,valid,activated_detected,,1,results/step06/raw/full/xsim/run_0009_offset_0512_count_0064.log
F0527,2,SA1,1,7,xsim,1,3,1,3,1,M1,00,80,640,960,valid,activated_detected,,1,results/step06/raw/full/xsim/run_0009_offset_0512_count_0064.log
F0528,2,SA1,2,0,xsim,1,3,1,3,2,M1,00,01,640,960,valid,activated_detected,,1,results/step06/raw/full/xsim/run_0009_offset_0512_count_0064.log
F0529,2,SA1,2,1,xsim,1,3,1,3,2,M1,00,02,640,960,valid,activated_detected,,1,results/step06/raw/full/xsim/run_0009_offset_0512_count_0064.log
F0530,2,SA1,2,2,xsim,1,3,1,3,2,M1,00,04,640,960,valid,activated_detected,,1,results/step06/raw/full/xsim/run_0009_offset_0512_count_0064.log
F0531,2,SA1,2,3,xsim,1,3,1,3,2,M1,00,08,640,960,valid,activated_detected,,1,results/step06/raw/full/xsim/run_0009_offset_0512_count_0064.log
F0532,2,SA1,2,4,xsim,1,3,1,3,2,M1,00,10,640,960,valid,activated_detected,,1,results/step06/raw/full/xsim/run_0009_offset_0512_count_0064.log
F0533,2,SA1,2,5,xsim,1,3,1,3,2,M1,00,20,640,960,valid,activated_detected,,1,results/step06/raw/full/xsim/run_0009_offset_0512_count_0064.log
F0534,2,SA1,2,6,xsim,1,3,1,3,2,M1,00,40,640,960,valid,activated_detected,,1,results/step06/raw/full/xsim/run_0009_offset_0512_count_0064.log
F0535,2,SA1,2,7,xsim,1,3,1,3,2,M1,00,80,640,960,valid,activated_detected,,1,results/step06/raw/full/xsim/run_0009_offset_0512_count_0064.log
F0536,2,SA1,3,0,xsim,1,3,1,3,3,M1,00,01,640,960,valid,activated_detected,,1,results/step06/raw/full/xsim/run_0009_offset_0512_count_0064.log
F0537,2,SA1,3,1,xsim,1,3,1,3,3,M1,00,02,640,960,valid,activated_detected,,1,results/step06/raw/full/xsim/run_0009_offset_0512_count_0064.log
F0538,2,SA1,3,2,xsim,1,3,1,3,3,M1,00,04,640,960,valid,activated_detected,,1,results/step06/raw/full/xsim/run_0009_offset_0512_count_0064.log
F0539,2,SA1,3,3,xsim,1,3,1,3,3,M1,00,08,640,960,valid,activated_detected,,1,results/step06/raw/full/xsim/run_0009_offset_0512_count_0064.log
F0540,2,SA1,3,4,xsim,1,3,1,3,3,M1,00,10,640,960,valid,activated_detected,,1,results/step06/raw/full/xsim/run_0009_offset_0512_count_0064.log
F0541,2,SA1,3,5,xsim,1,3,1,3,3,M1,00,20,640,960,valid,activated_detected,,1,results/step06/raw/full/xsim/run_0009_offset_0512_count_0064.log
F0542,2,SA1,3,6,xsim,1,3,1,3,3,M1,00,40,640,960,valid,activated_detected,,1,results/step06/raw/full/xsim/run_0009_offset_0512_count_0064.log
F0543,2,SA1,3,7,xsim,1,3,1,3,3,M1,00,80,640,960,valid,activated_detected,,1,results/step06/raw/full/xsim/run_0009_offset_0512_count_0064.log
F0544,2,SA1,4,0,xsim,1,3,1,3,4,M1,00,01,640,960,valid,activated_detected,,1,results/step06/raw/full/xsim/run_0009_offset_0512_count_0064.log
F0545,2,SA1,4,1,xsim,1,3,1,3,4,M1,00,02,640,960,valid,activated_detected,,1,results/step06/raw/full/xsim/run_0009_offset_0512_count_0064.log
F0546,2,SA1,4,2,xsim,1,3,1,3,4,M1,00,04,640,960,valid,activated_detected,,1,results/step06/raw/full/xsim/run_0009_offset_0512_count_0064.log
F0547,2,SA1,4,3,xsim,1,3,1,3,4,M1,00,08,640,960,valid,activated_detected,,1,results/step06/raw/full/xsim/run_0009_offset_0512_count_0064.log
F0548,2,SA1,4,4,xsim,1,3,1,3,4,M1,00,10,640,960,valid,activated_detected,,1,results/step06/raw/full/xsim/run_0009_offset_0512_count_0064.log
F0549,2,SA1,4,5,xsim,1,3,1,3,4,M1,00,20,640,960,valid,activated_detected,,1,results/step06/raw/full/xsim/run_0009_offset_0512_count_0064.log
F0550,2,SA1,4,6,xsim,1,3,1,3,4,M1,00,40,640,960,valid,activated_detected,,1,results/step06/raw/full/xsim/run_0009_offset_0512_count_0064.log
F0551,2,SA1,4,7,xsim,1,3,1,3,4,M1,00,80,640,960,valid,activated_detected,,1,results/step06/raw/full/xsim/run_0009_offset_0512_count_0064.log
F0552,2,SA1,5,0,xsim,1,3,1,3,5,M1,00,01,640,960,valid,activated_detected,,1,results/step06/raw/full/xsim/run_0009_offset_0512_count_0064.log
F0553,2,SA1,5,1,xsim,1,3,1,3,5,M1,00,02,640,960,valid,activated_detected,,1,results/step06/raw/full/xsim/run_0009_offset_0512_count_0064.log
F0554,2,SA1,5,2,xsim,1,3,1,3,5,M1,00,04,640,960,valid,activated_detected,,1,results/step06/raw/full/xsim/run_0009_offset_0512_count_0064.log
F0555,2,SA1,5,3,xsim,1,3,1,3,5,M1,00,08,640,960,valid,activated_detected,,1,results/step06/raw/full/xsim/run_0009_offset_0512_count_0064.log
F0556,2,SA1,5,4,xsim,1,3,1,3,5,M1,00,10,640,960,valid,activated_detected,,1,results/step06/raw/full/xsim/run_0009_offset_0512_count_0064.log
F0557,2,SA1,5,5,xsim,1,3,1,3,5,M1,00,20,640,960,valid,activated_detected,,1,results/step06/raw/full/xsim/run_0009_offset_0512_count_0064.log
F0558,2,SA1,5,6,xsim,1,3,1,3,5,M1,00,40,640,960,valid,activated_detected,,1,results/step06/raw/full/xsim/run_0009_offset_0512_count_0064.log
F0559,2,SA1,5,7,xsim,1,3,1,3,5,M1,00,80,640,960,valid,activated_detected,,1,results/step06/raw/full/xsim/run_0009_offset_0512_count_0064.log
F0560,2,SA1,6,0,xsim,1,3,1,3,6,M1,00,01,640,960,valid,activated_detected,,1,results/step06/raw/full/xsim/run_0009_offset_0512_count_0064.log
F0561,2,SA1,6,1,xsim,1,3,1,3,6,M1,00,02,640,960,valid,activated_detected,,1,results/step06/raw/full/xsim/run_0009_offset_0512_count_0064.log
F0562,2,SA1,6,2,xsim,1,3,1,3,6,M1,00,04,640,960,valid,activated_detected,,1,results/step06/raw/full/xsim/run_0009_offset_0512_count_0064.log
F0563,2,SA1,6,3,xsim,1,3,1,3,6,M1,00,08,640,960,valid,activated_detected,,1,results/step06/raw/full/xsim/run_0009_offset_0512_count_0064.log
F0564,2,SA1,6,4,xsim,1,3,1,3,6,M1,00,10,640,960,valid,activated_detected,,1,results/step06/raw/full/xsim/run_0009_offset_0512_count_0064.log
F0565,2,SA1,6,5,xsim,1,3,1,3,6,M1,00,20,640,960,valid,activated_detected,,1,results/step06/raw/full/xsim/run_0009_offset_0512_count_0064.log
F0566,2,SA1,6,6,xsim,1,3,1,3,6,M1,00,40,640,960,valid,activated_detected,,1,results/step06/raw/full/xsim/run_0009_offset_0512_count_0064.log
F0567,2,SA1,6,7,xsim,1,3,1,3,6,M1,00,80,640,960,valid,activated_detected,,1,results/step06/raw/full/xsim/run_0009_offset_0512_count_0064.log
F0568,2,SA1,7,0,xsim,1,3,1,3,7,M1,00,01,640,960,valid,activated_detected,,1,results/step06/raw/full/xsim/run_0009_offset_0512_count_0064.log
F0569,2,SA1,7,1,xsim,1,3,1,3,7,M1,00,02,640,960,valid,activated_detected,,1,results/step06/raw/full/xsim/run_0009_offset_0512_count_0064.log
F0570,2,SA1,7,2,xsim,1,3,1,3,7,M1,00,04,640,960,valid,activated_detected,,1,results/step06/raw/full/xsim/run_0009_offset_0512_count_0064.log
F0571,2,SA1,7,3,xsim,1,3,1,3,7,M1,00,08,640,960,valid,activated_detected,,1,results/step06/raw/full/xsim/run_0009_offset_0512_count_0064.log
F0572,2,SA1,7,4,xsim,1,3,1,3,7,M1,00,10,640,960,valid,activated_detected,,1,results/step06/raw/full/xsim/run_0009_offset_0512_count_0064.log
F0573,2,SA1,7,5,xsim,1,3,1,3,7,M1,00,20,640,960,valid,activated_detected,,1,results/step06/raw/full/xsim/run_0009_offset_0512_count_0064.log
F0574,2,SA1,7,6,xsim,1,3,1,3,7,M1,00,40,640,960,valid,activated_detected,,1,results/step06/raw/full/xsim/run_0009_offset_0512_count_0064.log
F0575,2,SA1,7,7,xsim,1,3,1,3,7,M1,00,80,640,960,valid,activated_detected,,1,results/step06/raw/full/xsim/run_0009_offset_0512_count_0064.log
F0576,2,SA1,8,0,xsim,1,3,1,3,8,M1,00,01,640,960,valid,activated_detected,,1,results/step06/raw/full/xsim/run_0010_offset_0576_count_0064.log
F0577,2,SA1,8,1,xsim,1,3,1,3,8,M1,00,02,640,960,valid,activated_detected,,1,results/step06/raw/full/xsim/run_0010_offset_0576_count_0064.log
F0578,2,SA1,8,2,xsim,1,3,1,3,8,M1,00,04,640,960,valid,activated_detected,,1,results/step06/raw/full/xsim/run_0010_offset_0576_count_0064.log
F0579,2,SA1,8,3,xsim,1,3,1,3,8,M1,00,08,640,960,valid,activated_detected,,1,results/step06/raw/full/xsim/run_0010_offset_0576_count_0064.log
F0580,2,SA1,8,4,xsim,1,3,1,3,8,M1,00,10,640,960,valid,activated_detected,,1,results/step06/raw/full/xsim/run_0010_offset_0576_count_0064.log
F0581,2,SA1,8,5,xsim,1,3,1,3,8,M1,00,20,640,960,valid,activated_detected,,1,results/step06/raw/full/xsim/run_0010_offset_0576_count_0064.log
F0582,2,SA1,8,6,xsim,1,3,1,3,8,M1,00,40,640,960,valid,activated_detected,,1,results/step06/raw/full/xsim/run_0010_offset_0576_count_0064.log
F0583,2,SA1,8,7,xsim,1,3,1,3,8,M1,00,80,640,960,valid,activated_detected,,1,results/step06/raw/full/xsim/run_0010_offset_0576_count_0064.log
F0584,2,SA1,9,0,xsim,1,3,1,3,9,M1,00,01,640,960,valid,activated_detected,,1,results/step06/raw/full/xsim/run_0010_offset_0576_count_0064.log
F0585,2,SA1,9,1,xsim,1,3,1,3,9,M1,00,02,640,960,valid,activated_detected,,1,results/step06/raw/full/xsim/run_0010_offset_0576_count_0064.log
F0586,2,SA1,9,2,xsim,1,3,1,3,9,M1,00,04,640,960,valid,activated_detected,,1,results/step06/raw/full/xsim/run_0010_offset_0576_count_0064.log
F0587,2,SA1,9,3,xsim,1,3,1,3,9,M1,00,08,640,960,valid,activated_detected,,1,results/step06/raw/full/xsim/run_0010_offset_0576_count_0064.log
F0588,2,SA1,9,4,xsim,1,3,1,3,9,M1,00,10,640,960,valid,activated_detected,,1,results/step06/raw/full/xsim/run_0010_offset_0576_count_0064.log
F0589,2,SA1,9,5,xsim,1,3,1,3,9,M1,00,20,640,960,valid,activated_detected,,1,results/step06/raw/full/xsim/run_0010_offset_0576_count_0064.log
F0590,2,SA1,9,6,xsim,1,3,1,3,9,M1,00,40,640,960,valid,activated_detected,,1,results/step06/raw/full/xsim/run_0010_offset_0576_count_0064.log
F0591,2,SA1,9,7,xsim,1,3,1,3,9,M1,00,80,640,960,valid,activated_detected,,1,results/step06/raw/full/xsim/run_0010_offset_0576_count_0064.log
F0592,2,SA1,10,0,xsim,1,3,1,3,10,M1,00,01,640,960,valid,activated_detected,,1,results/step06/raw/full/xsim/run_0010_offset_0576_count_0064.log
F0593,2,SA1,10,1,xsim,1,3,1,3,10,M1,00,02,640,960,valid,activated_detected,,1,results/step06/raw/full/xsim/run_0010_offset_0576_count_0064.log
F0594,2,SA1,10,2,xsim,1,3,1,3,10,M1,00,04,640,960,valid,activated_detected,,1,results/step06/raw/full/xsim/run_0010_offset_0576_count_0064.log
F0595,2,SA1,10,3,xsim,1,3,1,3,10,M1,00,08,640,960,valid,activated_detected,,1,results/step06/raw/full/xsim/run_0010_offset_0576_count_0064.log
F0596,2,SA1,10,4,xsim,1,3,1,3,10,M1,00,10,640,960,valid,activated_detected,,1,results/step06/raw/full/xsim/run_0010_offset_0576_count_0064.log
F0597,2,SA1,10,5,xsim,1,3,1,3,10,M1,00,20,640,960,valid,activated_detected,,1,results/step06/raw/full/xsim/run_0010_offset_0576_count_0064.log
F0598,2,SA1,10,6,xsim,1,3,1,3,10,M1,00,40,640,960,valid,activated_detected,,1,results/step06/raw/full/xsim/run_0010_offset_0576_count_0064.log
F0599,2,SA1,10,7,xsim,1,3,1,3,10,M1,00,80,640,960,valid,activated_detected,,1,results/step06/raw/full/xsim/run_0010_offset_0576_count_0064.log
F0600,2,SA1,11,0,xsim,1,3,1,3,11,M1,00,01,640,960,valid,activated_detected,,1,results/step06/raw/full/xsim/run_0010_offset_0576_count_0064.log
F0601,2,SA1,11,1,xsim,1,3,1,3,11,M1,00,02,640,960,valid,activated_detected,,1,results/step06/raw/full/xsim/run_0010_offset_0576_count_0064.log
F0602,2,SA1,11,2,xsim,1,3,1,3,11,M1,00,04,640,960,valid,activated_detected,,1,results/step06/raw/full/xsim/run_0010_offset_0576_count_0064.log
F0603,2,SA1,11,3,xsim,1,3,1,3,11,M1,00,08,640,960,valid,activated_detected,,1,results/step06/raw/full/xsim/run_0010_offset_0576_count_0064.log
F0604,2,SA1,11,4,xsim,1,3,1,3,11,M1,00,10,640,960,valid,activated_detected,,1,results/step06/raw/full/xsim/run_0010_offset_0576_count_0064.log
F0605,2,SA1,11,5,xsim,1,3,1,3,11,M1,00,20,640,960,valid,activated_detected,,1,results/step06/raw/full/xsim/run_0010_offset_0576_count_0064.log
F0606,2,SA1,11,6,xsim,1,3,1,3,11,M1,00,40,640,960,valid,activated_detected,,1,results/step06/raw/full/xsim/run_0010_offset_0576_count_0064.log
F0607,2,SA1,11,7,xsim,1,3,1,3,11,M1,00,80,640,960,valid,activated_detected,,1,results/step06/raw/full/xsim/run_0010_offset_0576_count_0064.log
F0608,2,SA1,12,0,xsim,1,3,1,3,12,M1,00,01,640,960,valid,activated_detected,,1,results/step06/raw/full/xsim/run_0010_offset_0576_count_0064.log
F0609,2,SA1,12,1,xsim,1,3,1,3,12,M1,00,02,640,960,valid,activated_detected,,1,results/step06/raw/full/xsim/run_0010_offset_0576_count_0064.log
F0610,2,SA1,12,2,xsim,1,3,1,3,12,M1,00,04,640,960,valid,activated_detected,,1,results/step06/raw/full/xsim/run_0010_offset_0576_count_0064.log
F0611,2,SA1,12,3,xsim,1,3,1,3,12,M1,00,08,640,960,valid,activated_detected,,1,results/step06/raw/full/xsim/run_0010_offset_0576_count_0064.log
F0612,2,SA1,12,4,xsim,1,3,1,3,12,M1,00,10,640,960,valid,activated_detected,,1,results/step06/raw/full/xsim/run_0010_offset_0576_count_0064.log
F0613,2,SA1,12,5,xsim,1,3,1,3,12,M1,00,20,640,960,valid,activated_detected,,1,results/step06/raw/full/xsim/run_0010_offset_0576_count_0064.log
F0614,2,SA1,12,6,xsim,1,3,1,3,12,M1,00,40,640,960,valid,activated_detected,,1,results/step06/raw/full/xsim/run_0010_offset_0576_count_0064.log
F0615,2,SA1,12,7,xsim,1,3,1,3,12,M1,00,80,640,960,valid,activated_detected,,1,results/step06/raw/full/xsim/run_0010_offset_0576_count_0064.log
F0616,2,SA1,13,0,xsim,1,3,1,3,13,M1,00,01,640,960,valid,activated_detected,,1,results/step06/raw/full/xsim/run_0010_offset_0576_count_0064.log
F0617,2,SA1,13,1,xsim,1,3,1,3,13,M1,00,02,640,960,valid,activated_detected,,1,results/step06/raw/full/xsim/run_0010_offset_0576_count_0064.log
F0618,2,SA1,13,2,xsim,1,3,1,3,13,M1,00,04,640,960,valid,activated_detected,,1,results/step06/raw/full/xsim/run_0010_offset_0576_count_0064.log
F0619,2,SA1,13,3,xsim,1,3,1,3,13,M1,00,08,640,960,valid,activated_detected,,1,results/step06/raw/full/xsim/run_0010_offset_0576_count_0064.log
F0620,2,SA1,13,4,xsim,1,3,1,3,13,M1,00,10,640,960,valid,activated_detected,,1,results/step06/raw/full/xsim/run_0010_offset_0576_count_0064.log
F0621,2,SA1,13,5,xsim,1,3,1,3,13,M1,00,20,640,960,valid,activated_detected,,1,results/step06/raw/full/xsim/run_0010_offset_0576_count_0064.log
F0622,2,SA1,13,6,xsim,1,3,1,3,13,M1,00,40,640,960,valid,activated_detected,,1,results/step06/raw/full/xsim/run_0010_offset_0576_count_0064.log
F0623,2,SA1,13,7,xsim,1,3,1,3,13,M1,00,80,640,960,valid,activated_detected,,1,results/step06/raw/full/xsim/run_0010_offset_0576_count_0064.log
F0624,2,SA1,14,0,xsim,1,3,1,3,14,M1,00,01,640,960,valid,activated_detected,,1,results/step06/raw/full/xsim/run_0010_offset_0576_count_0064.log
F0625,2,SA1,14,1,xsim,1,3,1,3,14,M1,00,02,640,960,valid,activated_detected,,1,results/step06/raw/full/xsim/run_0010_offset_0576_count_0064.log
F0626,2,SA1,14,2,xsim,1,3,1,3,14,M1,00,04,640,960,valid,activated_detected,,1,results/step06/raw/full/xsim/run_0010_offset_0576_count_0064.log
F0627,2,SA1,14,3,xsim,1,3,1,3,14,M1,00,08,640,960,valid,activated_detected,,1,results/step06/raw/full/xsim/run_0010_offset_0576_count_0064.log
F0628,2,SA1,14,4,xsim,1,3,1,3,14,M1,00,10,640,960,valid,activated_detected,,1,results/step06/raw/full/xsim/run_0010_offset_0576_count_0064.log
F0629,2,SA1,14,5,xsim,1,3,1,3,14,M1,00,20,640,960,valid,activated_detected,,1,results/step06/raw/full/xsim/run_0010_offset_0576_count_0064.log
F0630,2,SA1,14,6,xsim,1,3,1,3,14,M1,00,40,640,960,valid,activated_detected,,1,results/step06/raw/full/xsim/run_0010_offset_0576_count_0064.log
F0631,2,SA1,14,7,xsim,1,3,1,3,14,M1,00,80,640,960,valid,activated_detected,,1,results/step06/raw/full/xsim/run_0010_offset_0576_count_0064.log
F0632,2,SA1,15,0,xsim,1,3,1,3,15,M1,00,01,640,960,valid,activated_detected,,1,results/step06/raw/full/xsim/run_0010_offset_0576_count_0064.log
F0633,2,SA1,15,1,xsim,1,3,1,3,15,M1,00,02,640,960,valid,activated_detected,,1,results/step06/raw/full/xsim/run_0010_offset_0576_count_0064.log
F0634,2,SA1,15,2,xsim,1,3,1,3,15,M1,00,04,640,960,valid,activated_detected,,1,results/step06/raw/full/xsim/run_0010_offset_0576_count_0064.log
F0635,2,SA1,15,3,xsim,1,3,1,3,15,M1,00,08,640,960,valid,activated_detected,,1,results/step06/raw/full/xsim/run_0010_offset_0576_count_0064.log
F0636,2,SA1,15,4,xsim,1,3,1,3,15,M1,00,10,640,960,valid,activated_detected,,1,results/step06/raw/full/xsim/run_0010_offset_0576_count_0064.log
F0637,2,SA1,15,5,xsim,1,3,1,3,15,M1,00,20,640,960,valid,activated_detected,,1,results/step06/raw/full/xsim/run_0010_offset_0576_count_0064.log
F0638,2,SA1,15,6,xsim,1,3,1,3,15,M1,00,40,640,960,valid,activated_detected,,1,results/step06/raw/full/xsim/run_0010_offset_0576_count_0064.log
F0639,2,SA1,15,7,xsim,1,3,1,3,15,M1,00,80,640,960,valid,activated_detected,,1,results/step06/raw/full/xsim/run_0010_offset_0576_count_0064.log
F0640,2,SA1,16,0,xsim,1,3,1,3,16,M1,00,01,640,960,valid,activated_detected,,1,results/step06/raw/full/xsim/run_0011_offset_0640_count_0064.log
F0641,2,SA1,16,1,xsim,1,3,1,3,16,M1,00,02,640,960,valid,activated_detected,,1,results/step06/raw/full/xsim/run_0011_offset_0640_count_0064.log
F0642,2,SA1,16,2,xsim,1,3,1,3,16,M1,00,04,640,960,valid,activated_detected,,1,results/step06/raw/full/xsim/run_0011_offset_0640_count_0064.log
F0643,2,SA1,16,3,xsim,1,3,1,3,16,M1,00,08,640,960,valid,activated_detected,,1,results/step06/raw/full/xsim/run_0011_offset_0640_count_0064.log
F0644,2,SA1,16,4,xsim,1,3,1,3,16,M1,00,10,640,960,valid,activated_detected,,1,results/step06/raw/full/xsim/run_0011_offset_0640_count_0064.log
F0645,2,SA1,16,5,xsim,1,3,1,3,16,M1,00,20,640,960,valid,activated_detected,,1,results/step06/raw/full/xsim/run_0011_offset_0640_count_0064.log
F0646,2,SA1,16,6,xsim,1,3,1,3,16,M1,00,40,640,960,valid,activated_detected,,1,results/step06/raw/full/xsim/run_0011_offset_0640_count_0064.log
F0647,2,SA1,16,7,xsim,1,3,1,3,16,M1,00,80,640,960,valid,activated_detected,,1,results/step06/raw/full/xsim/run_0011_offset_0640_count_0064.log
F0648,2,SA1,17,0,xsim,1,3,1,3,17,M1,00,01,640,960,valid,activated_detected,,1,results/step06/raw/full/xsim/run_0011_offset_0640_count_0064.log
F0649,2,SA1,17,1,xsim,1,3,1,3,17,M1,00,02,640,960,valid,activated_detected,,1,results/step06/raw/full/xsim/run_0011_offset_0640_count_0064.log
F0650,2,SA1,17,2,xsim,1,3,1,3,17,M1,00,04,640,960,valid,activated_detected,,1,results/step06/raw/full/xsim/run_0011_offset_0640_count_0064.log
F0651,2,SA1,17,3,xsim,1,3,1,3,17,M1,00,08,640,960,valid,activated_detected,,1,results/step06/raw/full/xsim/run_0011_offset_0640_count_0064.log
F0652,2,SA1,17,4,xsim,1,3,1,3,17,M1,00,10,640,960,valid,activated_detected,,1,results/step06/raw/full/xsim/run_0011_offset_0640_count_0064.log
F0653,2,SA1,17,5,xsim,1,3,1,3,17,M1,00,20,640,960,valid,activated_detected,,1,results/step06/raw/full/xsim/run_0011_offset_0640_count_0064.log
F0654,2,SA1,17,6,xsim,1,3,1,3,17,M1,00,40,640,960,valid,activated_detected,,1,results/step06/raw/full/xsim/run_0011_offset_0640_count_0064.log
F0655,2,SA1,17,7,xsim,1,3,1,3,17,M1,00,80,640,960,valid,activated_detected,,1,results/step06/raw/full/xsim/run_0011_offset_0640_count_0064.log
F0656,2,SA1,18,0,xsim,1,3,1,3,18,M1,00,01,640,960,valid,activated_detected,,1,results/step06/raw/full/xsim/run_0011_offset_0640_count_0064.log
F0657,2,SA1,18,1,xsim,1,3,1,3,18,M1,00,02,640,960,valid,activated_detected,,1,results/step06/raw/full/xsim/run_0011_offset_0640_count_0064.log
F0658,2,SA1,18,2,xsim,1,3,1,3,18,M1,00,04,640,960,valid,activated_detected,,1,results/step06/raw/full/xsim/run_0011_offset_0640_count_0064.log
F0659,2,SA1,18,3,xsim,1,3,1,3,18,M1,00,08,640,960,valid,activated_detected,,1,results/step06/raw/full/xsim/run_0011_offset_0640_count_0064.log
F0660,2,SA1,18,4,xsim,1,3,1,3,18,M1,00,10,640,960,valid,activated_detected,,1,results/step06/raw/full/xsim/run_0011_offset_0640_count_0064.log
F0661,2,SA1,18,5,xsim,1,3,1,3,18,M1,00,20,640,960,valid,activated_detected,,1,results/step06/raw/full/xsim/run_0011_offset_0640_count_0064.log
F0662,2,SA1,18,6,xsim,1,3,1,3,18,M1,00,40,640,960,valid,activated_detected,,1,results/step06/raw/full/xsim/run_0011_offset_0640_count_0064.log
F0663,2,SA1,18,7,xsim,1,3,1,3,18,M1,00,80,640,960,valid,activated_detected,,1,results/step06/raw/full/xsim/run_0011_offset_0640_count_0064.log
F0664,2,SA1,19,0,xsim,1,3,1,3,19,M1,00,01,640,960,valid,activated_detected,,1,results/step06/raw/full/xsim/run_0011_offset_0640_count_0064.log
F0665,2,SA1,19,1,xsim,1,3,1,3,19,M1,00,02,640,960,valid,activated_detected,,1,results/step06/raw/full/xsim/run_0011_offset_0640_count_0064.log
F0666,2,SA1,19,2,xsim,1,3,1,3,19,M1,00,04,640,960,valid,activated_detected,,1,results/step06/raw/full/xsim/run_0011_offset_0640_count_0064.log
F0667,2,SA1,19,3,xsim,1,3,1,3,19,M1,00,08,640,960,valid,activated_detected,,1,results/step06/raw/full/xsim/run_0011_offset_0640_count_0064.log
F0668,2,SA1,19,4,xsim,1,3,1,3,19,M1,00,10,640,960,valid,activated_detected,,1,results/step06/raw/full/xsim/run_0011_offset_0640_count_0064.log
F0669,2,SA1,19,5,xsim,1,3,1,3,19,M1,00,20,640,960,valid,activated_detected,,1,results/step06/raw/full/xsim/run_0011_offset_0640_count_0064.log
F0670,2,SA1,19,6,xsim,1,3,1,3,19,M1,00,40,640,960,valid,activated_detected,,1,results/step06/raw/full/xsim/run_0011_offset_0640_count_0064.log
F0671,2,SA1,19,7,xsim,1,3,1,3,19,M1,00,80,640,960,valid,activated_detected,,1,results/step06/raw/full/xsim/run_0011_offset_0640_count_0064.log
F0672,2,SA1,20,0,xsim,1,3,1,3,20,M1,00,01,640,960,valid,activated_detected,,1,results/step06/raw/full/xsim/run_0011_offset_0640_count_0064.log
F0673,2,SA1,20,1,xsim,1,3,1,3,20,M1,00,02,640,960,valid,activated_detected,,1,results/step06/raw/full/xsim/run_0011_offset_0640_count_0064.log
F0674,2,SA1,20,2,xsim,1,3,1,3,20,M1,00,04,640,960,valid,activated_detected,,1,results/step06/raw/full/xsim/run_0011_offset_0640_count_0064.log
F0675,2,SA1,20,3,xsim,1,3,1,3,20,M1,00,08,640,960,valid,activated_detected,,1,results/step06/raw/full/xsim/run_0011_offset_0640_count_0064.log
F0676,2,SA1,20,4,xsim,1,3,1,3,20,M1,00,10,640,960,valid,activated_detected,,1,results/step06/raw/full/xsim/run_0011_offset_0640_count_0064.log
F0677,2,SA1,20,5,xsim,1,3,1,3,20,M1,00,20,640,960,valid,activated_detected,,1,results/step06/raw/full/xsim/run_0011_offset_0640_count_0064.log
F0678,2,SA1,20,6,xsim,1,3,1,3,20,M1,00,40,640,960,valid,activated_detected,,1,results/step06/raw/full/xsim/run_0011_offset_0640_count_0064.log
F0679,2,SA1,20,7,xsim,1,3,1,3,20,M1,00,80,640,960,valid,activated_detected,,1,results/step06/raw/full/xsim/run_0011_offset_0640_count_0064.log
F0680,2,SA1,21,0,xsim,1,3,1,3,21,M1,00,01,640,960,valid,activated_detected,,1,results/step06/raw/full/xsim/run_0011_offset_0640_count_0064.log
F0681,2,SA1,21,1,xsim,1,3,1,3,21,M1,00,02,640,960,valid,activated_detected,,1,results/step06/raw/full/xsim/run_0011_offset_0640_count_0064.log
F0682,2,SA1,21,2,xsim,1,3,1,3,21,M1,00,04,640,960,valid,activated_detected,,1,results/step06/raw/full/xsim/run_0011_offset_0640_count_0064.log
F0683,2,SA1,21,3,xsim,1,3,1,3,21,M1,00,08,640,960,valid,activated_detected,,1,results/step06/raw/full/xsim/run_0011_offset_0640_count_0064.log
F0684,2,SA1,21,4,xsim,1,3,1,3,21,M1,00,10,640,960,valid,activated_detected,,1,results/step06/raw/full/xsim/run_0011_offset_0640_count_0064.log
F0685,2,SA1,21,5,xsim,1,3,1,3,21,M1,00,20,640,960,valid,activated_detected,,1,results/step06/raw/full/xsim/run_0011_offset_0640_count_0064.log
F0686,2,SA1,21,6,xsim,1,3,1,3,21,M1,00,40,640,960,valid,activated_detected,,1,results/step06/raw/full/xsim/run_0011_offset_0640_count_0064.log
F0687,2,SA1,21,7,xsim,1,3,1,3,21,M1,00,80,640,960,valid,activated_detected,,1,results/step06/raw/full/xsim/run_0011_offset_0640_count_0064.log
F0688,2,SA1,22,0,xsim,1,3,1,3,22,M1,00,01,640,960,valid,activated_detected,,1,results/step06/raw/full/xsim/run_0011_offset_0640_count_0064.log
F0689,2,SA1,22,1,xsim,1,3,1,3,22,M1,00,02,640,960,valid,activated_detected,,1,results/step06/raw/full/xsim/run_0011_offset_0640_count_0064.log
F0690,2,SA1,22,2,xsim,1,3,1,3,22,M1,00,04,640,960,valid,activated_detected,,1,results/step06/raw/full/xsim/run_0011_offset_0640_count_0064.log
F0691,2,SA1,22,3,xsim,1,3,1,3,22,M1,00,08,640,960,valid,activated_detected,,1,results/step06/raw/full/xsim/run_0011_offset_0640_count_0064.log
F0692,2,SA1,22,4,xsim,1,3,1,3,22,M1,00,10,640,960,valid,activated_detected,,1,results/step06/raw/full/xsim/run_0011_offset_0640_count_0064.log
F0693,2,SA1,22,5,xsim,1,3,1,3,22,M1,00,20,640,960,valid,activated_detected,,1,results/step06/raw/full/xsim/run_0011_offset_0640_count_0064.log
F0694,2,SA1,22,6,xsim,1,3,1,3,22,M1,00,40,640,960,valid,activated_detected,,1,results/step06/raw/full/xsim/run_0011_offset_0640_count_0064.log
F0695,2,SA1,22,7,xsim,1,3,1,3,22,M1,00,80,640,960,valid,activated_detected,,1,results/step06/raw/full/xsim/run_0011_offset_0640_count_0064.log
F0696,2,SA1,23,0,xsim,1,3,1,3,23,M1,00,01,640,960,valid,activated_detected,,1,results/step06/raw/full/xsim/run_0011_offset_0640_count_0064.log
F0697,2,SA1,23,1,xsim,1,3,1,3,23,M1,00,02,640,960,valid,activated_detected,,1,results/step06/raw/full/xsim/run_0011_offset_0640_count_0064.log
F0698,2,SA1,23,2,xsim,1,3,1,3,23,M1,00,04,640,960,valid,activated_detected,,1,results/step06/raw/full/xsim/run_0011_offset_0640_count_0064.log
F0699,2,SA1,23,3,xsim,1,3,1,3,23,M1,00,08,640,960,valid,activated_detected,,1,results/step06/raw/full/xsim/run_0011_offset_0640_count_0064.log
F0700,2,SA1,23,4,xsim,1,3,1,3,23,M1,00,10,640,960,valid,activated_detected,,1,results/step06/raw/full/xsim/run_0011_offset_0640_count_0064.log
F0701,2,SA1,23,5,xsim,1,3,1,3,23,M1,00,20,640,960,valid,activated_detected,,1,results/step06/raw/full/xsim/run_0011_offset_0640_count_0064.log
F0702,2,SA1,23,6,xsim,1,3,1,3,23,M1,00,40,640,960,valid,activated_detected,,1,results/step06/raw/full/xsim/run_0011_offset_0640_count_0064.log
F0703,2,SA1,23,7,xsim,1,3,1,3,23,M1,00,80,640,960,valid,activated_detected,,1,results/step06/raw/full/xsim/run_0011_offset_0640_count_0064.log
F0704,2,SA1,24,0,xsim,1,3,1,3,24,M1,00,01,640,960,valid,activated_detected,,1,results/step06/raw/full/xsim/run_0012_offset_0704_count_0064.log
F0705,2,SA1,24,1,xsim,1,3,1,3,24,M1,00,02,640,960,valid,activated_detected,,1,results/step06/raw/full/xsim/run_0012_offset_0704_count_0064.log
F0706,2,SA1,24,2,xsim,1,3,1,3,24,M1,00,04,640,960,valid,activated_detected,,1,results/step06/raw/full/xsim/run_0012_offset_0704_count_0064.log
F0707,2,SA1,24,3,xsim,1,3,1,3,24,M1,00,08,640,960,valid,activated_detected,,1,results/step06/raw/full/xsim/run_0012_offset_0704_count_0064.log
F0708,2,SA1,24,4,xsim,1,3,1,3,24,M1,00,10,640,960,valid,activated_detected,,1,results/step06/raw/full/xsim/run_0012_offset_0704_count_0064.log
F0709,2,SA1,24,5,xsim,1,3,1,3,24,M1,00,20,640,960,valid,activated_detected,,1,results/step06/raw/full/xsim/run_0012_offset_0704_count_0064.log
F0710,2,SA1,24,6,xsim,1,3,1,3,24,M1,00,40,640,960,valid,activated_detected,,1,results/step06/raw/full/xsim/run_0012_offset_0704_count_0064.log
F0711,2,SA1,24,7,xsim,1,3,1,3,24,M1,00,80,640,960,valid,activated_detected,,1,results/step06/raw/full/xsim/run_0012_offset_0704_count_0064.log
F0712,2,SA1,25,0,xsim,1,3,1,3,25,M1,00,01,640,960,valid,activated_detected,,1,results/step06/raw/full/xsim/run_0012_offset_0704_count_0064.log
F0713,2,SA1,25,1,xsim,1,3,1,3,25,M1,00,02,640,960,valid,activated_detected,,1,results/step06/raw/full/xsim/run_0012_offset_0704_count_0064.log
F0714,2,SA1,25,2,xsim,1,3,1,3,25,M1,00,04,640,960,valid,activated_detected,,1,results/step06/raw/full/xsim/run_0012_offset_0704_count_0064.log
F0715,2,SA1,25,3,xsim,1,3,1,3,25,M1,00,08,640,960,valid,activated_detected,,1,results/step06/raw/full/xsim/run_0012_offset_0704_count_0064.log
F0716,2,SA1,25,4,xsim,1,3,1,3,25,M1,00,10,640,960,valid,activated_detected,,1,results/step06/raw/full/xsim/run_0012_offset_0704_count_0064.log
F0717,2,SA1,25,5,xsim,1,3,1,3,25,M1,00,20,640,960,valid,activated_detected,,1,results/step06/raw/full/xsim/run_0012_offset_0704_count_0064.log
F0718,2,SA1,25,6,xsim,1,3,1,3,25,M1,00,40,640,960,valid,activated_detected,,1,results/step06/raw/full/xsim/run_0012_offset_0704_count_0064.log
F0719,2,SA1,25,7,xsim,1,3,1,3,25,M1,00,80,640,960,valid,activated_detected,,1,results/step06/raw/full/xsim/run_0012_offset_0704_count_0064.log
F0720,2,SA1,26,0,xsim,1,3,1,3,26,M1,00,01,640,960,valid,activated_detected,,1,results/step06/raw/full/xsim/run_0012_offset_0704_count_0064.log
F0721,2,SA1,26,1,xsim,1,3,1,3,26,M1,00,02,640,960,valid,activated_detected,,1,results/step06/raw/full/xsim/run_0012_offset_0704_count_0064.log
F0722,2,SA1,26,2,xsim,1,3,1,3,26,M1,00,04,640,960,valid,activated_detected,,1,results/step06/raw/full/xsim/run_0012_offset_0704_count_0064.log
F0723,2,SA1,26,3,xsim,1,3,1,3,26,M1,00,08,640,960,valid,activated_detected,,1,results/step06/raw/full/xsim/run_0012_offset_0704_count_0064.log
F0724,2,SA1,26,4,xsim,1,3,1,3,26,M1,00,10,640,960,valid,activated_detected,,1,results/step06/raw/full/xsim/run_0012_offset_0704_count_0064.log
F0725,2,SA1,26,5,xsim,1,3,1,3,26,M1,00,20,640,960,valid,activated_detected,,1,results/step06/raw/full/xsim/run_0012_offset_0704_count_0064.log
F0726,2,SA1,26,6,xsim,1,3,1,3,26,M1,00,40,640,960,valid,activated_detected,,1,results/step06/raw/full/xsim/run_0012_offset_0704_count_0064.log
F0727,2,SA1,26,7,xsim,1,3,1,3,26,M1,00,80,640,960,valid,activated_detected,,1,results/step06/raw/full/xsim/run_0012_offset_0704_count_0064.log
F0728,2,SA1,27,0,xsim,1,3,1,3,27,M1,00,01,640,960,valid,activated_detected,,1,results/step06/raw/full/xsim/run_0012_offset_0704_count_0064.log
F0729,2,SA1,27,1,xsim,1,3,1,3,27,M1,00,02,640,960,valid,activated_detected,,1,results/step06/raw/full/xsim/run_0012_offset_0704_count_0064.log
F0730,2,SA1,27,2,xsim,1,3,1,3,27,M1,00,04,640,960,valid,activated_detected,,1,results/step06/raw/full/xsim/run_0012_offset_0704_count_0064.log
F0731,2,SA1,27,3,xsim,1,3,1,3,27,M1,00,08,640,960,valid,activated_detected,,1,results/step06/raw/full/xsim/run_0012_offset_0704_count_0064.log
F0732,2,SA1,27,4,xsim,1,3,1,3,27,M1,00,10,640,960,valid,activated_detected,,1,results/step06/raw/full/xsim/run_0012_offset_0704_count_0064.log
F0733,2,SA1,27,5,xsim,1,3,1,3,27,M1,00,20,640,960,valid,activated_detected,,1,results/step06/raw/full/xsim/run_0012_offset_0704_count_0064.log
F0734,2,SA1,27,6,xsim,1,3,1,3,27,M1,00,40,640,960,valid,activated_detected,,1,results/step06/raw/full/xsim/run_0012_offset_0704_count_0064.log
F0735,2,SA1,27,7,xsim,1,3,1,3,27,M1,00,80,640,960,valid,activated_detected,,1,results/step06/raw/full/xsim/run_0012_offset_0704_count_0064.log
F0736,2,SA1,28,0,xsim,1,3,1,3,28,M1,00,01,640,960,valid,activated_detected,,1,results/step06/raw/full/xsim/run_0012_offset_0704_count_0064.log
F0737,2,SA1,28,1,xsim,1,3,1,3,28,M1,00,02,640,960,valid,activated_detected,,1,results/step06/raw/full/xsim/run_0012_offset_0704_count_0064.log
F0738,2,SA1,28,2,xsim,1,3,1,3,28,M1,00,04,640,960,valid,activated_detected,,1,results/step06/raw/full/xsim/run_0012_offset_0704_count_0064.log
F0739,2,SA1,28,3,xsim,1,3,1,3,28,M1,00,08,640,960,valid,activated_detected,,1,results/step06/raw/full/xsim/run_0012_offset_0704_count_0064.log
F0740,2,SA1,28,4,xsim,1,3,1,3,28,M1,00,10,640,960,valid,activated_detected,,1,results/step06/raw/full/xsim/run_0012_offset_0704_count_0064.log
F0741,2,SA1,28,5,xsim,1,3,1,3,28,M1,00,20,640,960,valid,activated_detected,,1,results/step06/raw/full/xsim/run_0012_offset_0704_count_0064.log
F0742,2,SA1,28,6,xsim,1,3,1,3,28,M1,00,40,640,960,valid,activated_detected,,1,results/step06/raw/full/xsim/run_0012_offset_0704_count_0064.log
F0743,2,SA1,28,7,xsim,1,3,1,3,28,M1,00,80,640,960,valid,activated_detected,,1,results/step06/raw/full/xsim/run_0012_offset_0704_count_0064.log
F0744,2,SA1,29,0,xsim,1,3,1,3,29,M1,00,01,640,960,valid,activated_detected,,1,results/step06/raw/full/xsim/run_0012_offset_0704_count_0064.log
F0745,2,SA1,29,1,xsim,1,3,1,3,29,M1,00,02,640,960,valid,activated_detected,,1,results/step06/raw/full/xsim/run_0012_offset_0704_count_0064.log
F0746,2,SA1,29,2,xsim,1,3,1,3,29,M1,00,04,640,960,valid,activated_detected,,1,results/step06/raw/full/xsim/run_0012_offset_0704_count_0064.log
F0747,2,SA1,29,3,xsim,1,3,1,3,29,M1,00,08,640,960,valid,activated_detected,,1,results/step06/raw/full/xsim/run_0012_offset_0704_count_0064.log
F0748,2,SA1,29,4,xsim,1,3,1,3,29,M1,00,10,640,960,valid,activated_detected,,1,results/step06/raw/full/xsim/run_0012_offset_0704_count_0064.log
F0749,2,SA1,29,5,xsim,1,3,1,3,29,M1,00,20,640,960,valid,activated_detected,,1,results/step06/raw/full/xsim/run_0012_offset_0704_count_0064.log
F0750,2,SA1,29,6,xsim,1,3,1,3,29,M1,00,40,640,960,valid,activated_detected,,1,results/step06/raw/full/xsim/run_0012_offset_0704_count_0064.log
F0751,2,SA1,29,7,xsim,1,3,1,3,29,M1,00,80,640,960,valid,activated_detected,,1,results/step06/raw/full/xsim/run_0012_offset_0704_count_0064.log
F0752,2,SA1,30,0,xsim,1,3,1,3,30,M1,00,01,640,960,valid,activated_detected,,1,results/step06/raw/full/xsim/run_0012_offset_0704_count_0064.log
F0753,2,SA1,30,1,xsim,1,3,1,3,30,M1,00,02,640,960,valid,activated_detected,,1,results/step06/raw/full/xsim/run_0012_offset_0704_count_0064.log
F0754,2,SA1,30,2,xsim,1,3,1,3,30,M1,00,04,640,960,valid,activated_detected,,1,results/step06/raw/full/xsim/run_0012_offset_0704_count_0064.log
F0755,2,SA1,30,3,xsim,1,3,1,3,30,M1,00,08,640,960,valid,activated_detected,,1,results/step06/raw/full/xsim/run_0012_offset_0704_count_0064.log
F0756,2,SA1,30,4,xsim,1,3,1,3,30,M1,00,10,640,960,valid,activated_detected,,1,results/step06/raw/full/xsim/run_0012_offset_0704_count_0064.log
F0757,2,SA1,30,5,xsim,1,3,1,3,30,M1,00,20,640,960,valid,activated_detected,,1,results/step06/raw/full/xsim/run_0012_offset_0704_count_0064.log
F0758,2,SA1,30,6,xsim,1,3,1,3,30,M1,00,40,640,960,valid,activated_detected,,1,results/step06/raw/full/xsim/run_0012_offset_0704_count_0064.log
F0759,2,SA1,30,7,xsim,1,3,1,3,30,M1,00,80,640,960,valid,activated_detected,,1,results/step06/raw/full/xsim/run_0012_offset_0704_count_0064.log
F0760,2,SA1,31,0,xsim,1,3,1,3,31,M1,00,01,640,960,valid,activated_detected,,1,results/step06/raw/full/xsim/run_0012_offset_0704_count_0064.log
F0761,2,SA1,31,1,xsim,1,3,1,3,31,M1,00,02,640,960,valid,activated_detected,,1,results/step06/raw/full/xsim/run_0012_offset_0704_count_0064.log
F0762,2,SA1,31,2,xsim,1,3,1,3,31,M1,00,04,640,960,valid,activated_detected,,1,results/step06/raw/full/xsim/run_0012_offset_0704_count_0064.log
F0763,2,SA1,31,3,xsim,1,3,1,3,31,M1,00,08,640,960,valid,activated_detected,,1,results/step06/raw/full/xsim/run_0012_offset_0704_count_0064.log
F0764,2,SA1,31,4,xsim,1,3,1,3,31,M1,00,10,640,960,valid,activated_detected,,1,results/step06/raw/full/xsim/run_0012_offset_0704_count_0064.log
F0765,2,SA1,31,5,xsim,1,3,1,3,31,M1,00,20,640,960,valid,activated_detected,,1,results/step06/raw/full/xsim/run_0012_offset_0704_count_0064.log
F0766,2,SA1,31,6,xsim,1,3,1,3,31,M1,00,40,640,960,valid,activated_detected,,1,results/step06/raw/full/xsim/run_0012_offset_0704_count_0064.log
F0767,2,SA1,31,7,xsim,1,3,1,3,31,M1,00,80,640,960,valid,activated_detected,,1,results/step06/raw/full/xsim/run_0012_offset_0704_count_0064.log
F0768,2,SA1,32,0,xsim,1,3,1,3,32,M1,00,01,640,960,valid,activated_detected,,1,results/step06/raw/full/xsim/run_0013_offset_0768_count_0064.log
F0769,2,SA1,32,1,xsim,1,3,1,3,32,M1,00,02,640,960,valid,activated_detected,,1,results/step06/raw/full/xsim/run_0013_offset_0768_count_0064.log
F0770,2,SA1,32,2,xsim,1,3,1,3,32,M1,00,04,640,960,valid,activated_detected,,1,results/step06/raw/full/xsim/run_0013_offset_0768_count_0064.log
F0771,2,SA1,32,3,xsim,1,3,1,3,32,M1,00,08,640,960,valid,activated_detected,,1,results/step06/raw/full/xsim/run_0013_offset_0768_count_0064.log
F0772,2,SA1,32,4,xsim,1,3,1,3,32,M1,00,10,640,960,valid,activated_detected,,1,results/step06/raw/full/xsim/run_0013_offset_0768_count_0064.log
F0773,2,SA1,32,5,xsim,1,3,1,3,32,M1,00,20,640,960,valid,activated_detected,,1,results/step06/raw/full/xsim/run_0013_offset_0768_count_0064.log
F0774,2,SA1,32,6,xsim,1,3,1,3,32,M1,00,40,640,960,valid,activated_detected,,1,results/step06/raw/full/xsim/run_0013_offset_0768_count_0064.log
F0775,2,SA1,32,7,xsim,1,3,1,3,32,M1,00,80,640,960,valid,activated_detected,,1,results/step06/raw/full/xsim/run_0013_offset_0768_count_0064.log
F0776,2,SA1,33,0,xsim,1,3,1,3,33,M1,00,01,640,960,valid,activated_detected,,1,results/step06/raw/full/xsim/run_0013_offset_0768_count_0064.log
F0777,2,SA1,33,1,xsim,1,3,1,3,33,M1,00,02,640,960,valid,activated_detected,,1,results/step06/raw/full/xsim/run_0013_offset_0768_count_0064.log
F0778,2,SA1,33,2,xsim,1,3,1,3,33,M1,00,04,640,960,valid,activated_detected,,1,results/step06/raw/full/xsim/run_0013_offset_0768_count_0064.log
F0779,2,SA1,33,3,xsim,1,3,1,3,33,M1,00,08,640,960,valid,activated_detected,,1,results/step06/raw/full/xsim/run_0013_offset_0768_count_0064.log
F0780,2,SA1,33,4,xsim,1,3,1,3,33,M1,00,10,640,960,valid,activated_detected,,1,results/step06/raw/full/xsim/run_0013_offset_0768_count_0064.log
F0781,2,SA1,33,5,xsim,1,3,1,3,33,M1,00,20,640,960,valid,activated_detected,,1,results/step06/raw/full/xsim/run_0013_offset_0768_count_0064.log
F0782,2,SA1,33,6,xsim,1,3,1,3,33,M1,00,40,640,960,valid,activated_detected,,1,results/step06/raw/full/xsim/run_0013_offset_0768_count_0064.log
F0783,2,SA1,33,7,xsim,1,3,1,3,33,M1,00,80,640,960,valid,activated_detected,,1,results/step06/raw/full/xsim/run_0013_offset_0768_count_0064.log
F0784,2,SA1,34,0,xsim,1,3,1,3,34,M1,00,01,640,960,valid,activated_detected,,1,results/step06/raw/full/xsim/run_0013_offset_0768_count_0064.log
F0785,2,SA1,34,1,xsim,1,3,1,3,34,M1,00,02,640,960,valid,activated_detected,,1,results/step06/raw/full/xsim/run_0013_offset_0768_count_0064.log
F0786,2,SA1,34,2,xsim,1,3,1,3,34,M1,00,04,640,960,valid,activated_detected,,1,results/step06/raw/full/xsim/run_0013_offset_0768_count_0064.log
F0787,2,SA1,34,3,xsim,1,3,1,3,34,M1,00,08,640,960,valid,activated_detected,,1,results/step06/raw/full/xsim/run_0013_offset_0768_count_0064.log
F0788,2,SA1,34,4,xsim,1,3,1,3,34,M1,00,10,640,960,valid,activated_detected,,1,results/step06/raw/full/xsim/run_0013_offset_0768_count_0064.log
F0789,2,SA1,34,5,xsim,1,3,1,3,34,M1,00,20,640,960,valid,activated_detected,,1,results/step06/raw/full/xsim/run_0013_offset_0768_count_0064.log
F0790,2,SA1,34,6,xsim,1,3,1,3,34,M1,00,40,640,960,valid,activated_detected,,1,results/step06/raw/full/xsim/run_0013_offset_0768_count_0064.log
F0791,2,SA1,34,7,xsim,1,3,1,3,34,M1,00,80,640,960,valid,activated_detected,,1,results/step06/raw/full/xsim/run_0013_offset_0768_count_0064.log
F0792,2,SA1,35,0,xsim,1,3,1,3,35,M1,00,01,640,960,valid,activated_detected,,1,results/step06/raw/full/xsim/run_0013_offset_0768_count_0064.log
F0793,2,SA1,35,1,xsim,1,3,1,3,35,M1,00,02,640,960,valid,activated_detected,,1,results/step06/raw/full/xsim/run_0013_offset_0768_count_0064.log
F0794,2,SA1,35,2,xsim,1,3,1,3,35,M1,00,04,640,960,valid,activated_detected,,1,results/step06/raw/full/xsim/run_0013_offset_0768_count_0064.log
F0795,2,SA1,35,3,xsim,1,3,1,3,35,M1,00,08,640,960,valid,activated_detected,,1,results/step06/raw/full/xsim/run_0013_offset_0768_count_0064.log
F0796,2,SA1,35,4,xsim,1,3,1,3,35,M1,00,10,640,960,valid,activated_detected,,1,results/step06/raw/full/xsim/run_0013_offset_0768_count_0064.log
F0797,2,SA1,35,5,xsim,1,3,1,3,35,M1,00,20,640,960,valid,activated_detected,,1,results/step06/raw/full/xsim/run_0013_offset_0768_count_0064.log
F0798,2,SA1,35,6,xsim,1,3,1,3,35,M1,00,40,640,960,valid,activated_detected,,1,results/step06/raw/full/xsim/run_0013_offset_0768_count_0064.log
F0799,2,SA1,35,7,xsim,1,3,1,3,35,M1,00,80,640,960,valid,activated_detected,,1,results/step06/raw/full/xsim/run_0013_offset_0768_count_0064.log
F0800,2,SA1,36,0,xsim,1,3,1,3,36,M1,00,01,640,960,valid,activated_detected,,1,results/step06/raw/full/xsim/run_0013_offset_0768_count_0064.log
F0801,2,SA1,36,1,xsim,1,3,1,3,36,M1,00,02,640,960,valid,activated_detected,,1,results/step06/raw/full/xsim/run_0013_offset_0768_count_0064.log
F0802,2,SA1,36,2,xsim,1,3,1,3,36,M1,00,04,640,960,valid,activated_detected,,1,results/step06/raw/full/xsim/run_0013_offset_0768_count_0064.log
F0803,2,SA1,36,3,xsim,1,3,1,3,36,M1,00,08,640,960,valid,activated_detected,,1,results/step06/raw/full/xsim/run_0013_offset_0768_count_0064.log
F0804,2,SA1,36,4,xsim,1,3,1,3,36,M1,00,10,640,960,valid,activated_detected,,1,results/step06/raw/full/xsim/run_0013_offset_0768_count_0064.log
F0805,2,SA1,36,5,xsim,1,3,1,3,36,M1,00,20,640,960,valid,activated_detected,,1,results/step06/raw/full/xsim/run_0013_offset_0768_count_0064.log
F0806,2,SA1,36,6,xsim,1,3,1,3,36,M1,00,40,640,960,valid,activated_detected,,1,results/step06/raw/full/xsim/run_0013_offset_0768_count_0064.log
F0807,2,SA1,36,7,xsim,1,3,1,3,36,M1,00,80,640,960,valid,activated_detected,,1,results/step06/raw/full/xsim/run_0013_offset_0768_count_0064.log
F0808,2,SA1,37,0,xsim,1,3,1,3,37,M1,00,01,640,960,valid,activated_detected,,1,results/step06/raw/full/xsim/run_0013_offset_0768_count_0064.log
F0809,2,SA1,37,1,xsim,1,3,1,3,37,M1,00,02,640,960,valid,activated_detected,,1,results/step06/raw/full/xsim/run_0013_offset_0768_count_0064.log
F0810,2,SA1,37,2,xsim,1,3,1,3,37,M1,00,04,640,960,valid,activated_detected,,1,results/step06/raw/full/xsim/run_0013_offset_0768_count_0064.log
F0811,2,SA1,37,3,xsim,1,3,1,3,37,M1,00,08,640,960,valid,activated_detected,,1,results/step06/raw/full/xsim/run_0013_offset_0768_count_0064.log
F0812,2,SA1,37,4,xsim,1,3,1,3,37,M1,00,10,640,960,valid,activated_detected,,1,results/step06/raw/full/xsim/run_0013_offset_0768_count_0064.log
F0813,2,SA1,37,5,xsim,1,3,1,3,37,M1,00,20,640,960,valid,activated_detected,,1,results/step06/raw/full/xsim/run_0013_offset_0768_count_0064.log
F0814,2,SA1,37,6,xsim,1,3,1,3,37,M1,00,40,640,960,valid,activated_detected,,1,results/step06/raw/full/xsim/run_0013_offset_0768_count_0064.log
F0815,2,SA1,37,7,xsim,1,3,1,3,37,M1,00,80,640,960,valid,activated_detected,,1,results/step06/raw/full/xsim/run_0013_offset_0768_count_0064.log
F0816,2,SA1,38,0,xsim,1,3,1,3,38,M1,00,01,640,960,valid,activated_detected,,1,results/step06/raw/full/xsim/run_0013_offset_0768_count_0064.log
F0817,2,SA1,38,1,xsim,1,3,1,3,38,M1,00,02,640,960,valid,activated_detected,,1,results/step06/raw/full/xsim/run_0013_offset_0768_count_0064.log
F0818,2,SA1,38,2,xsim,1,3,1,3,38,M1,00,04,640,960,valid,activated_detected,,1,results/step06/raw/full/xsim/run_0013_offset_0768_count_0064.log
F0819,2,SA1,38,3,xsim,1,3,1,3,38,M1,00,08,640,960,valid,activated_detected,,1,results/step06/raw/full/xsim/run_0013_offset_0768_count_0064.log
F0820,2,SA1,38,4,xsim,1,3,1,3,38,M1,00,10,640,960,valid,activated_detected,,1,results/step06/raw/full/xsim/run_0013_offset_0768_count_0064.log
F0821,2,SA1,38,5,xsim,1,3,1,3,38,M1,00,20,640,960,valid,activated_detected,,1,results/step06/raw/full/xsim/run_0013_offset_0768_count_0064.log
F0822,2,SA1,38,6,xsim,1,3,1,3,38,M1,00,40,640,960,valid,activated_detected,,1,results/step06/raw/full/xsim/run_0013_offset_0768_count_0064.log
F0823,2,SA1,38,7,xsim,1,3,1,3,38,M1,00,80,640,960,valid,activated_detected,,1,results/step06/raw/full/xsim/run_0013_offset_0768_count_0064.log
F0824,2,SA1,39,0,xsim,1,3,1,3,39,M1,00,01,640,960,valid,activated_detected,,1,results/step06/raw/full/xsim/run_0013_offset_0768_count_0064.log
F0825,2,SA1,39,1,xsim,1,3,1,3,39,M1,00,02,640,960,valid,activated_detected,,1,results/step06/raw/full/xsim/run_0013_offset_0768_count_0064.log
F0826,2,SA1,39,2,xsim,1,3,1,3,39,M1,00,04,640,960,valid,activated_detected,,1,results/step06/raw/full/xsim/run_0013_offset_0768_count_0064.log
F0827,2,SA1,39,3,xsim,1,3,1,3,39,M1,00,08,640,960,valid,activated_detected,,1,results/step06/raw/full/xsim/run_0013_offset_0768_count_0064.log
F0828,2,SA1,39,4,xsim,1,3,1,3,39,M1,00,10,640,960,valid,activated_detected,,1,results/step06/raw/full/xsim/run_0013_offset_0768_count_0064.log
F0829,2,SA1,39,5,xsim,1,3,1,3,39,M1,00,20,640,960,valid,activated_detected,,1,results/step06/raw/full/xsim/run_0013_offset_0768_count_0064.log
F0830,2,SA1,39,6,xsim,1,3,1,3,39,M1,00,40,640,960,valid,activated_detected,,1,results/step06/raw/full/xsim/run_0013_offset_0768_count_0064.log
F0831,2,SA1,39,7,xsim,1,3,1,3,39,M1,00,80,640,960,valid,activated_detected,,1,results/step06/raw/full/xsim/run_0013_offset_0768_count_0064.log
F0832,2,SA1,40,0,xsim,1,3,1,3,40,M1,00,01,640,960,valid,activated_detected,,1,results/step06/raw/full/xsim/run_0014_offset_0832_count_0064.log
F0833,2,SA1,40,1,xsim,1,3,1,3,40,M1,00,02,640,960,valid,activated_detected,,1,results/step06/raw/full/xsim/run_0014_offset_0832_count_0064.log
F0834,2,SA1,40,2,xsim,1,3,1,3,40,M1,00,04,640,960,valid,activated_detected,,1,results/step06/raw/full/xsim/run_0014_offset_0832_count_0064.log
F0835,2,SA1,40,3,xsim,1,3,1,3,40,M1,00,08,640,960,valid,activated_detected,,1,results/step06/raw/full/xsim/run_0014_offset_0832_count_0064.log
F0836,2,SA1,40,4,xsim,1,3,1,3,40,M1,00,10,640,960,valid,activated_detected,,1,results/step06/raw/full/xsim/run_0014_offset_0832_count_0064.log
F0837,2,SA1,40,5,xsim,1,3,1,3,40,M1,00,20,640,960,valid,activated_detected,,1,results/step06/raw/full/xsim/run_0014_offset_0832_count_0064.log
F0838,2,SA1,40,6,xsim,1,3,1,3,40,M1,00,40,640,960,valid,activated_detected,,1,results/step06/raw/full/xsim/run_0014_offset_0832_count_0064.log
F0839,2,SA1,40,7,xsim,1,3,1,3,40,M1,00,80,640,960,valid,activated_detected,,1,results/step06/raw/full/xsim/run_0014_offset_0832_count_0064.log
F0840,2,SA1,41,0,xsim,1,3,1,3,41,M1,00,01,640,960,valid,activated_detected,,1,results/step06/raw/full/xsim/run_0014_offset_0832_count_0064.log
F0841,2,SA1,41,1,xsim,1,3,1,3,41,M1,00,02,640,960,valid,activated_detected,,1,results/step06/raw/full/xsim/run_0014_offset_0832_count_0064.log
F0842,2,SA1,41,2,xsim,1,3,1,3,41,M1,00,04,640,960,valid,activated_detected,,1,results/step06/raw/full/xsim/run_0014_offset_0832_count_0064.log
F0843,2,SA1,41,3,xsim,1,3,1,3,41,M1,00,08,640,960,valid,activated_detected,,1,results/step06/raw/full/xsim/run_0014_offset_0832_count_0064.log
F0844,2,SA1,41,4,xsim,1,3,1,3,41,M1,00,10,640,960,valid,activated_detected,,1,results/step06/raw/full/xsim/run_0014_offset_0832_count_0064.log
F0845,2,SA1,41,5,xsim,1,3,1,3,41,M1,00,20,640,960,valid,activated_detected,,1,results/step06/raw/full/xsim/run_0014_offset_0832_count_0064.log
F0846,2,SA1,41,6,xsim,1,3,1,3,41,M1,00,40,640,960,valid,activated_detected,,1,results/step06/raw/full/xsim/run_0014_offset_0832_count_0064.log
F0847,2,SA1,41,7,xsim,1,3,1,3,41,M1,00,80,640,960,valid,activated_detected,,1,results/step06/raw/full/xsim/run_0014_offset_0832_count_0064.log
F0848,2,SA1,42,0,xsim,1,3,1,3,42,M1,00,01,640,960,valid,activated_detected,,1,results/step06/raw/full/xsim/run_0014_offset_0832_count_0064.log
F0849,2,SA1,42,1,xsim,1,3,1,3,42,M1,00,02,640,960,valid,activated_detected,,1,results/step06/raw/full/xsim/run_0014_offset_0832_count_0064.log
F0850,2,SA1,42,2,xsim,1,3,1,3,42,M1,00,04,640,960,valid,activated_detected,,1,results/step06/raw/full/xsim/run_0014_offset_0832_count_0064.log
F0851,2,SA1,42,3,xsim,1,3,1,3,42,M1,00,08,640,960,valid,activated_detected,,1,results/step06/raw/full/xsim/run_0014_offset_0832_count_0064.log
F0852,2,SA1,42,4,xsim,1,3,1,3,42,M1,00,10,640,960,valid,activated_detected,,1,results/step06/raw/full/xsim/run_0014_offset_0832_count_0064.log
F0853,2,SA1,42,5,xsim,1,3,1,3,42,M1,00,20,640,960,valid,activated_detected,,1,results/step06/raw/full/xsim/run_0014_offset_0832_count_0064.log
F0854,2,SA1,42,6,xsim,1,3,1,3,42,M1,00,40,640,960,valid,activated_detected,,1,results/step06/raw/full/xsim/run_0014_offset_0832_count_0064.log
F0855,2,SA1,42,7,xsim,1,3,1,3,42,M1,00,80,640,960,valid,activated_detected,,1,results/step06/raw/full/xsim/run_0014_offset_0832_count_0064.log
F0856,2,SA1,43,0,xsim,1,3,1,3,43,M1,00,01,640,960,valid,activated_detected,,1,results/step06/raw/full/xsim/run_0014_offset_0832_count_0064.log
F0857,2,SA1,43,1,xsim,1,3,1,3,43,M1,00,02,640,960,valid,activated_detected,,1,results/step06/raw/full/xsim/run_0014_offset_0832_count_0064.log
F0858,2,SA1,43,2,xsim,1,3,1,3,43,M1,00,04,640,960,valid,activated_detected,,1,results/step06/raw/full/xsim/run_0014_offset_0832_count_0064.log
F0859,2,SA1,43,3,xsim,1,3,1,3,43,M1,00,08,640,960,valid,activated_detected,,1,results/step06/raw/full/xsim/run_0014_offset_0832_count_0064.log
F0860,2,SA1,43,4,xsim,1,3,1,3,43,M1,00,10,640,960,valid,activated_detected,,1,results/step06/raw/full/xsim/run_0014_offset_0832_count_0064.log
F0861,2,SA1,43,5,xsim,1,3,1,3,43,M1,00,20,640,960,valid,activated_detected,,1,results/step06/raw/full/xsim/run_0014_offset_0832_count_0064.log
F0862,2,SA1,43,6,xsim,1,3,1,3,43,M1,00,40,640,960,valid,activated_detected,,1,results/step06/raw/full/xsim/run_0014_offset_0832_count_0064.log
F0863,2,SA1,43,7,xsim,1,3,1,3,43,M1,00,80,640,960,valid,activated_detected,,1,results/step06/raw/full/xsim/run_0014_offset_0832_count_0064.log
F0864,2,SA1,44,0,xsim,1,3,1,3,44,M1,00,01,640,960,valid,activated_detected,,1,results/step06/raw/full/xsim/run_0014_offset_0832_count_0064.log
F0865,2,SA1,44,1,xsim,1,3,1,3,44,M1,00,02,640,960,valid,activated_detected,,1,results/step06/raw/full/xsim/run_0014_offset_0832_count_0064.log
F0866,2,SA1,44,2,xsim,1,3,1,3,44,M1,00,04,640,960,valid,activated_detected,,1,results/step06/raw/full/xsim/run_0014_offset_0832_count_0064.log
F0867,2,SA1,44,3,xsim,1,3,1,3,44,M1,00,08,640,960,valid,activated_detected,,1,results/step06/raw/full/xsim/run_0014_offset_0832_count_0064.log
F0868,2,SA1,44,4,xsim,1,3,1,3,44,M1,00,10,640,960,valid,activated_detected,,1,results/step06/raw/full/xsim/run_0014_offset_0832_count_0064.log
F0869,2,SA1,44,5,xsim,1,3,1,3,44,M1,00,20,640,960,valid,activated_detected,,1,results/step06/raw/full/xsim/run_0014_offset_0832_count_0064.log
F0870,2,SA1,44,6,xsim,1,3,1,3,44,M1,00,40,640,960,valid,activated_detected,,1,results/step06/raw/full/xsim/run_0014_offset_0832_count_0064.log
F0871,2,SA1,44,7,xsim,1,3,1,3,44,M1,00,80,640,960,valid,activated_detected,,1,results/step06/raw/full/xsim/run_0014_offset_0832_count_0064.log
F0872,2,SA1,45,0,xsim,1,3,1,3,45,M1,00,01,640,960,valid,activated_detected,,1,results/step06/raw/full/xsim/run_0014_offset_0832_count_0064.log
F0873,2,SA1,45,1,xsim,1,3,1,3,45,M1,00,02,640,960,valid,activated_detected,,1,results/step06/raw/full/xsim/run_0014_offset_0832_count_0064.log
F0874,2,SA1,45,2,xsim,1,3,1,3,45,M1,00,04,640,960,valid,activated_detected,,1,results/step06/raw/full/xsim/run_0014_offset_0832_count_0064.log
F0875,2,SA1,45,3,xsim,1,3,1,3,45,M1,00,08,640,960,valid,activated_detected,,1,results/step06/raw/full/xsim/run_0014_offset_0832_count_0064.log
F0876,2,SA1,45,4,xsim,1,3,1,3,45,M1,00,10,640,960,valid,activated_detected,,1,results/step06/raw/full/xsim/run_0014_offset_0832_count_0064.log
F0877,2,SA1,45,5,xsim,1,3,1,3,45,M1,00,20,640,960,valid,activated_detected,,1,results/step06/raw/full/xsim/run_0014_offset_0832_count_0064.log
F0878,2,SA1,45,6,xsim,1,3,1,3,45,M1,00,40,640,960,valid,activated_detected,,1,results/step06/raw/full/xsim/run_0014_offset_0832_count_0064.log
F0879,2,SA1,45,7,xsim,1,3,1,3,45,M1,00,80,640,960,valid,activated_detected,,1,results/step06/raw/full/xsim/run_0014_offset_0832_count_0064.log
F0880,2,SA1,46,0,xsim,1,3,1,3,46,M1,00,01,640,960,valid,activated_detected,,1,results/step06/raw/full/xsim/run_0014_offset_0832_count_0064.log
F0881,2,SA1,46,1,xsim,1,3,1,3,46,M1,00,02,640,960,valid,activated_detected,,1,results/step06/raw/full/xsim/run_0014_offset_0832_count_0064.log
F0882,2,SA1,46,2,xsim,1,3,1,3,46,M1,00,04,640,960,valid,activated_detected,,1,results/step06/raw/full/xsim/run_0014_offset_0832_count_0064.log
F0883,2,SA1,46,3,xsim,1,3,1,3,46,M1,00,08,640,960,valid,activated_detected,,1,results/step06/raw/full/xsim/run_0014_offset_0832_count_0064.log
F0884,2,SA1,46,4,xsim,1,3,1,3,46,M1,00,10,640,960,valid,activated_detected,,1,results/step06/raw/full/xsim/run_0014_offset_0832_count_0064.log
F0885,2,SA1,46,5,xsim,1,3,1,3,46,M1,00,20,640,960,valid,activated_detected,,1,results/step06/raw/full/xsim/run_0014_offset_0832_count_0064.log
F0886,2,SA1,46,6,xsim,1,3,1,3,46,M1,00,40,640,960,valid,activated_detected,,1,results/step06/raw/full/xsim/run_0014_offset_0832_count_0064.log
F0887,2,SA1,46,7,xsim,1,3,1,3,46,M1,00,80,640,960,valid,activated_detected,,1,results/step06/raw/full/xsim/run_0014_offset_0832_count_0064.log
F0888,2,SA1,47,0,xsim,1,3,1,3,47,M1,00,01,640,960,valid,activated_detected,,1,results/step06/raw/full/xsim/run_0014_offset_0832_count_0064.log
F0889,2,SA1,47,1,xsim,1,3,1,3,47,M1,00,02,640,960,valid,activated_detected,,1,results/step06/raw/full/xsim/run_0014_offset_0832_count_0064.log
F0890,2,SA1,47,2,xsim,1,3,1,3,47,M1,00,04,640,960,valid,activated_detected,,1,results/step06/raw/full/xsim/run_0014_offset_0832_count_0064.log
F0891,2,SA1,47,3,xsim,1,3,1,3,47,M1,00,08,640,960,valid,activated_detected,,1,results/step06/raw/full/xsim/run_0014_offset_0832_count_0064.log
F0892,2,SA1,47,4,xsim,1,3,1,3,47,M1,00,10,640,960,valid,activated_detected,,1,results/step06/raw/full/xsim/run_0014_offset_0832_count_0064.log
F0893,2,SA1,47,5,xsim,1,3,1,3,47,M1,00,20,640,960,valid,activated_detected,,1,results/step06/raw/full/xsim/run_0014_offset_0832_count_0064.log
F0894,2,SA1,47,6,xsim,1,3,1,3,47,M1,00,40,640,960,valid,activated_detected,,1,results/step06/raw/full/xsim/run_0014_offset_0832_count_0064.log
F0895,2,SA1,47,7,xsim,1,3,1,3,47,M1,00,80,640,960,valid,activated_detected,,1,results/step06/raw/full/xsim/run_0014_offset_0832_count_0064.log
F0896,2,SA1,48,0,xsim,1,3,1,3,48,M1,00,01,640,960,valid,activated_detected,,1,results/step06/raw/full/xsim/run_0015_offset_0896_count_0064.log
F0897,2,SA1,48,1,xsim,1,3,1,3,48,M1,00,02,640,960,valid,activated_detected,,1,results/step06/raw/full/xsim/run_0015_offset_0896_count_0064.log
F0898,2,SA1,48,2,xsim,1,3,1,3,48,M1,00,04,640,960,valid,activated_detected,,1,results/step06/raw/full/xsim/run_0015_offset_0896_count_0064.log
F0899,2,SA1,48,3,xsim,1,3,1,3,48,M1,00,08,640,960,valid,activated_detected,,1,results/step06/raw/full/xsim/run_0015_offset_0896_count_0064.log
F0900,2,SA1,48,4,xsim,1,3,1,3,48,M1,00,10,640,960,valid,activated_detected,,1,results/step06/raw/full/xsim/run_0015_offset_0896_count_0064.log
F0901,2,SA1,48,5,xsim,1,3,1,3,48,M1,00,20,640,960,valid,activated_detected,,1,results/step06/raw/full/xsim/run_0015_offset_0896_count_0064.log
F0902,2,SA1,48,6,xsim,1,3,1,3,48,M1,00,40,640,960,valid,activated_detected,,1,results/step06/raw/full/xsim/run_0015_offset_0896_count_0064.log
F0903,2,SA1,48,7,xsim,1,3,1,3,48,M1,00,80,640,960,valid,activated_detected,,1,results/step06/raw/full/xsim/run_0015_offset_0896_count_0064.log
F0904,2,SA1,49,0,xsim,1,3,1,3,49,M1,00,01,640,960,valid,activated_detected,,1,results/step06/raw/full/xsim/run_0015_offset_0896_count_0064.log
F0905,2,SA1,49,1,xsim,1,3,1,3,49,M1,00,02,640,960,valid,activated_detected,,1,results/step06/raw/full/xsim/run_0015_offset_0896_count_0064.log
F0906,2,SA1,49,2,xsim,1,3,1,3,49,M1,00,04,640,960,valid,activated_detected,,1,results/step06/raw/full/xsim/run_0015_offset_0896_count_0064.log
F0907,2,SA1,49,3,xsim,1,3,1,3,49,M1,00,08,640,960,valid,activated_detected,,1,results/step06/raw/full/xsim/run_0015_offset_0896_count_0064.log
F0908,2,SA1,49,4,xsim,1,3,1,3,49,M1,00,10,640,960,valid,activated_detected,,1,results/step06/raw/full/xsim/run_0015_offset_0896_count_0064.log
F0909,2,SA1,49,5,xsim,1,3,1,3,49,M1,00,20,640,960,valid,activated_detected,,1,results/step06/raw/full/xsim/run_0015_offset_0896_count_0064.log
F0910,2,SA1,49,6,xsim,1,3,1,3,49,M1,00,40,640,960,valid,activated_detected,,1,results/step06/raw/full/xsim/run_0015_offset_0896_count_0064.log
F0911,2,SA1,49,7,xsim,1,3,1,3,49,M1,00,80,640,960,valid,activated_detected,,1,results/step06/raw/full/xsim/run_0015_offset_0896_count_0064.log
F0912,2,SA1,50,0,xsim,1,3,1,3,50,M1,00,01,640,960,valid,activated_detected,,1,results/step06/raw/full/xsim/run_0015_offset_0896_count_0064.log
F0913,2,SA1,50,1,xsim,1,3,1,3,50,M1,00,02,640,960,valid,activated_detected,,1,results/step06/raw/full/xsim/run_0015_offset_0896_count_0064.log
F0914,2,SA1,50,2,xsim,1,3,1,3,50,M1,00,04,640,960,valid,activated_detected,,1,results/step06/raw/full/xsim/run_0015_offset_0896_count_0064.log
F0915,2,SA1,50,3,xsim,1,3,1,3,50,M1,00,08,640,960,valid,activated_detected,,1,results/step06/raw/full/xsim/run_0015_offset_0896_count_0064.log
F0916,2,SA1,50,4,xsim,1,3,1,3,50,M1,00,10,640,960,valid,activated_detected,,1,results/step06/raw/full/xsim/run_0015_offset_0896_count_0064.log
F0917,2,SA1,50,5,xsim,1,3,1,3,50,M1,00,20,640,960,valid,activated_detected,,1,results/step06/raw/full/xsim/run_0015_offset_0896_count_0064.log
F0918,2,SA1,50,6,xsim,1,3,1,3,50,M1,00,40,640,960,valid,activated_detected,,1,results/step06/raw/full/xsim/run_0015_offset_0896_count_0064.log
F0919,2,SA1,50,7,xsim,1,3,1,3,50,M1,00,80,640,960,valid,activated_detected,,1,results/step06/raw/full/xsim/run_0015_offset_0896_count_0064.log
F0920,2,SA1,51,0,xsim,1,3,1,3,51,M1,00,01,640,960,valid,activated_detected,,1,results/step06/raw/full/xsim/run_0015_offset_0896_count_0064.log
F0921,2,SA1,51,1,xsim,1,3,1,3,51,M1,00,02,640,960,valid,activated_detected,,1,results/step06/raw/full/xsim/run_0015_offset_0896_count_0064.log
F0922,2,SA1,51,2,xsim,1,3,1,3,51,M1,00,04,640,960,valid,activated_detected,,1,results/step06/raw/full/xsim/run_0015_offset_0896_count_0064.log
F0923,2,SA1,51,3,xsim,1,3,1,3,51,M1,00,08,640,960,valid,activated_detected,,1,results/step06/raw/full/xsim/run_0015_offset_0896_count_0064.log
F0924,2,SA1,51,4,xsim,1,3,1,3,51,M1,00,10,640,960,valid,activated_detected,,1,results/step06/raw/full/xsim/run_0015_offset_0896_count_0064.log
F0925,2,SA1,51,5,xsim,1,3,1,3,51,M1,00,20,640,960,valid,activated_detected,,1,results/step06/raw/full/xsim/run_0015_offset_0896_count_0064.log
F0926,2,SA1,51,6,xsim,1,3,1,3,51,M1,00,40,640,960,valid,activated_detected,,1,results/step06/raw/full/xsim/run_0015_offset_0896_count_0064.log
F0927,2,SA1,51,7,xsim,1,3,1,3,51,M1,00,80,640,960,valid,activated_detected,,1,results/step06/raw/full/xsim/run_0015_offset_0896_count_0064.log
F0928,2,SA1,52,0,xsim,1,3,1,3,52,M1,00,01,640,960,valid,activated_detected,,1,results/step06/raw/full/xsim/run_0015_offset_0896_count_0064.log
F0929,2,SA1,52,1,xsim,1,3,1,3,52,M1,00,02,640,960,valid,activated_detected,,1,results/step06/raw/full/xsim/run_0015_offset_0896_count_0064.log
F0930,2,SA1,52,2,xsim,1,3,1,3,52,M1,00,04,640,960,valid,activated_detected,,1,results/step06/raw/full/xsim/run_0015_offset_0896_count_0064.log
F0931,2,SA1,52,3,xsim,1,3,1,3,52,M1,00,08,640,960,valid,activated_detected,,1,results/step06/raw/full/xsim/run_0015_offset_0896_count_0064.log
F0932,2,SA1,52,4,xsim,1,3,1,3,52,M1,00,10,640,960,valid,activated_detected,,1,results/step06/raw/full/xsim/run_0015_offset_0896_count_0064.log
F0933,2,SA1,52,5,xsim,1,3,1,3,52,M1,00,20,640,960,valid,activated_detected,,1,results/step06/raw/full/xsim/run_0015_offset_0896_count_0064.log
F0934,2,SA1,52,6,xsim,1,3,1,3,52,M1,00,40,640,960,valid,activated_detected,,1,results/step06/raw/full/xsim/run_0015_offset_0896_count_0064.log
F0935,2,SA1,52,7,xsim,1,3,1,3,52,M1,00,80,640,960,valid,activated_detected,,1,results/step06/raw/full/xsim/run_0015_offset_0896_count_0064.log
F0936,2,SA1,53,0,xsim,1,3,1,3,53,M1,00,01,640,960,valid,activated_detected,,1,results/step06/raw/full/xsim/run_0015_offset_0896_count_0064.log
F0937,2,SA1,53,1,xsim,1,3,1,3,53,M1,00,02,640,960,valid,activated_detected,,1,results/step06/raw/full/xsim/run_0015_offset_0896_count_0064.log
F0938,2,SA1,53,2,xsim,1,3,1,3,53,M1,00,04,640,960,valid,activated_detected,,1,results/step06/raw/full/xsim/run_0015_offset_0896_count_0064.log
F0939,2,SA1,53,3,xsim,1,3,1,3,53,M1,00,08,640,960,valid,activated_detected,,1,results/step06/raw/full/xsim/run_0015_offset_0896_count_0064.log
F0940,2,SA1,53,4,xsim,1,3,1,3,53,M1,00,10,640,960,valid,activated_detected,,1,results/step06/raw/full/xsim/run_0015_offset_0896_count_0064.log
F0941,2,SA1,53,5,xsim,1,3,1,3,53,M1,00,20,640,960,valid,activated_detected,,1,results/step06/raw/full/xsim/run_0015_offset_0896_count_0064.log
F0942,2,SA1,53,6,xsim,1,3,1,3,53,M1,00,40,640,960,valid,activated_detected,,1,results/step06/raw/full/xsim/run_0015_offset_0896_count_0064.log
F0943,2,SA1,53,7,xsim,1,3,1,3,53,M1,00,80,640,960,valid,activated_detected,,1,results/step06/raw/full/xsim/run_0015_offset_0896_count_0064.log
F0944,2,SA1,54,0,xsim,1,3,1,3,54,M1,00,01,640,960,valid,activated_detected,,1,results/step06/raw/full/xsim/run_0015_offset_0896_count_0064.log
F0945,2,SA1,54,1,xsim,1,3,1,3,54,M1,00,02,640,960,valid,activated_detected,,1,results/step06/raw/full/xsim/run_0015_offset_0896_count_0064.log
F0946,2,SA1,54,2,xsim,1,3,1,3,54,M1,00,04,640,960,valid,activated_detected,,1,results/step06/raw/full/xsim/run_0015_offset_0896_count_0064.log
F0947,2,SA1,54,3,xsim,1,3,1,3,54,M1,00,08,640,960,valid,activated_detected,,1,results/step06/raw/full/xsim/run_0015_offset_0896_count_0064.log
F0948,2,SA1,54,4,xsim,1,3,1,3,54,M1,00,10,640,960,valid,activated_detected,,1,results/step06/raw/full/xsim/run_0015_offset_0896_count_0064.log
F0949,2,SA1,54,5,xsim,1,3,1,3,54,M1,00,20,640,960,valid,activated_detected,,1,results/step06/raw/full/xsim/run_0015_offset_0896_count_0064.log
F0950,2,SA1,54,6,xsim,1,3,1,3,54,M1,00,40,640,960,valid,activated_detected,,1,results/step06/raw/full/xsim/run_0015_offset_0896_count_0064.log
F0951,2,SA1,54,7,xsim,1,3,1,3,54,M1,00,80,640,960,valid,activated_detected,,1,results/step06/raw/full/xsim/run_0015_offset_0896_count_0064.log
F0952,2,SA1,55,0,xsim,1,3,1,3,55,M1,00,01,640,960,valid,activated_detected,,1,results/step06/raw/full/xsim/run_0015_offset_0896_count_0064.log
F0953,2,SA1,55,1,xsim,1,3,1,3,55,M1,00,02,640,960,valid,activated_detected,,1,results/step06/raw/full/xsim/run_0015_offset_0896_count_0064.log
F0954,2,SA1,55,2,xsim,1,3,1,3,55,M1,00,04,640,960,valid,activated_detected,,1,results/step06/raw/full/xsim/run_0015_offset_0896_count_0064.log
F0955,2,SA1,55,3,xsim,1,3,1,3,55,M1,00,08,640,960,valid,activated_detected,,1,results/step06/raw/full/xsim/run_0015_offset_0896_count_0064.log
F0956,2,SA1,55,4,xsim,1,3,1,3,55,M1,00,10,640,960,valid,activated_detected,,1,results/step06/raw/full/xsim/run_0015_offset_0896_count_0064.log
F0957,2,SA1,55,5,xsim,1,3,1,3,55,M1,00,20,640,960,valid,activated_detected,,1,results/step06/raw/full/xsim/run_0015_offset_0896_count_0064.log
F0958,2,SA1,55,6,xsim,1,3,1,3,55,M1,00,40,640,960,valid,activated_detected,,1,results/step06/raw/full/xsim/run_0015_offset_0896_count_0064.log
F0959,2,SA1,55,7,xsim,1,3,1,3,55,M1,00,80,640,960,valid,activated_detected,,1,results/step06/raw/full/xsim/run_0015_offset_0896_count_0064.log
F0960,2,SA1,56,0,xsim,1,3,1,3,56,M1,00,01,640,960,valid,activated_detected,,1,results/step06/raw/full/xsim/run_0016_offset_0960_count_0064.log
F0961,2,SA1,56,1,xsim,1,3,1,3,56,M1,00,02,640,960,valid,activated_detected,,1,results/step06/raw/full/xsim/run_0016_offset_0960_count_0064.log
F0962,2,SA1,56,2,xsim,1,3,1,3,56,M1,00,04,640,960,valid,activated_detected,,1,results/step06/raw/full/xsim/run_0016_offset_0960_count_0064.log
F0963,2,SA1,56,3,xsim,1,3,1,3,56,M1,00,08,640,960,valid,activated_detected,,1,results/step06/raw/full/xsim/run_0016_offset_0960_count_0064.log
F0964,2,SA1,56,4,xsim,1,3,1,3,56,M1,00,10,640,960,valid,activated_detected,,1,results/step06/raw/full/xsim/run_0016_offset_0960_count_0064.log
F0965,2,SA1,56,5,xsim,1,3,1,3,56,M1,00,20,640,960,valid,activated_detected,,1,results/step06/raw/full/xsim/run_0016_offset_0960_count_0064.log
F0966,2,SA1,56,6,xsim,1,3,1,3,56,M1,00,40,640,960,valid,activated_detected,,1,results/step06/raw/full/xsim/run_0016_offset_0960_count_0064.log
F0967,2,SA1,56,7,xsim,1,3,1,3,56,M1,00,80,640,960,valid,activated_detected,,1,results/step06/raw/full/xsim/run_0016_offset_0960_count_0064.log
F0968,2,SA1,57,0,xsim,1,3,1,3,57,M1,00,01,640,960,valid,activated_detected,,1,results/step06/raw/full/xsim/run_0016_offset_0960_count_0064.log
F0969,2,SA1,57,1,xsim,1,3,1,3,57,M1,00,02,640,960,valid,activated_detected,,1,results/step06/raw/full/xsim/run_0016_offset_0960_count_0064.log
F0970,2,SA1,57,2,xsim,1,3,1,3,57,M1,00,04,640,960,valid,activated_detected,,1,results/step06/raw/full/xsim/run_0016_offset_0960_count_0064.log
F0971,2,SA1,57,3,xsim,1,3,1,3,57,M1,00,08,640,960,valid,activated_detected,,1,results/step06/raw/full/xsim/run_0016_offset_0960_count_0064.log
F0972,2,SA1,57,4,xsim,1,3,1,3,57,M1,00,10,640,960,valid,activated_detected,,1,results/step06/raw/full/xsim/run_0016_offset_0960_count_0064.log
F0973,2,SA1,57,5,xsim,1,3,1,3,57,M1,00,20,640,960,valid,activated_detected,,1,results/step06/raw/full/xsim/run_0016_offset_0960_count_0064.log
F0974,2,SA1,57,6,xsim,1,3,1,3,57,M1,00,40,640,960,valid,activated_detected,,1,results/step06/raw/full/xsim/run_0016_offset_0960_count_0064.log
F0975,2,SA1,57,7,xsim,1,3,1,3,57,M1,00,80,640,960,valid,activated_detected,,1,results/step06/raw/full/xsim/run_0016_offset_0960_count_0064.log
F0976,2,SA1,58,0,xsim,1,3,1,3,58,M1,00,01,640,960,valid,activated_detected,,1,results/step06/raw/full/xsim/run_0016_offset_0960_count_0064.log
F0977,2,SA1,58,1,xsim,1,3,1,3,58,M1,00,02,640,960,valid,activated_detected,,1,results/step06/raw/full/xsim/run_0016_offset_0960_count_0064.log
F0978,2,SA1,58,2,xsim,1,3,1,3,58,M1,00,04,640,960,valid,activated_detected,,1,results/step06/raw/full/xsim/run_0016_offset_0960_count_0064.log
F0979,2,SA1,58,3,xsim,1,3,1,3,58,M1,00,08,640,960,valid,activated_detected,,1,results/step06/raw/full/xsim/run_0016_offset_0960_count_0064.log
F0980,2,SA1,58,4,xsim,1,3,1,3,58,M1,00,10,640,960,valid,activated_detected,,1,results/step06/raw/full/xsim/run_0016_offset_0960_count_0064.log
F0981,2,SA1,58,5,xsim,1,3,1,3,58,M1,00,20,640,960,valid,activated_detected,,1,results/step06/raw/full/xsim/run_0016_offset_0960_count_0064.log
F0982,2,SA1,58,6,xsim,1,3,1,3,58,M1,00,40,640,960,valid,activated_detected,,1,results/step06/raw/full/xsim/run_0016_offset_0960_count_0064.log
F0983,2,SA1,58,7,xsim,1,3,1,3,58,M1,00,80,640,960,valid,activated_detected,,1,results/step06/raw/full/xsim/run_0016_offset_0960_count_0064.log
F0984,2,SA1,59,0,xsim,1,3,1,3,59,M1,00,01,640,960,valid,activated_detected,,1,results/step06/raw/full/xsim/run_0016_offset_0960_count_0064.log
F0985,2,SA1,59,1,xsim,1,3,1,3,59,M1,00,02,640,960,valid,activated_detected,,1,results/step06/raw/full/xsim/run_0016_offset_0960_count_0064.log
F0986,2,SA1,59,2,xsim,1,3,1,3,59,M1,00,04,640,960,valid,activated_detected,,1,results/step06/raw/full/xsim/run_0016_offset_0960_count_0064.log
F0987,2,SA1,59,3,xsim,1,3,1,3,59,M1,00,08,640,960,valid,activated_detected,,1,results/step06/raw/full/xsim/run_0016_offset_0960_count_0064.log
F0988,2,SA1,59,4,xsim,1,3,1,3,59,M1,00,10,640,960,valid,activated_detected,,1,results/step06/raw/full/xsim/run_0016_offset_0960_count_0064.log
F0989,2,SA1,59,5,xsim,1,3,1,3,59,M1,00,20,640,960,valid,activated_detected,,1,results/step06/raw/full/xsim/run_0016_offset_0960_count_0064.log
F0990,2,SA1,59,6,xsim,1,3,1,3,59,M1,00,40,640,960,valid,activated_detected,,1,results/step06/raw/full/xsim/run_0016_offset_0960_count_0064.log
F0991,2,SA1,59,7,xsim,1,3,1,3,59,M1,00,80,640,960,valid,activated_detected,,1,results/step06/raw/full/xsim/run_0016_offset_0960_count_0064.log
F0992,2,SA1,60,0,xsim,1,3,1,3,60,M1,00,01,640,960,valid,activated_detected,,1,results/step06/raw/full/xsim/run_0016_offset_0960_count_0064.log
F0993,2,SA1,60,1,xsim,1,3,1,3,60,M1,00,02,640,960,valid,activated_detected,,1,results/step06/raw/full/xsim/run_0016_offset_0960_count_0064.log
F0994,2,SA1,60,2,xsim,1,3,1,3,60,M1,00,04,640,960,valid,activated_detected,,1,results/step06/raw/full/xsim/run_0016_offset_0960_count_0064.log
F0995,2,SA1,60,3,xsim,1,3,1,3,60,M1,00,08,640,960,valid,activated_detected,,1,results/step06/raw/full/xsim/run_0016_offset_0960_count_0064.log
F0996,2,SA1,60,4,xsim,1,3,1,3,60,M1,00,10,640,960,valid,activated_detected,,1,results/step06/raw/full/xsim/run_0016_offset_0960_count_0064.log
F0997,2,SA1,60,5,xsim,1,3,1,3,60,M1,00,20,640,960,valid,activated_detected,,1,results/step06/raw/full/xsim/run_0016_offset_0960_count_0064.log
F0998,2,SA1,60,6,xsim,1,3,1,3,60,M1,00,40,640,960,valid,activated_detected,,1,results/step06/raw/full/xsim/run_0016_offset_0960_count_0064.log
F0999,2,SA1,60,7,xsim,1,3,1,3,60,M1,00,80,640,960,valid,activated_detected,,1,results/step06/raw/full/xsim/run_0016_offset_0960_count_0064.log
F1000,2,SA1,61,0,xsim,1,3,1,3,61,M1,00,01,640,960,valid,activated_detected,,1,results/step06/raw/full/xsim/run_0016_offset_0960_count_0064.log
F1001,2,SA1,61,1,xsim,1,3,1,3,61,M1,00,02,640,960,valid,activated_detected,,1,results/step06/raw/full/xsim/run_0016_offset_0960_count_0064.log
F1002,2,SA1,61,2,xsim,1,3,1,3,61,M1,00,04,640,960,valid,activated_detected,,1,results/step06/raw/full/xsim/run_0016_offset_0960_count_0064.log
F1003,2,SA1,61,3,xsim,1,3,1,3,61,M1,00,08,640,960,valid,activated_detected,,1,results/step06/raw/full/xsim/run_0016_offset_0960_count_0064.log
F1004,2,SA1,61,4,xsim,1,3,1,3,61,M1,00,10,640,960,valid,activated_detected,,1,results/step06/raw/full/xsim/run_0016_offset_0960_count_0064.log
F1005,2,SA1,61,5,xsim,1,3,1,3,61,M1,00,20,640,960,valid,activated_detected,,1,results/step06/raw/full/xsim/run_0016_offset_0960_count_0064.log
F1006,2,SA1,61,6,xsim,1,3,1,3,61,M1,00,40,640,960,valid,activated_detected,,1,results/step06/raw/full/xsim/run_0016_offset_0960_count_0064.log
F1007,2,SA1,61,7,xsim,1,3,1,3,61,M1,00,80,640,960,valid,activated_detected,,1,results/step06/raw/full/xsim/run_0016_offset_0960_count_0064.log
F1008,2,SA1,62,0,xsim,1,3,1,3,62,M1,00,01,640,960,valid,activated_detected,,1,results/step06/raw/full/xsim/run_0016_offset_0960_count_0064.log
F1009,2,SA1,62,1,xsim,1,3,1,3,62,M1,00,02,640,960,valid,activated_detected,,1,results/step06/raw/full/xsim/run_0016_offset_0960_count_0064.log
F1010,2,SA1,62,2,xsim,1,3,1,3,62,M1,00,04,640,960,valid,activated_detected,,1,results/step06/raw/full/xsim/run_0016_offset_0960_count_0064.log
F1011,2,SA1,62,3,xsim,1,3,1,3,62,M1,00,08,640,960,valid,activated_detected,,1,results/step06/raw/full/xsim/run_0016_offset_0960_count_0064.log
F1012,2,SA1,62,4,xsim,1,3,1,3,62,M1,00,10,640,960,valid,activated_detected,,1,results/step06/raw/full/xsim/run_0016_offset_0960_count_0064.log
F1013,2,SA1,62,5,xsim,1,3,1,3,62,M1,00,20,640,960,valid,activated_detected,,1,results/step06/raw/full/xsim/run_0016_offset_0960_count_0064.log
F1014,2,SA1,62,6,xsim,1,3,1,3,62,M1,00,40,640,960,valid,activated_detected,,1,results/step06/raw/full/xsim/run_0016_offset_0960_count_0064.log
F1015,2,SA1,62,7,xsim,1,3,1,3,62,M1,00,80,640,960,valid,activated_detected,,1,results/step06/raw/full/xsim/run_0016_offset_0960_count_0064.log
F1016,2,SA1,63,0,xsim,1,3,1,3,63,M1,00,01,640,960,valid,activated_detected,,1,results/step06/raw/full/xsim/run_0016_offset_0960_count_0064.log
F1017,2,SA1,63,1,xsim,1,3,1,3,63,M1,00,02,640,960,valid,activated_detected,,1,results/step06/raw/full/xsim/run_0016_offset_0960_count_0064.log
F1018,2,SA1,63,2,xsim,1,3,1,3,63,M1,00,04,640,960,valid,activated_detected,,1,results/step06/raw/full/xsim/run_0016_offset_0960_count_0064.log
F1019,2,SA1,63,3,xsim,1,3,1,3,63,M1,00,08,640,960,valid,activated_detected,,1,results/step06/raw/full/xsim/run_0016_offset_0960_count_0064.log
F1020,2,SA1,63,4,xsim,1,3,1,3,63,M1,00,10,640,960,valid,activated_detected,,1,results/step06/raw/full/xsim/run_0016_offset_0960_count_0064.log
F1021,2,SA1,63,5,xsim,1,3,1,3,63,M1,00,20,640,960,valid,activated_detected,,1,results/step06/raw/full/xsim/run_0016_offset_0960_count_0064.log
F1022,2,SA1,63,6,xsim,1,3,1,3,63,M1,00,40,640,960,valid,activated_detected,,1,results/step06/raw/full/xsim/run_0016_offset_0960_count_0064.log
F1023,2,SA1,63,7,xsim,1,3,1,3,63,M1,00,80,640,960,valid,activated_detected,,1,results/step06/raw/full/xsim/run_0016_offset_0960_count_0064.log
F1024,3,Rising_TF,0,0,xsim,1,2,1,2,0,M2,FF,FE,640,960,valid,activated_detected,,1,results/step06/raw/full/xsim/run_0017_offset_1024_count_0064.log
F1025,3,Rising_TF,0,1,xsim,1,2,1,2,0,M2,FF,FD,640,960,valid,activated_detected,,1,results/step06/raw/full/xsim/run_0017_offset_1024_count_0064.log
F1026,3,Rising_TF,0,2,xsim,1,2,1,2,0,M2,FF,FB,640,960,valid,activated_detected,,1,results/step06/raw/full/xsim/run_0017_offset_1024_count_0064.log
F1027,3,Rising_TF,0,3,xsim,1,2,1,2,0,M2,FF,F7,640,960,valid,activated_detected,,1,results/step06/raw/full/xsim/run_0017_offset_1024_count_0064.log
F1028,3,Rising_TF,0,4,xsim,1,2,1,2,0,M2,FF,EF,640,960,valid,activated_detected,,1,results/step06/raw/full/xsim/run_0017_offset_1024_count_0064.log
F1029,3,Rising_TF,0,5,xsim,1,2,1,2,0,M2,FF,DF,640,960,valid,activated_detected,,1,results/step06/raw/full/xsim/run_0017_offset_1024_count_0064.log
F1030,3,Rising_TF,0,6,xsim,1,2,1,2,0,M2,FF,BF,640,960,valid,activated_detected,,1,results/step06/raw/full/xsim/run_0017_offset_1024_count_0064.log
F1031,3,Rising_TF,0,7,xsim,1,2,1,2,0,M2,FF,7F,640,960,valid,activated_detected,,1,results/step06/raw/full/xsim/run_0017_offset_1024_count_0064.log
F1032,3,Rising_TF,1,0,xsim,1,2,1,2,1,M2,FF,FE,640,960,valid,activated_detected,,1,results/step06/raw/full/xsim/run_0017_offset_1024_count_0064.log
F1033,3,Rising_TF,1,1,xsim,1,2,1,2,1,M2,FF,FD,640,960,valid,activated_detected,,1,results/step06/raw/full/xsim/run_0017_offset_1024_count_0064.log
F1034,3,Rising_TF,1,2,xsim,1,2,1,2,1,M2,FF,FB,640,960,valid,activated_detected,,1,results/step06/raw/full/xsim/run_0017_offset_1024_count_0064.log
F1035,3,Rising_TF,1,3,xsim,1,2,1,2,1,M2,FF,F7,640,960,valid,activated_detected,,1,results/step06/raw/full/xsim/run_0017_offset_1024_count_0064.log
F1036,3,Rising_TF,1,4,xsim,1,2,1,2,1,M2,FF,EF,640,960,valid,activated_detected,,1,results/step06/raw/full/xsim/run_0017_offset_1024_count_0064.log
F1037,3,Rising_TF,1,5,xsim,1,2,1,2,1,M2,FF,DF,640,960,valid,activated_detected,,1,results/step06/raw/full/xsim/run_0017_offset_1024_count_0064.log
F1038,3,Rising_TF,1,6,xsim,1,2,1,2,1,M2,FF,BF,640,960,valid,activated_detected,,1,results/step06/raw/full/xsim/run_0017_offset_1024_count_0064.log
F1039,3,Rising_TF,1,7,xsim,1,2,1,2,1,M2,FF,7F,640,960,valid,activated_detected,,1,results/step06/raw/full/xsim/run_0017_offset_1024_count_0064.log
F1040,3,Rising_TF,2,0,xsim,1,2,1,2,2,M2,FF,FE,640,960,valid,activated_detected,,1,results/step06/raw/full/xsim/run_0017_offset_1024_count_0064.log
F1041,3,Rising_TF,2,1,xsim,1,2,1,2,2,M2,FF,FD,640,960,valid,activated_detected,,1,results/step06/raw/full/xsim/run_0017_offset_1024_count_0064.log
F1042,3,Rising_TF,2,2,xsim,1,2,1,2,2,M2,FF,FB,640,960,valid,activated_detected,,1,results/step06/raw/full/xsim/run_0017_offset_1024_count_0064.log
F1043,3,Rising_TF,2,3,xsim,1,2,1,2,2,M2,FF,F7,640,960,valid,activated_detected,,1,results/step06/raw/full/xsim/run_0017_offset_1024_count_0064.log
F1044,3,Rising_TF,2,4,xsim,1,2,1,2,2,M2,FF,EF,640,960,valid,activated_detected,,1,results/step06/raw/full/xsim/run_0017_offset_1024_count_0064.log
F1045,3,Rising_TF,2,5,xsim,1,2,1,2,2,M2,FF,DF,640,960,valid,activated_detected,,1,results/step06/raw/full/xsim/run_0017_offset_1024_count_0064.log
F1046,3,Rising_TF,2,6,xsim,1,2,1,2,2,M2,FF,BF,640,960,valid,activated_detected,,1,results/step06/raw/full/xsim/run_0017_offset_1024_count_0064.log
F1047,3,Rising_TF,2,7,xsim,1,2,1,2,2,M2,FF,7F,640,960,valid,activated_detected,,1,results/step06/raw/full/xsim/run_0017_offset_1024_count_0064.log
F1048,3,Rising_TF,3,0,xsim,1,2,1,2,3,M2,FF,FE,640,960,valid,activated_detected,,1,results/step06/raw/full/xsim/run_0017_offset_1024_count_0064.log
F1049,3,Rising_TF,3,1,xsim,1,2,1,2,3,M2,FF,FD,640,960,valid,activated_detected,,1,results/step06/raw/full/xsim/run_0017_offset_1024_count_0064.log
F1050,3,Rising_TF,3,2,xsim,1,2,1,2,3,M2,FF,FB,640,960,valid,activated_detected,,1,results/step06/raw/full/xsim/run_0017_offset_1024_count_0064.log
F1051,3,Rising_TF,3,3,xsim,1,2,1,2,3,M2,FF,F7,640,960,valid,activated_detected,,1,results/step06/raw/full/xsim/run_0017_offset_1024_count_0064.log
F1052,3,Rising_TF,3,4,xsim,1,2,1,2,3,M2,FF,EF,640,960,valid,activated_detected,,1,results/step06/raw/full/xsim/run_0017_offset_1024_count_0064.log
F1053,3,Rising_TF,3,5,xsim,1,2,1,2,3,M2,FF,DF,640,960,valid,activated_detected,,1,results/step06/raw/full/xsim/run_0017_offset_1024_count_0064.log
F1054,3,Rising_TF,3,6,xsim,1,2,1,2,3,M2,FF,BF,640,960,valid,activated_detected,,1,results/step06/raw/full/xsim/run_0017_offset_1024_count_0064.log
F1055,3,Rising_TF,3,7,xsim,1,2,1,2,3,M2,FF,7F,640,960,valid,activated_detected,,1,results/step06/raw/full/xsim/run_0017_offset_1024_count_0064.log
F1056,3,Rising_TF,4,0,xsim,1,2,1,2,4,M2,FF,FE,640,960,valid,activated_detected,,1,results/step06/raw/full/xsim/run_0017_offset_1024_count_0064.log
F1057,3,Rising_TF,4,1,xsim,1,2,1,2,4,M2,FF,FD,640,960,valid,activated_detected,,1,results/step06/raw/full/xsim/run_0017_offset_1024_count_0064.log
F1058,3,Rising_TF,4,2,xsim,1,2,1,2,4,M2,FF,FB,640,960,valid,activated_detected,,1,results/step06/raw/full/xsim/run_0017_offset_1024_count_0064.log
F1059,3,Rising_TF,4,3,xsim,1,2,1,2,4,M2,FF,F7,640,960,valid,activated_detected,,1,results/step06/raw/full/xsim/run_0017_offset_1024_count_0064.log
F1060,3,Rising_TF,4,4,xsim,1,2,1,2,4,M2,FF,EF,640,960,valid,activated_detected,,1,results/step06/raw/full/xsim/run_0017_offset_1024_count_0064.log
F1061,3,Rising_TF,4,5,xsim,1,2,1,2,4,M2,FF,DF,640,960,valid,activated_detected,,1,results/step06/raw/full/xsim/run_0017_offset_1024_count_0064.log
F1062,3,Rising_TF,4,6,xsim,1,2,1,2,4,M2,FF,BF,640,960,valid,activated_detected,,1,results/step06/raw/full/xsim/run_0017_offset_1024_count_0064.log
F1063,3,Rising_TF,4,7,xsim,1,2,1,2,4,M2,FF,7F,640,960,valid,activated_detected,,1,results/step06/raw/full/xsim/run_0017_offset_1024_count_0064.log
F1064,3,Rising_TF,5,0,xsim,1,2,1,2,5,M2,FF,FE,640,960,valid,activated_detected,,1,results/step06/raw/full/xsim/run_0017_offset_1024_count_0064.log
F1065,3,Rising_TF,5,1,xsim,1,2,1,2,5,M2,FF,FD,640,960,valid,activated_detected,,1,results/step06/raw/full/xsim/run_0017_offset_1024_count_0064.log
F1066,3,Rising_TF,5,2,xsim,1,2,1,2,5,M2,FF,FB,640,960,valid,activated_detected,,1,results/step06/raw/full/xsim/run_0017_offset_1024_count_0064.log
F1067,3,Rising_TF,5,3,xsim,1,2,1,2,5,M2,FF,F7,640,960,valid,activated_detected,,1,results/step06/raw/full/xsim/run_0017_offset_1024_count_0064.log
F1068,3,Rising_TF,5,4,xsim,1,2,1,2,5,M2,FF,EF,640,960,valid,activated_detected,,1,results/step06/raw/full/xsim/run_0017_offset_1024_count_0064.log
F1069,3,Rising_TF,5,5,xsim,1,2,1,2,5,M2,FF,DF,640,960,valid,activated_detected,,1,results/step06/raw/full/xsim/run_0017_offset_1024_count_0064.log
F1070,3,Rising_TF,5,6,xsim,1,2,1,2,5,M2,FF,BF,640,960,valid,activated_detected,,1,results/step06/raw/full/xsim/run_0017_offset_1024_count_0064.log
F1071,3,Rising_TF,5,7,xsim,1,2,1,2,5,M2,FF,7F,640,960,valid,activated_detected,,1,results/step06/raw/full/xsim/run_0017_offset_1024_count_0064.log
F1072,3,Rising_TF,6,0,xsim,1,2,1,2,6,M2,FF,FE,640,960,valid,activated_detected,,1,results/step06/raw/full/xsim/run_0017_offset_1024_count_0064.log
F1073,3,Rising_TF,6,1,xsim,1,2,1,2,6,M2,FF,FD,640,960,valid,activated_detected,,1,results/step06/raw/full/xsim/run_0017_offset_1024_count_0064.log
F1074,3,Rising_TF,6,2,xsim,1,2,1,2,6,M2,FF,FB,640,960,valid,activated_detected,,1,results/step06/raw/full/xsim/run_0017_offset_1024_count_0064.log
F1075,3,Rising_TF,6,3,xsim,1,2,1,2,6,M2,FF,F7,640,960,valid,activated_detected,,1,results/step06/raw/full/xsim/run_0017_offset_1024_count_0064.log
F1076,3,Rising_TF,6,4,xsim,1,2,1,2,6,M2,FF,EF,640,960,valid,activated_detected,,1,results/step06/raw/full/xsim/run_0017_offset_1024_count_0064.log
F1077,3,Rising_TF,6,5,xsim,1,2,1,2,6,M2,FF,DF,640,960,valid,activated_detected,,1,results/step06/raw/full/xsim/run_0017_offset_1024_count_0064.log
F1078,3,Rising_TF,6,6,xsim,1,2,1,2,6,M2,FF,BF,640,960,valid,activated_detected,,1,results/step06/raw/full/xsim/run_0017_offset_1024_count_0064.log
F1079,3,Rising_TF,6,7,xsim,1,2,1,2,6,M2,FF,7F,640,960,valid,activated_detected,,1,results/step06/raw/full/xsim/run_0017_offset_1024_count_0064.log
F1080,3,Rising_TF,7,0,xsim,1,2,1,2,7,M2,FF,FE,640,960,valid,activated_detected,,1,results/step06/raw/full/xsim/run_0017_offset_1024_count_0064.log
F1081,3,Rising_TF,7,1,xsim,1,2,1,2,7,M2,FF,FD,640,960,valid,activated_detected,,1,results/step06/raw/full/xsim/run_0017_offset_1024_count_0064.log
F1082,3,Rising_TF,7,2,xsim,1,2,1,2,7,M2,FF,FB,640,960,valid,activated_detected,,1,results/step06/raw/full/xsim/run_0017_offset_1024_count_0064.log
F1083,3,Rising_TF,7,3,xsim,1,2,1,2,7,M2,FF,F7,640,960,valid,activated_detected,,1,results/step06/raw/full/xsim/run_0017_offset_1024_count_0064.log
F1084,3,Rising_TF,7,4,xsim,1,2,1,2,7,M2,FF,EF,640,960,valid,activated_detected,,1,results/step06/raw/full/xsim/run_0017_offset_1024_count_0064.log
F1085,3,Rising_TF,7,5,xsim,1,2,1,2,7,M2,FF,DF,640,960,valid,activated_detected,,1,results/step06/raw/full/xsim/run_0017_offset_1024_count_0064.log
F1086,3,Rising_TF,7,6,xsim,1,2,1,2,7,M2,FF,BF,640,960,valid,activated_detected,,1,results/step06/raw/full/xsim/run_0017_offset_1024_count_0064.log
F1087,3,Rising_TF,7,7,xsim,1,2,1,2,7,M2,FF,7F,640,960,valid,activated_detected,,1,results/step06/raw/full/xsim/run_0017_offset_1024_count_0064.log
F1088,3,Rising_TF,8,0,xsim,1,2,1,2,8,M2,FF,FE,640,960,valid,activated_detected,,1,results/step06/raw/full/xsim/run_0018_offset_1088_count_0064.log
F1089,3,Rising_TF,8,1,xsim,1,2,1,2,8,M2,FF,FD,640,960,valid,activated_detected,,1,results/step06/raw/full/xsim/run_0018_offset_1088_count_0064.log
F1090,3,Rising_TF,8,2,xsim,1,2,1,2,8,M2,FF,FB,640,960,valid,activated_detected,,1,results/step06/raw/full/xsim/run_0018_offset_1088_count_0064.log
F1091,3,Rising_TF,8,3,xsim,1,2,1,2,8,M2,FF,F7,640,960,valid,activated_detected,,1,results/step06/raw/full/xsim/run_0018_offset_1088_count_0064.log
F1092,3,Rising_TF,8,4,xsim,1,2,1,2,8,M2,FF,EF,640,960,valid,activated_detected,,1,results/step06/raw/full/xsim/run_0018_offset_1088_count_0064.log
F1093,3,Rising_TF,8,5,xsim,1,2,1,2,8,M2,FF,DF,640,960,valid,activated_detected,,1,results/step06/raw/full/xsim/run_0018_offset_1088_count_0064.log
F1094,3,Rising_TF,8,6,xsim,1,2,1,2,8,M2,FF,BF,640,960,valid,activated_detected,,1,results/step06/raw/full/xsim/run_0018_offset_1088_count_0064.log
F1095,3,Rising_TF,8,7,xsim,1,2,1,2,8,M2,FF,7F,640,960,valid,activated_detected,,1,results/step06/raw/full/xsim/run_0018_offset_1088_count_0064.log
F1096,3,Rising_TF,9,0,xsim,1,2,1,2,9,M2,FF,FE,640,960,valid,activated_detected,,1,results/step06/raw/full/xsim/run_0018_offset_1088_count_0064.log
F1097,3,Rising_TF,9,1,xsim,1,2,1,2,9,M2,FF,FD,640,960,valid,activated_detected,,1,results/step06/raw/full/xsim/run_0018_offset_1088_count_0064.log
F1098,3,Rising_TF,9,2,xsim,1,2,1,2,9,M2,FF,FB,640,960,valid,activated_detected,,1,results/step06/raw/full/xsim/run_0018_offset_1088_count_0064.log
F1099,3,Rising_TF,9,3,xsim,1,2,1,2,9,M2,FF,F7,640,960,valid,activated_detected,,1,results/step06/raw/full/xsim/run_0018_offset_1088_count_0064.log
F1100,3,Rising_TF,9,4,xsim,1,2,1,2,9,M2,FF,EF,640,960,valid,activated_detected,,1,results/step06/raw/full/xsim/run_0018_offset_1088_count_0064.log
F1101,3,Rising_TF,9,5,xsim,1,2,1,2,9,M2,FF,DF,640,960,valid,activated_detected,,1,results/step06/raw/full/xsim/run_0018_offset_1088_count_0064.log
F1102,3,Rising_TF,9,6,xsim,1,2,1,2,9,M2,FF,BF,640,960,valid,activated_detected,,1,results/step06/raw/full/xsim/run_0018_offset_1088_count_0064.log
F1103,3,Rising_TF,9,7,xsim,1,2,1,2,9,M2,FF,7F,640,960,valid,activated_detected,,1,results/step06/raw/full/xsim/run_0018_offset_1088_count_0064.log
F1104,3,Rising_TF,10,0,xsim,1,2,1,2,10,M2,FF,FE,640,960,valid,activated_detected,,1,results/step06/raw/full/xsim/run_0018_offset_1088_count_0064.log
F1105,3,Rising_TF,10,1,xsim,1,2,1,2,10,M2,FF,FD,640,960,valid,activated_detected,,1,results/step06/raw/full/xsim/run_0018_offset_1088_count_0064.log
F1106,3,Rising_TF,10,2,xsim,1,2,1,2,10,M2,FF,FB,640,960,valid,activated_detected,,1,results/step06/raw/full/xsim/run_0018_offset_1088_count_0064.log
F1107,3,Rising_TF,10,3,xsim,1,2,1,2,10,M2,FF,F7,640,960,valid,activated_detected,,1,results/step06/raw/full/xsim/run_0018_offset_1088_count_0064.log
F1108,3,Rising_TF,10,4,xsim,1,2,1,2,10,M2,FF,EF,640,960,valid,activated_detected,,1,results/step06/raw/full/xsim/run_0018_offset_1088_count_0064.log
F1109,3,Rising_TF,10,5,xsim,1,2,1,2,10,M2,FF,DF,640,960,valid,activated_detected,,1,results/step06/raw/full/xsim/run_0018_offset_1088_count_0064.log
F1110,3,Rising_TF,10,6,xsim,1,2,1,2,10,M2,FF,BF,640,960,valid,activated_detected,,1,results/step06/raw/full/xsim/run_0018_offset_1088_count_0064.log
F1111,3,Rising_TF,10,7,xsim,1,2,1,2,10,M2,FF,7F,640,960,valid,activated_detected,,1,results/step06/raw/full/xsim/run_0018_offset_1088_count_0064.log
F1112,3,Rising_TF,11,0,xsim,1,2,1,2,11,M2,FF,FE,640,960,valid,activated_detected,,1,results/step06/raw/full/xsim/run_0018_offset_1088_count_0064.log
F1113,3,Rising_TF,11,1,xsim,1,2,1,2,11,M2,FF,FD,640,960,valid,activated_detected,,1,results/step06/raw/full/xsim/run_0018_offset_1088_count_0064.log
F1114,3,Rising_TF,11,2,xsim,1,2,1,2,11,M2,FF,FB,640,960,valid,activated_detected,,1,results/step06/raw/full/xsim/run_0018_offset_1088_count_0064.log
F1115,3,Rising_TF,11,3,xsim,1,2,1,2,11,M2,FF,F7,640,960,valid,activated_detected,,1,results/step06/raw/full/xsim/run_0018_offset_1088_count_0064.log
F1116,3,Rising_TF,11,4,xsim,1,2,1,2,11,M2,FF,EF,640,960,valid,activated_detected,,1,results/step06/raw/full/xsim/run_0018_offset_1088_count_0064.log
F1117,3,Rising_TF,11,5,xsim,1,2,1,2,11,M2,FF,DF,640,960,valid,activated_detected,,1,results/step06/raw/full/xsim/run_0018_offset_1088_count_0064.log
F1118,3,Rising_TF,11,6,xsim,1,2,1,2,11,M2,FF,BF,640,960,valid,activated_detected,,1,results/step06/raw/full/xsim/run_0018_offset_1088_count_0064.log
F1119,3,Rising_TF,11,7,xsim,1,2,1,2,11,M2,FF,7F,640,960,valid,activated_detected,,1,results/step06/raw/full/xsim/run_0018_offset_1088_count_0064.log
F1120,3,Rising_TF,12,0,xsim,1,2,1,2,12,M2,FF,FE,640,960,valid,activated_detected,,1,results/step06/raw/full/xsim/run_0018_offset_1088_count_0064.log
F1121,3,Rising_TF,12,1,xsim,1,2,1,2,12,M2,FF,FD,640,960,valid,activated_detected,,1,results/step06/raw/full/xsim/run_0018_offset_1088_count_0064.log
F1122,3,Rising_TF,12,2,xsim,1,2,1,2,12,M2,FF,FB,640,960,valid,activated_detected,,1,results/step06/raw/full/xsim/run_0018_offset_1088_count_0064.log
F1123,3,Rising_TF,12,3,xsim,1,2,1,2,12,M2,FF,F7,640,960,valid,activated_detected,,1,results/step06/raw/full/xsim/run_0018_offset_1088_count_0064.log
F1124,3,Rising_TF,12,4,xsim,1,2,1,2,12,M2,FF,EF,640,960,valid,activated_detected,,1,results/step06/raw/full/xsim/run_0018_offset_1088_count_0064.log
F1125,3,Rising_TF,12,5,xsim,1,2,1,2,12,M2,FF,DF,640,960,valid,activated_detected,,1,results/step06/raw/full/xsim/run_0018_offset_1088_count_0064.log
F1126,3,Rising_TF,12,6,xsim,1,2,1,2,12,M2,FF,BF,640,960,valid,activated_detected,,1,results/step06/raw/full/xsim/run_0018_offset_1088_count_0064.log
F1127,3,Rising_TF,12,7,xsim,1,2,1,2,12,M2,FF,7F,640,960,valid,activated_detected,,1,results/step06/raw/full/xsim/run_0018_offset_1088_count_0064.log
F1128,3,Rising_TF,13,0,xsim,1,2,1,2,13,M2,FF,FE,640,960,valid,activated_detected,,1,results/step06/raw/full/xsim/run_0018_offset_1088_count_0064.log
F1129,3,Rising_TF,13,1,xsim,1,2,1,2,13,M2,FF,FD,640,960,valid,activated_detected,,1,results/step06/raw/full/xsim/run_0018_offset_1088_count_0064.log
F1130,3,Rising_TF,13,2,xsim,1,2,1,2,13,M2,FF,FB,640,960,valid,activated_detected,,1,results/step06/raw/full/xsim/run_0018_offset_1088_count_0064.log
F1131,3,Rising_TF,13,3,xsim,1,2,1,2,13,M2,FF,F7,640,960,valid,activated_detected,,1,results/step06/raw/full/xsim/run_0018_offset_1088_count_0064.log
F1132,3,Rising_TF,13,4,xsim,1,2,1,2,13,M2,FF,EF,640,960,valid,activated_detected,,1,results/step06/raw/full/xsim/run_0018_offset_1088_count_0064.log
F1133,3,Rising_TF,13,5,xsim,1,2,1,2,13,M2,FF,DF,640,960,valid,activated_detected,,1,results/step06/raw/full/xsim/run_0018_offset_1088_count_0064.log
F1134,3,Rising_TF,13,6,xsim,1,2,1,2,13,M2,FF,BF,640,960,valid,activated_detected,,1,results/step06/raw/full/xsim/run_0018_offset_1088_count_0064.log
F1135,3,Rising_TF,13,7,xsim,1,2,1,2,13,M2,FF,7F,640,960,valid,activated_detected,,1,results/step06/raw/full/xsim/run_0018_offset_1088_count_0064.log
F1136,3,Rising_TF,14,0,xsim,1,2,1,2,14,M2,FF,FE,640,960,valid,activated_detected,,1,results/step06/raw/full/xsim/run_0018_offset_1088_count_0064.log
F1137,3,Rising_TF,14,1,xsim,1,2,1,2,14,M2,FF,FD,640,960,valid,activated_detected,,1,results/step06/raw/full/xsim/run_0018_offset_1088_count_0064.log
F1138,3,Rising_TF,14,2,xsim,1,2,1,2,14,M2,FF,FB,640,960,valid,activated_detected,,1,results/step06/raw/full/xsim/run_0018_offset_1088_count_0064.log
F1139,3,Rising_TF,14,3,xsim,1,2,1,2,14,M2,FF,F7,640,960,valid,activated_detected,,1,results/step06/raw/full/xsim/run_0018_offset_1088_count_0064.log
F1140,3,Rising_TF,14,4,xsim,1,2,1,2,14,M2,FF,EF,640,960,valid,activated_detected,,1,results/step06/raw/full/xsim/run_0018_offset_1088_count_0064.log
F1141,3,Rising_TF,14,5,xsim,1,2,1,2,14,M2,FF,DF,640,960,valid,activated_detected,,1,results/step06/raw/full/xsim/run_0018_offset_1088_count_0064.log
F1142,3,Rising_TF,14,6,xsim,1,2,1,2,14,M2,FF,BF,640,960,valid,activated_detected,,1,results/step06/raw/full/xsim/run_0018_offset_1088_count_0064.log
F1143,3,Rising_TF,14,7,xsim,1,2,1,2,14,M2,FF,7F,640,960,valid,activated_detected,,1,results/step06/raw/full/xsim/run_0018_offset_1088_count_0064.log
F1144,3,Rising_TF,15,0,xsim,1,2,1,2,15,M2,FF,FE,640,960,valid,activated_detected,,1,results/step06/raw/full/xsim/run_0018_offset_1088_count_0064.log
F1145,3,Rising_TF,15,1,xsim,1,2,1,2,15,M2,FF,FD,640,960,valid,activated_detected,,1,results/step06/raw/full/xsim/run_0018_offset_1088_count_0064.log
F1146,3,Rising_TF,15,2,xsim,1,2,1,2,15,M2,FF,FB,640,960,valid,activated_detected,,1,results/step06/raw/full/xsim/run_0018_offset_1088_count_0064.log
F1147,3,Rising_TF,15,3,xsim,1,2,1,2,15,M2,FF,F7,640,960,valid,activated_detected,,1,results/step06/raw/full/xsim/run_0018_offset_1088_count_0064.log
F1148,3,Rising_TF,15,4,xsim,1,2,1,2,15,M2,FF,EF,640,960,valid,activated_detected,,1,results/step06/raw/full/xsim/run_0018_offset_1088_count_0064.log
F1149,3,Rising_TF,15,5,xsim,1,2,1,2,15,M2,FF,DF,640,960,valid,activated_detected,,1,results/step06/raw/full/xsim/run_0018_offset_1088_count_0064.log
F1150,3,Rising_TF,15,6,xsim,1,2,1,2,15,M2,FF,BF,640,960,valid,activated_detected,,1,results/step06/raw/full/xsim/run_0018_offset_1088_count_0064.log
F1151,3,Rising_TF,15,7,xsim,1,2,1,2,15,M2,FF,7F,640,960,valid,activated_detected,,1,results/step06/raw/full/xsim/run_0018_offset_1088_count_0064.log
F1152,3,Rising_TF,16,0,xsim,1,2,1,2,16,M2,FF,FE,640,960,valid,activated_detected,,1,results/step06/raw/full/xsim/run_0019_offset_1152_count_0064.log
F1153,3,Rising_TF,16,1,xsim,1,2,1,2,16,M2,FF,FD,640,960,valid,activated_detected,,1,results/step06/raw/full/xsim/run_0019_offset_1152_count_0064.log
F1154,3,Rising_TF,16,2,xsim,1,2,1,2,16,M2,FF,FB,640,960,valid,activated_detected,,1,results/step06/raw/full/xsim/run_0019_offset_1152_count_0064.log
F1155,3,Rising_TF,16,3,xsim,1,2,1,2,16,M2,FF,F7,640,960,valid,activated_detected,,1,results/step06/raw/full/xsim/run_0019_offset_1152_count_0064.log
F1156,3,Rising_TF,16,4,xsim,1,2,1,2,16,M2,FF,EF,640,960,valid,activated_detected,,1,results/step06/raw/full/xsim/run_0019_offset_1152_count_0064.log
F1157,3,Rising_TF,16,5,xsim,1,2,1,2,16,M2,FF,DF,640,960,valid,activated_detected,,1,results/step06/raw/full/xsim/run_0019_offset_1152_count_0064.log
F1158,3,Rising_TF,16,6,xsim,1,2,1,2,16,M2,FF,BF,640,960,valid,activated_detected,,1,results/step06/raw/full/xsim/run_0019_offset_1152_count_0064.log
F1159,3,Rising_TF,16,7,xsim,1,2,1,2,16,M2,FF,7F,640,960,valid,activated_detected,,1,results/step06/raw/full/xsim/run_0019_offset_1152_count_0064.log
F1160,3,Rising_TF,17,0,xsim,1,2,1,2,17,M2,FF,FE,640,960,valid,activated_detected,,1,results/step06/raw/full/xsim/run_0019_offset_1152_count_0064.log
F1161,3,Rising_TF,17,1,xsim,1,2,1,2,17,M2,FF,FD,640,960,valid,activated_detected,,1,results/step06/raw/full/xsim/run_0019_offset_1152_count_0064.log
F1162,3,Rising_TF,17,2,xsim,1,2,1,2,17,M2,FF,FB,640,960,valid,activated_detected,,1,results/step06/raw/full/xsim/run_0019_offset_1152_count_0064.log
F1163,3,Rising_TF,17,3,xsim,1,2,1,2,17,M2,FF,F7,640,960,valid,activated_detected,,1,results/step06/raw/full/xsim/run_0019_offset_1152_count_0064.log
F1164,3,Rising_TF,17,4,xsim,1,2,1,2,17,M2,FF,EF,640,960,valid,activated_detected,,1,results/step06/raw/full/xsim/run_0019_offset_1152_count_0064.log
F1165,3,Rising_TF,17,5,xsim,1,2,1,2,17,M2,FF,DF,640,960,valid,activated_detected,,1,results/step06/raw/full/xsim/run_0019_offset_1152_count_0064.log
F1166,3,Rising_TF,17,6,xsim,1,2,1,2,17,M2,FF,BF,640,960,valid,activated_detected,,1,results/step06/raw/full/xsim/run_0019_offset_1152_count_0064.log
F1167,3,Rising_TF,17,7,xsim,1,2,1,2,17,M2,FF,7F,640,960,valid,activated_detected,,1,results/step06/raw/full/xsim/run_0019_offset_1152_count_0064.log
F1168,3,Rising_TF,18,0,xsim,1,2,1,2,18,M2,FF,FE,640,960,valid,activated_detected,,1,results/step06/raw/full/xsim/run_0019_offset_1152_count_0064.log
F1169,3,Rising_TF,18,1,xsim,1,2,1,2,18,M2,FF,FD,640,960,valid,activated_detected,,1,results/step06/raw/full/xsim/run_0019_offset_1152_count_0064.log
F1170,3,Rising_TF,18,2,xsim,1,2,1,2,18,M2,FF,FB,640,960,valid,activated_detected,,1,results/step06/raw/full/xsim/run_0019_offset_1152_count_0064.log
F1171,3,Rising_TF,18,3,xsim,1,2,1,2,18,M2,FF,F7,640,960,valid,activated_detected,,1,results/step06/raw/full/xsim/run_0019_offset_1152_count_0064.log
F1172,3,Rising_TF,18,4,xsim,1,2,1,2,18,M2,FF,EF,640,960,valid,activated_detected,,1,results/step06/raw/full/xsim/run_0019_offset_1152_count_0064.log
F1173,3,Rising_TF,18,5,xsim,1,2,1,2,18,M2,FF,DF,640,960,valid,activated_detected,,1,results/step06/raw/full/xsim/run_0019_offset_1152_count_0064.log
F1174,3,Rising_TF,18,6,xsim,1,2,1,2,18,M2,FF,BF,640,960,valid,activated_detected,,1,results/step06/raw/full/xsim/run_0019_offset_1152_count_0064.log
F1175,3,Rising_TF,18,7,xsim,1,2,1,2,18,M2,FF,7F,640,960,valid,activated_detected,,1,results/step06/raw/full/xsim/run_0019_offset_1152_count_0064.log
F1176,3,Rising_TF,19,0,xsim,1,2,1,2,19,M2,FF,FE,640,960,valid,activated_detected,,1,results/step06/raw/full/xsim/run_0019_offset_1152_count_0064.log
F1177,3,Rising_TF,19,1,xsim,1,2,1,2,19,M2,FF,FD,640,960,valid,activated_detected,,1,results/step06/raw/full/xsim/run_0019_offset_1152_count_0064.log
F1178,3,Rising_TF,19,2,xsim,1,2,1,2,19,M2,FF,FB,640,960,valid,activated_detected,,1,results/step06/raw/full/xsim/run_0019_offset_1152_count_0064.log
F1179,3,Rising_TF,19,3,xsim,1,2,1,2,19,M2,FF,F7,640,960,valid,activated_detected,,1,results/step06/raw/full/xsim/run_0019_offset_1152_count_0064.log
F1180,3,Rising_TF,19,4,xsim,1,2,1,2,19,M2,FF,EF,640,960,valid,activated_detected,,1,results/step06/raw/full/xsim/run_0019_offset_1152_count_0064.log
F1181,3,Rising_TF,19,5,xsim,1,2,1,2,19,M2,FF,DF,640,960,valid,activated_detected,,1,results/step06/raw/full/xsim/run_0019_offset_1152_count_0064.log
F1182,3,Rising_TF,19,6,xsim,1,2,1,2,19,M2,FF,BF,640,960,valid,activated_detected,,1,results/step06/raw/full/xsim/run_0019_offset_1152_count_0064.log
F1183,3,Rising_TF,19,7,xsim,1,2,1,2,19,M2,FF,7F,640,960,valid,activated_detected,,1,results/step06/raw/full/xsim/run_0019_offset_1152_count_0064.log
F1184,3,Rising_TF,20,0,xsim,1,2,1,2,20,M2,FF,FE,640,960,valid,activated_detected,,1,results/step06/raw/full/xsim/run_0019_offset_1152_count_0064.log
F1185,3,Rising_TF,20,1,xsim,1,2,1,2,20,M2,FF,FD,640,960,valid,activated_detected,,1,results/step06/raw/full/xsim/run_0019_offset_1152_count_0064.log
F1186,3,Rising_TF,20,2,xsim,1,2,1,2,20,M2,FF,FB,640,960,valid,activated_detected,,1,results/step06/raw/full/xsim/run_0019_offset_1152_count_0064.log
F1187,3,Rising_TF,20,3,xsim,1,2,1,2,20,M2,FF,F7,640,960,valid,activated_detected,,1,results/step06/raw/full/xsim/run_0019_offset_1152_count_0064.log
F1188,3,Rising_TF,20,4,xsim,1,2,1,2,20,M2,FF,EF,640,960,valid,activated_detected,,1,results/step06/raw/full/xsim/run_0019_offset_1152_count_0064.log
F1189,3,Rising_TF,20,5,xsim,1,2,1,2,20,M2,FF,DF,640,960,valid,activated_detected,,1,results/step06/raw/full/xsim/run_0019_offset_1152_count_0064.log
F1190,3,Rising_TF,20,6,xsim,1,2,1,2,20,M2,FF,BF,640,960,valid,activated_detected,,1,results/step06/raw/full/xsim/run_0019_offset_1152_count_0064.log
F1191,3,Rising_TF,20,7,xsim,1,2,1,2,20,M2,FF,7F,640,960,valid,activated_detected,,1,results/step06/raw/full/xsim/run_0019_offset_1152_count_0064.log
F1192,3,Rising_TF,21,0,xsim,1,2,1,2,21,M2,FF,FE,640,960,valid,activated_detected,,1,results/step06/raw/full/xsim/run_0019_offset_1152_count_0064.log
F1193,3,Rising_TF,21,1,xsim,1,2,1,2,21,M2,FF,FD,640,960,valid,activated_detected,,1,results/step06/raw/full/xsim/run_0019_offset_1152_count_0064.log
F1194,3,Rising_TF,21,2,xsim,1,2,1,2,21,M2,FF,FB,640,960,valid,activated_detected,,1,results/step06/raw/full/xsim/run_0019_offset_1152_count_0064.log
F1195,3,Rising_TF,21,3,xsim,1,2,1,2,21,M2,FF,F7,640,960,valid,activated_detected,,1,results/step06/raw/full/xsim/run_0019_offset_1152_count_0064.log
F1196,3,Rising_TF,21,4,xsim,1,2,1,2,21,M2,FF,EF,640,960,valid,activated_detected,,1,results/step06/raw/full/xsim/run_0019_offset_1152_count_0064.log
F1197,3,Rising_TF,21,5,xsim,1,2,1,2,21,M2,FF,DF,640,960,valid,activated_detected,,1,results/step06/raw/full/xsim/run_0019_offset_1152_count_0064.log
F1198,3,Rising_TF,21,6,xsim,1,2,1,2,21,M2,FF,BF,640,960,valid,activated_detected,,1,results/step06/raw/full/xsim/run_0019_offset_1152_count_0064.log
F1199,3,Rising_TF,21,7,xsim,1,2,1,2,21,M2,FF,7F,640,960,valid,activated_detected,,1,results/step06/raw/full/xsim/run_0019_offset_1152_count_0064.log
F1200,3,Rising_TF,22,0,xsim,1,2,1,2,22,M2,FF,FE,640,960,valid,activated_detected,,1,results/step06/raw/full/xsim/run_0019_offset_1152_count_0064.log
F1201,3,Rising_TF,22,1,xsim,1,2,1,2,22,M2,FF,FD,640,960,valid,activated_detected,,1,results/step06/raw/full/xsim/run_0019_offset_1152_count_0064.log
F1202,3,Rising_TF,22,2,xsim,1,2,1,2,22,M2,FF,FB,640,960,valid,activated_detected,,1,results/step06/raw/full/xsim/run_0019_offset_1152_count_0064.log
F1203,3,Rising_TF,22,3,xsim,1,2,1,2,22,M2,FF,F7,640,960,valid,activated_detected,,1,results/step06/raw/full/xsim/run_0019_offset_1152_count_0064.log
F1204,3,Rising_TF,22,4,xsim,1,2,1,2,22,M2,FF,EF,640,960,valid,activated_detected,,1,results/step06/raw/full/xsim/run_0019_offset_1152_count_0064.log
F1205,3,Rising_TF,22,5,xsim,1,2,1,2,22,M2,FF,DF,640,960,valid,activated_detected,,1,results/step06/raw/full/xsim/run_0019_offset_1152_count_0064.log
F1206,3,Rising_TF,22,6,xsim,1,2,1,2,22,M2,FF,BF,640,960,valid,activated_detected,,1,results/step06/raw/full/xsim/run_0019_offset_1152_count_0064.log
F1207,3,Rising_TF,22,7,xsim,1,2,1,2,22,M2,FF,7F,640,960,valid,activated_detected,,1,results/step06/raw/full/xsim/run_0019_offset_1152_count_0064.log
F1208,3,Rising_TF,23,0,xsim,1,2,1,2,23,M2,FF,FE,640,960,valid,activated_detected,,1,results/step06/raw/full/xsim/run_0019_offset_1152_count_0064.log
F1209,3,Rising_TF,23,1,xsim,1,2,1,2,23,M2,FF,FD,640,960,valid,activated_detected,,1,results/step06/raw/full/xsim/run_0019_offset_1152_count_0064.log
F1210,3,Rising_TF,23,2,xsim,1,2,1,2,23,M2,FF,FB,640,960,valid,activated_detected,,1,results/step06/raw/full/xsim/run_0019_offset_1152_count_0064.log
F1211,3,Rising_TF,23,3,xsim,1,2,1,2,23,M2,FF,F7,640,960,valid,activated_detected,,1,results/step06/raw/full/xsim/run_0019_offset_1152_count_0064.log
F1212,3,Rising_TF,23,4,xsim,1,2,1,2,23,M2,FF,EF,640,960,valid,activated_detected,,1,results/step06/raw/full/xsim/run_0019_offset_1152_count_0064.log
F1213,3,Rising_TF,23,5,xsim,1,2,1,2,23,M2,FF,DF,640,960,valid,activated_detected,,1,results/step06/raw/full/xsim/run_0019_offset_1152_count_0064.log
F1214,3,Rising_TF,23,6,xsim,1,2,1,2,23,M2,FF,BF,640,960,valid,activated_detected,,1,results/step06/raw/full/xsim/run_0019_offset_1152_count_0064.log
F1215,3,Rising_TF,23,7,xsim,1,2,1,2,23,M2,FF,7F,640,960,valid,activated_detected,,1,results/step06/raw/full/xsim/run_0019_offset_1152_count_0064.log
F1216,3,Rising_TF,24,0,xsim,1,2,1,2,24,M2,FF,FE,640,960,valid,activated_detected,,1,results/step06/raw/full/xsim/run_0020_offset_1216_count_0064.log
F1217,3,Rising_TF,24,1,xsim,1,2,1,2,24,M2,FF,FD,640,960,valid,activated_detected,,1,results/step06/raw/full/xsim/run_0020_offset_1216_count_0064.log
F1218,3,Rising_TF,24,2,xsim,1,2,1,2,24,M2,FF,FB,640,960,valid,activated_detected,,1,results/step06/raw/full/xsim/run_0020_offset_1216_count_0064.log
F1219,3,Rising_TF,24,3,xsim,1,2,1,2,24,M2,FF,F7,640,960,valid,activated_detected,,1,results/step06/raw/full/xsim/run_0020_offset_1216_count_0064.log
F1220,3,Rising_TF,24,4,xsim,1,2,1,2,24,M2,FF,EF,640,960,valid,activated_detected,,1,results/step06/raw/full/xsim/run_0020_offset_1216_count_0064.log
F1221,3,Rising_TF,24,5,xsim,1,2,1,2,24,M2,FF,DF,640,960,valid,activated_detected,,1,results/step06/raw/full/xsim/run_0020_offset_1216_count_0064.log
F1222,3,Rising_TF,24,6,xsim,1,2,1,2,24,M2,FF,BF,640,960,valid,activated_detected,,1,results/step06/raw/full/xsim/run_0020_offset_1216_count_0064.log
F1223,3,Rising_TF,24,7,xsim,1,2,1,2,24,M2,FF,7F,640,960,valid,activated_detected,,1,results/step06/raw/full/xsim/run_0020_offset_1216_count_0064.log
F1224,3,Rising_TF,25,0,xsim,1,2,1,2,25,M2,FF,FE,640,960,valid,activated_detected,,1,results/step06/raw/full/xsim/run_0020_offset_1216_count_0064.log
F1225,3,Rising_TF,25,1,xsim,1,2,1,2,25,M2,FF,FD,640,960,valid,activated_detected,,1,results/step06/raw/full/xsim/run_0020_offset_1216_count_0064.log
F1226,3,Rising_TF,25,2,xsim,1,2,1,2,25,M2,FF,FB,640,960,valid,activated_detected,,1,results/step06/raw/full/xsim/run_0020_offset_1216_count_0064.log
F1227,3,Rising_TF,25,3,xsim,1,2,1,2,25,M2,FF,F7,640,960,valid,activated_detected,,1,results/step06/raw/full/xsim/run_0020_offset_1216_count_0064.log
F1228,3,Rising_TF,25,4,xsim,1,2,1,2,25,M2,FF,EF,640,960,valid,activated_detected,,1,results/step06/raw/full/xsim/run_0020_offset_1216_count_0064.log
F1229,3,Rising_TF,25,5,xsim,1,2,1,2,25,M2,FF,DF,640,960,valid,activated_detected,,1,results/step06/raw/full/xsim/run_0020_offset_1216_count_0064.log
F1230,3,Rising_TF,25,6,xsim,1,2,1,2,25,M2,FF,BF,640,960,valid,activated_detected,,1,results/step06/raw/full/xsim/run_0020_offset_1216_count_0064.log
F1231,3,Rising_TF,25,7,xsim,1,2,1,2,25,M2,FF,7F,640,960,valid,activated_detected,,1,results/step06/raw/full/xsim/run_0020_offset_1216_count_0064.log
F1232,3,Rising_TF,26,0,xsim,1,2,1,2,26,M2,FF,FE,640,960,valid,activated_detected,,1,results/step06/raw/full/xsim/run_0020_offset_1216_count_0064.log
F1233,3,Rising_TF,26,1,xsim,1,2,1,2,26,M2,FF,FD,640,960,valid,activated_detected,,1,results/step06/raw/full/xsim/run_0020_offset_1216_count_0064.log
F1234,3,Rising_TF,26,2,xsim,1,2,1,2,26,M2,FF,FB,640,960,valid,activated_detected,,1,results/step06/raw/full/xsim/run_0020_offset_1216_count_0064.log
F1235,3,Rising_TF,26,3,xsim,1,2,1,2,26,M2,FF,F7,640,960,valid,activated_detected,,1,results/step06/raw/full/xsim/run_0020_offset_1216_count_0064.log
F1236,3,Rising_TF,26,4,xsim,1,2,1,2,26,M2,FF,EF,640,960,valid,activated_detected,,1,results/step06/raw/full/xsim/run_0020_offset_1216_count_0064.log
F1237,3,Rising_TF,26,5,xsim,1,2,1,2,26,M2,FF,DF,640,960,valid,activated_detected,,1,results/step06/raw/full/xsim/run_0020_offset_1216_count_0064.log
F1238,3,Rising_TF,26,6,xsim,1,2,1,2,26,M2,FF,BF,640,960,valid,activated_detected,,1,results/step06/raw/full/xsim/run_0020_offset_1216_count_0064.log
F1239,3,Rising_TF,26,7,xsim,1,2,1,2,26,M2,FF,7F,640,960,valid,activated_detected,,1,results/step06/raw/full/xsim/run_0020_offset_1216_count_0064.log
F1240,3,Rising_TF,27,0,xsim,1,2,1,2,27,M2,FF,FE,640,960,valid,activated_detected,,1,results/step06/raw/full/xsim/run_0020_offset_1216_count_0064.log
F1241,3,Rising_TF,27,1,xsim,1,2,1,2,27,M2,FF,FD,640,960,valid,activated_detected,,1,results/step06/raw/full/xsim/run_0020_offset_1216_count_0064.log
F1242,3,Rising_TF,27,2,xsim,1,2,1,2,27,M2,FF,FB,640,960,valid,activated_detected,,1,results/step06/raw/full/xsim/run_0020_offset_1216_count_0064.log
F1243,3,Rising_TF,27,3,xsim,1,2,1,2,27,M2,FF,F7,640,960,valid,activated_detected,,1,results/step06/raw/full/xsim/run_0020_offset_1216_count_0064.log
F1244,3,Rising_TF,27,4,xsim,1,2,1,2,27,M2,FF,EF,640,960,valid,activated_detected,,1,results/step06/raw/full/xsim/run_0020_offset_1216_count_0064.log
F1245,3,Rising_TF,27,5,xsim,1,2,1,2,27,M2,FF,DF,640,960,valid,activated_detected,,1,results/step06/raw/full/xsim/run_0020_offset_1216_count_0064.log
F1246,3,Rising_TF,27,6,xsim,1,2,1,2,27,M2,FF,BF,640,960,valid,activated_detected,,1,results/step06/raw/full/xsim/run_0020_offset_1216_count_0064.log
F1247,3,Rising_TF,27,7,xsim,1,2,1,2,27,M2,FF,7F,640,960,valid,activated_detected,,1,results/step06/raw/full/xsim/run_0020_offset_1216_count_0064.log
F1248,3,Rising_TF,28,0,xsim,1,2,1,2,28,M2,FF,FE,640,960,valid,activated_detected,,1,results/step06/raw/full/xsim/run_0020_offset_1216_count_0064.log
F1249,3,Rising_TF,28,1,xsim,1,2,1,2,28,M2,FF,FD,640,960,valid,activated_detected,,1,results/step06/raw/full/xsim/run_0020_offset_1216_count_0064.log
F1250,3,Rising_TF,28,2,xsim,1,2,1,2,28,M2,FF,FB,640,960,valid,activated_detected,,1,results/step06/raw/full/xsim/run_0020_offset_1216_count_0064.log
F1251,3,Rising_TF,28,3,xsim,1,2,1,2,28,M2,FF,F7,640,960,valid,activated_detected,,1,results/step06/raw/full/xsim/run_0020_offset_1216_count_0064.log
F1252,3,Rising_TF,28,4,xsim,1,2,1,2,28,M2,FF,EF,640,960,valid,activated_detected,,1,results/step06/raw/full/xsim/run_0020_offset_1216_count_0064.log
F1253,3,Rising_TF,28,5,xsim,1,2,1,2,28,M2,FF,DF,640,960,valid,activated_detected,,1,results/step06/raw/full/xsim/run_0020_offset_1216_count_0064.log
F1254,3,Rising_TF,28,6,xsim,1,2,1,2,28,M2,FF,BF,640,960,valid,activated_detected,,1,results/step06/raw/full/xsim/run_0020_offset_1216_count_0064.log
F1255,3,Rising_TF,28,7,xsim,1,2,1,2,28,M2,FF,7F,640,960,valid,activated_detected,,1,results/step06/raw/full/xsim/run_0020_offset_1216_count_0064.log
F1256,3,Rising_TF,29,0,xsim,1,2,1,2,29,M2,FF,FE,640,960,valid,activated_detected,,1,results/step06/raw/full/xsim/run_0020_offset_1216_count_0064.log
F1257,3,Rising_TF,29,1,xsim,1,2,1,2,29,M2,FF,FD,640,960,valid,activated_detected,,1,results/step06/raw/full/xsim/run_0020_offset_1216_count_0064.log
F1258,3,Rising_TF,29,2,xsim,1,2,1,2,29,M2,FF,FB,640,960,valid,activated_detected,,1,results/step06/raw/full/xsim/run_0020_offset_1216_count_0064.log
F1259,3,Rising_TF,29,3,xsim,1,2,1,2,29,M2,FF,F7,640,960,valid,activated_detected,,1,results/step06/raw/full/xsim/run_0020_offset_1216_count_0064.log
F1260,3,Rising_TF,29,4,xsim,1,2,1,2,29,M2,FF,EF,640,960,valid,activated_detected,,1,results/step06/raw/full/xsim/run_0020_offset_1216_count_0064.log
F1261,3,Rising_TF,29,5,xsim,1,2,1,2,29,M2,FF,DF,640,960,valid,activated_detected,,1,results/step06/raw/full/xsim/run_0020_offset_1216_count_0064.log
F1262,3,Rising_TF,29,6,xsim,1,2,1,2,29,M2,FF,BF,640,960,valid,activated_detected,,1,results/step06/raw/full/xsim/run_0020_offset_1216_count_0064.log
F1263,3,Rising_TF,29,7,xsim,1,2,1,2,29,M2,FF,7F,640,960,valid,activated_detected,,1,results/step06/raw/full/xsim/run_0020_offset_1216_count_0064.log
F1264,3,Rising_TF,30,0,xsim,1,2,1,2,30,M2,FF,FE,640,960,valid,activated_detected,,1,results/step06/raw/full/xsim/run_0020_offset_1216_count_0064.log
F1265,3,Rising_TF,30,1,xsim,1,2,1,2,30,M2,FF,FD,640,960,valid,activated_detected,,1,results/step06/raw/full/xsim/run_0020_offset_1216_count_0064.log
F1266,3,Rising_TF,30,2,xsim,1,2,1,2,30,M2,FF,FB,640,960,valid,activated_detected,,1,results/step06/raw/full/xsim/run_0020_offset_1216_count_0064.log
F1267,3,Rising_TF,30,3,xsim,1,2,1,2,30,M2,FF,F7,640,960,valid,activated_detected,,1,results/step06/raw/full/xsim/run_0020_offset_1216_count_0064.log
F1268,3,Rising_TF,30,4,xsim,1,2,1,2,30,M2,FF,EF,640,960,valid,activated_detected,,1,results/step06/raw/full/xsim/run_0020_offset_1216_count_0064.log
F1269,3,Rising_TF,30,5,xsim,1,2,1,2,30,M2,FF,DF,640,960,valid,activated_detected,,1,results/step06/raw/full/xsim/run_0020_offset_1216_count_0064.log
F1270,3,Rising_TF,30,6,xsim,1,2,1,2,30,M2,FF,BF,640,960,valid,activated_detected,,1,results/step06/raw/full/xsim/run_0020_offset_1216_count_0064.log
F1271,3,Rising_TF,30,7,xsim,1,2,1,2,30,M2,FF,7F,640,960,valid,activated_detected,,1,results/step06/raw/full/xsim/run_0020_offset_1216_count_0064.log
F1272,3,Rising_TF,31,0,xsim,1,2,1,2,31,M2,FF,FE,640,960,valid,activated_detected,,1,results/step06/raw/full/xsim/run_0020_offset_1216_count_0064.log
F1273,3,Rising_TF,31,1,xsim,1,2,1,2,31,M2,FF,FD,640,960,valid,activated_detected,,1,results/step06/raw/full/xsim/run_0020_offset_1216_count_0064.log
F1274,3,Rising_TF,31,2,xsim,1,2,1,2,31,M2,FF,FB,640,960,valid,activated_detected,,1,results/step06/raw/full/xsim/run_0020_offset_1216_count_0064.log
F1275,3,Rising_TF,31,3,xsim,1,2,1,2,31,M2,FF,F7,640,960,valid,activated_detected,,1,results/step06/raw/full/xsim/run_0020_offset_1216_count_0064.log
F1276,3,Rising_TF,31,4,xsim,1,2,1,2,31,M2,FF,EF,640,960,valid,activated_detected,,1,results/step06/raw/full/xsim/run_0020_offset_1216_count_0064.log
F1277,3,Rising_TF,31,5,xsim,1,2,1,2,31,M2,FF,DF,640,960,valid,activated_detected,,1,results/step06/raw/full/xsim/run_0020_offset_1216_count_0064.log
F1278,3,Rising_TF,31,6,xsim,1,2,1,2,31,M2,FF,BF,640,960,valid,activated_detected,,1,results/step06/raw/full/xsim/run_0020_offset_1216_count_0064.log
F1279,3,Rising_TF,31,7,xsim,1,2,1,2,31,M2,FF,7F,640,960,valid,activated_detected,,1,results/step06/raw/full/xsim/run_0020_offset_1216_count_0064.log
F1280,3,Rising_TF,32,0,xsim,1,2,1,2,32,M2,FF,FE,640,960,valid,activated_detected,,1,results/step06/raw/full/xsim/run_0021_offset_1280_count_0064.log
F1281,3,Rising_TF,32,1,xsim,1,2,1,2,32,M2,FF,FD,640,960,valid,activated_detected,,1,results/step06/raw/full/xsim/run_0021_offset_1280_count_0064.log
F1282,3,Rising_TF,32,2,xsim,1,2,1,2,32,M2,FF,FB,640,960,valid,activated_detected,,1,results/step06/raw/full/xsim/run_0021_offset_1280_count_0064.log
F1283,3,Rising_TF,32,3,xsim,1,2,1,2,32,M2,FF,F7,640,960,valid,activated_detected,,1,results/step06/raw/full/xsim/run_0021_offset_1280_count_0064.log
F1284,3,Rising_TF,32,4,xsim,1,2,1,2,32,M2,FF,EF,640,960,valid,activated_detected,,1,results/step06/raw/full/xsim/run_0021_offset_1280_count_0064.log
F1285,3,Rising_TF,32,5,xsim,1,2,1,2,32,M2,FF,DF,640,960,valid,activated_detected,,1,results/step06/raw/full/xsim/run_0021_offset_1280_count_0064.log
F1286,3,Rising_TF,32,6,xsim,1,2,1,2,32,M2,FF,BF,640,960,valid,activated_detected,,1,results/step06/raw/full/xsim/run_0021_offset_1280_count_0064.log
F1287,3,Rising_TF,32,7,xsim,1,2,1,2,32,M2,FF,7F,640,960,valid,activated_detected,,1,results/step06/raw/full/xsim/run_0021_offset_1280_count_0064.log
F1288,3,Rising_TF,33,0,xsim,1,2,1,2,33,M2,FF,FE,640,960,valid,activated_detected,,1,results/step06/raw/full/xsim/run_0021_offset_1280_count_0064.log
F1289,3,Rising_TF,33,1,xsim,1,2,1,2,33,M2,FF,FD,640,960,valid,activated_detected,,1,results/step06/raw/full/xsim/run_0021_offset_1280_count_0064.log
F1290,3,Rising_TF,33,2,xsim,1,2,1,2,33,M2,FF,FB,640,960,valid,activated_detected,,1,results/step06/raw/full/xsim/run_0021_offset_1280_count_0064.log
F1291,3,Rising_TF,33,3,xsim,1,2,1,2,33,M2,FF,F7,640,960,valid,activated_detected,,1,results/step06/raw/full/xsim/run_0021_offset_1280_count_0064.log
F1292,3,Rising_TF,33,4,xsim,1,2,1,2,33,M2,FF,EF,640,960,valid,activated_detected,,1,results/step06/raw/full/xsim/run_0021_offset_1280_count_0064.log
F1293,3,Rising_TF,33,5,xsim,1,2,1,2,33,M2,FF,DF,640,960,valid,activated_detected,,1,results/step06/raw/full/xsim/run_0021_offset_1280_count_0064.log
F1294,3,Rising_TF,33,6,xsim,1,2,1,2,33,M2,FF,BF,640,960,valid,activated_detected,,1,results/step06/raw/full/xsim/run_0021_offset_1280_count_0064.log
F1295,3,Rising_TF,33,7,xsim,1,2,1,2,33,M2,FF,7F,640,960,valid,activated_detected,,1,results/step06/raw/full/xsim/run_0021_offset_1280_count_0064.log
F1296,3,Rising_TF,34,0,xsim,1,2,1,2,34,M2,FF,FE,640,960,valid,activated_detected,,1,results/step06/raw/full/xsim/run_0021_offset_1280_count_0064.log
F1297,3,Rising_TF,34,1,xsim,1,2,1,2,34,M2,FF,FD,640,960,valid,activated_detected,,1,results/step06/raw/full/xsim/run_0021_offset_1280_count_0064.log
F1298,3,Rising_TF,34,2,xsim,1,2,1,2,34,M2,FF,FB,640,960,valid,activated_detected,,1,results/step06/raw/full/xsim/run_0021_offset_1280_count_0064.log
F1299,3,Rising_TF,34,3,xsim,1,2,1,2,34,M2,FF,F7,640,960,valid,activated_detected,,1,results/step06/raw/full/xsim/run_0021_offset_1280_count_0064.log
F1300,3,Rising_TF,34,4,xsim,1,2,1,2,34,M2,FF,EF,640,960,valid,activated_detected,,1,results/step06/raw/full/xsim/run_0021_offset_1280_count_0064.log
F1301,3,Rising_TF,34,5,xsim,1,2,1,2,34,M2,FF,DF,640,960,valid,activated_detected,,1,results/step06/raw/full/xsim/run_0021_offset_1280_count_0064.log
F1302,3,Rising_TF,34,6,xsim,1,2,1,2,34,M2,FF,BF,640,960,valid,activated_detected,,1,results/step06/raw/full/xsim/run_0021_offset_1280_count_0064.log
F1303,3,Rising_TF,34,7,xsim,1,2,1,2,34,M2,FF,7F,640,960,valid,activated_detected,,1,results/step06/raw/full/xsim/run_0021_offset_1280_count_0064.log
F1304,3,Rising_TF,35,0,xsim,1,2,1,2,35,M2,FF,FE,640,960,valid,activated_detected,,1,results/step06/raw/full/xsim/run_0021_offset_1280_count_0064.log
F1305,3,Rising_TF,35,1,xsim,1,2,1,2,35,M2,FF,FD,640,960,valid,activated_detected,,1,results/step06/raw/full/xsim/run_0021_offset_1280_count_0064.log
F1306,3,Rising_TF,35,2,xsim,1,2,1,2,35,M2,FF,FB,640,960,valid,activated_detected,,1,results/step06/raw/full/xsim/run_0021_offset_1280_count_0064.log
F1307,3,Rising_TF,35,3,xsim,1,2,1,2,35,M2,FF,F7,640,960,valid,activated_detected,,1,results/step06/raw/full/xsim/run_0021_offset_1280_count_0064.log
F1308,3,Rising_TF,35,4,xsim,1,2,1,2,35,M2,FF,EF,640,960,valid,activated_detected,,1,results/step06/raw/full/xsim/run_0021_offset_1280_count_0064.log
F1309,3,Rising_TF,35,5,xsim,1,2,1,2,35,M2,FF,DF,640,960,valid,activated_detected,,1,results/step06/raw/full/xsim/run_0021_offset_1280_count_0064.log
F1310,3,Rising_TF,35,6,xsim,1,2,1,2,35,M2,FF,BF,640,960,valid,activated_detected,,1,results/step06/raw/full/xsim/run_0021_offset_1280_count_0064.log
F1311,3,Rising_TF,35,7,xsim,1,2,1,2,35,M2,FF,7F,640,960,valid,activated_detected,,1,results/step06/raw/full/xsim/run_0021_offset_1280_count_0064.log
F1312,3,Rising_TF,36,0,xsim,1,2,1,2,36,M2,FF,FE,640,960,valid,activated_detected,,1,results/step06/raw/full/xsim/run_0021_offset_1280_count_0064.log
F1313,3,Rising_TF,36,1,xsim,1,2,1,2,36,M2,FF,FD,640,960,valid,activated_detected,,1,results/step06/raw/full/xsim/run_0021_offset_1280_count_0064.log
F1314,3,Rising_TF,36,2,xsim,1,2,1,2,36,M2,FF,FB,640,960,valid,activated_detected,,1,results/step06/raw/full/xsim/run_0021_offset_1280_count_0064.log
F1315,3,Rising_TF,36,3,xsim,1,2,1,2,36,M2,FF,F7,640,960,valid,activated_detected,,1,results/step06/raw/full/xsim/run_0021_offset_1280_count_0064.log
F1316,3,Rising_TF,36,4,xsim,1,2,1,2,36,M2,FF,EF,640,960,valid,activated_detected,,1,results/step06/raw/full/xsim/run_0021_offset_1280_count_0064.log
F1317,3,Rising_TF,36,5,xsim,1,2,1,2,36,M2,FF,DF,640,960,valid,activated_detected,,1,results/step06/raw/full/xsim/run_0021_offset_1280_count_0064.log
F1318,3,Rising_TF,36,6,xsim,1,2,1,2,36,M2,FF,BF,640,960,valid,activated_detected,,1,results/step06/raw/full/xsim/run_0021_offset_1280_count_0064.log
F1319,3,Rising_TF,36,7,xsim,1,2,1,2,36,M2,FF,7F,640,960,valid,activated_detected,,1,results/step06/raw/full/xsim/run_0021_offset_1280_count_0064.log
F1320,3,Rising_TF,37,0,xsim,1,2,1,2,37,M2,FF,FE,640,960,valid,activated_detected,,1,results/step06/raw/full/xsim/run_0021_offset_1280_count_0064.log
F1321,3,Rising_TF,37,1,xsim,1,2,1,2,37,M2,FF,FD,640,960,valid,activated_detected,,1,results/step06/raw/full/xsim/run_0021_offset_1280_count_0064.log
F1322,3,Rising_TF,37,2,xsim,1,2,1,2,37,M2,FF,FB,640,960,valid,activated_detected,,1,results/step06/raw/full/xsim/run_0021_offset_1280_count_0064.log
F1323,3,Rising_TF,37,3,xsim,1,2,1,2,37,M2,FF,F7,640,960,valid,activated_detected,,1,results/step06/raw/full/xsim/run_0021_offset_1280_count_0064.log
F1324,3,Rising_TF,37,4,xsim,1,2,1,2,37,M2,FF,EF,640,960,valid,activated_detected,,1,results/step06/raw/full/xsim/run_0021_offset_1280_count_0064.log
F1325,3,Rising_TF,37,5,xsim,1,2,1,2,37,M2,FF,DF,640,960,valid,activated_detected,,1,results/step06/raw/full/xsim/run_0021_offset_1280_count_0064.log
F1326,3,Rising_TF,37,6,xsim,1,2,1,2,37,M2,FF,BF,640,960,valid,activated_detected,,1,results/step06/raw/full/xsim/run_0021_offset_1280_count_0064.log
F1327,3,Rising_TF,37,7,xsim,1,2,1,2,37,M2,FF,7F,640,960,valid,activated_detected,,1,results/step06/raw/full/xsim/run_0021_offset_1280_count_0064.log
F1328,3,Rising_TF,38,0,xsim,1,2,1,2,38,M2,FF,FE,640,960,valid,activated_detected,,1,results/step06/raw/full/xsim/run_0021_offset_1280_count_0064.log
F1329,3,Rising_TF,38,1,xsim,1,2,1,2,38,M2,FF,FD,640,960,valid,activated_detected,,1,results/step06/raw/full/xsim/run_0021_offset_1280_count_0064.log
F1330,3,Rising_TF,38,2,xsim,1,2,1,2,38,M2,FF,FB,640,960,valid,activated_detected,,1,results/step06/raw/full/xsim/run_0021_offset_1280_count_0064.log
F1331,3,Rising_TF,38,3,xsim,1,2,1,2,38,M2,FF,F7,640,960,valid,activated_detected,,1,results/step06/raw/full/xsim/run_0021_offset_1280_count_0064.log
F1332,3,Rising_TF,38,4,xsim,1,2,1,2,38,M2,FF,EF,640,960,valid,activated_detected,,1,results/step06/raw/full/xsim/run_0021_offset_1280_count_0064.log
F1333,3,Rising_TF,38,5,xsim,1,2,1,2,38,M2,FF,DF,640,960,valid,activated_detected,,1,results/step06/raw/full/xsim/run_0021_offset_1280_count_0064.log
F1334,3,Rising_TF,38,6,xsim,1,2,1,2,38,M2,FF,BF,640,960,valid,activated_detected,,1,results/step06/raw/full/xsim/run_0021_offset_1280_count_0064.log
F1335,3,Rising_TF,38,7,xsim,1,2,1,2,38,M2,FF,7F,640,960,valid,activated_detected,,1,results/step06/raw/full/xsim/run_0021_offset_1280_count_0064.log
F1336,3,Rising_TF,39,0,xsim,1,2,1,2,39,M2,FF,FE,640,960,valid,activated_detected,,1,results/step06/raw/full/xsim/run_0021_offset_1280_count_0064.log
F1337,3,Rising_TF,39,1,xsim,1,2,1,2,39,M2,FF,FD,640,960,valid,activated_detected,,1,results/step06/raw/full/xsim/run_0021_offset_1280_count_0064.log
F1338,3,Rising_TF,39,2,xsim,1,2,1,2,39,M2,FF,FB,640,960,valid,activated_detected,,1,results/step06/raw/full/xsim/run_0021_offset_1280_count_0064.log
F1339,3,Rising_TF,39,3,xsim,1,2,1,2,39,M2,FF,F7,640,960,valid,activated_detected,,1,results/step06/raw/full/xsim/run_0021_offset_1280_count_0064.log
F1340,3,Rising_TF,39,4,xsim,1,2,1,2,39,M2,FF,EF,640,960,valid,activated_detected,,1,results/step06/raw/full/xsim/run_0021_offset_1280_count_0064.log
F1341,3,Rising_TF,39,5,xsim,1,2,1,2,39,M2,FF,DF,640,960,valid,activated_detected,,1,results/step06/raw/full/xsim/run_0021_offset_1280_count_0064.log
F1342,3,Rising_TF,39,6,xsim,1,2,1,2,39,M2,FF,BF,640,960,valid,activated_detected,,1,results/step06/raw/full/xsim/run_0021_offset_1280_count_0064.log
F1343,3,Rising_TF,39,7,xsim,1,2,1,2,39,M2,FF,7F,640,960,valid,activated_detected,,1,results/step06/raw/full/xsim/run_0021_offset_1280_count_0064.log
F1344,3,Rising_TF,40,0,xsim,1,2,1,2,40,M2,FF,FE,640,960,valid,activated_detected,,1,results/step06/raw/full/xsim/run_0022_offset_1344_count_0064.log
F1345,3,Rising_TF,40,1,xsim,1,2,1,2,40,M2,FF,FD,640,960,valid,activated_detected,,1,results/step06/raw/full/xsim/run_0022_offset_1344_count_0064.log
F1346,3,Rising_TF,40,2,xsim,1,2,1,2,40,M2,FF,FB,640,960,valid,activated_detected,,1,results/step06/raw/full/xsim/run_0022_offset_1344_count_0064.log
F1347,3,Rising_TF,40,3,xsim,1,2,1,2,40,M2,FF,F7,640,960,valid,activated_detected,,1,results/step06/raw/full/xsim/run_0022_offset_1344_count_0064.log
F1348,3,Rising_TF,40,4,xsim,1,2,1,2,40,M2,FF,EF,640,960,valid,activated_detected,,1,results/step06/raw/full/xsim/run_0022_offset_1344_count_0064.log
F1349,3,Rising_TF,40,5,xsim,1,2,1,2,40,M2,FF,DF,640,960,valid,activated_detected,,1,results/step06/raw/full/xsim/run_0022_offset_1344_count_0064.log
F1350,3,Rising_TF,40,6,xsim,1,2,1,2,40,M2,FF,BF,640,960,valid,activated_detected,,1,results/step06/raw/full/xsim/run_0022_offset_1344_count_0064.log
F1351,3,Rising_TF,40,7,xsim,1,2,1,2,40,M2,FF,7F,640,960,valid,activated_detected,,1,results/step06/raw/full/xsim/run_0022_offset_1344_count_0064.log
F1352,3,Rising_TF,41,0,xsim,1,2,1,2,41,M2,FF,FE,640,960,valid,activated_detected,,1,results/step06/raw/full/xsim/run_0022_offset_1344_count_0064.log
F1353,3,Rising_TF,41,1,xsim,1,2,1,2,41,M2,FF,FD,640,960,valid,activated_detected,,1,results/step06/raw/full/xsim/run_0022_offset_1344_count_0064.log
F1354,3,Rising_TF,41,2,xsim,1,2,1,2,41,M2,FF,FB,640,960,valid,activated_detected,,1,results/step06/raw/full/xsim/run_0022_offset_1344_count_0064.log
F1355,3,Rising_TF,41,3,xsim,1,2,1,2,41,M2,FF,F7,640,960,valid,activated_detected,,1,results/step06/raw/full/xsim/run_0022_offset_1344_count_0064.log
F1356,3,Rising_TF,41,4,xsim,1,2,1,2,41,M2,FF,EF,640,960,valid,activated_detected,,1,results/step06/raw/full/xsim/run_0022_offset_1344_count_0064.log
F1357,3,Rising_TF,41,5,xsim,1,2,1,2,41,M2,FF,DF,640,960,valid,activated_detected,,1,results/step06/raw/full/xsim/run_0022_offset_1344_count_0064.log
F1358,3,Rising_TF,41,6,xsim,1,2,1,2,41,M2,FF,BF,640,960,valid,activated_detected,,1,results/step06/raw/full/xsim/run_0022_offset_1344_count_0064.log
F1359,3,Rising_TF,41,7,xsim,1,2,1,2,41,M2,FF,7F,640,960,valid,activated_detected,,1,results/step06/raw/full/xsim/run_0022_offset_1344_count_0064.log
F1360,3,Rising_TF,42,0,xsim,1,2,1,2,42,M2,FF,FE,640,960,valid,activated_detected,,1,results/step06/raw/full/xsim/run_0022_offset_1344_count_0064.log
F1361,3,Rising_TF,42,1,xsim,1,2,1,2,42,M2,FF,FD,640,960,valid,activated_detected,,1,results/step06/raw/full/xsim/run_0022_offset_1344_count_0064.log
F1362,3,Rising_TF,42,2,xsim,1,2,1,2,42,M2,FF,FB,640,960,valid,activated_detected,,1,results/step06/raw/full/xsim/run_0022_offset_1344_count_0064.log
F1363,3,Rising_TF,42,3,xsim,1,2,1,2,42,M2,FF,F7,640,960,valid,activated_detected,,1,results/step06/raw/full/xsim/run_0022_offset_1344_count_0064.log
F1364,3,Rising_TF,42,4,xsim,1,2,1,2,42,M2,FF,EF,640,960,valid,activated_detected,,1,results/step06/raw/full/xsim/run_0022_offset_1344_count_0064.log
F1365,3,Rising_TF,42,5,xsim,1,2,1,2,42,M2,FF,DF,640,960,valid,activated_detected,,1,results/step06/raw/full/xsim/run_0022_offset_1344_count_0064.log
F1366,3,Rising_TF,42,6,xsim,1,2,1,2,42,M2,FF,BF,640,960,valid,activated_detected,,1,results/step06/raw/full/xsim/run_0022_offset_1344_count_0064.log
F1367,3,Rising_TF,42,7,xsim,1,2,1,2,42,M2,FF,7F,640,960,valid,activated_detected,,1,results/step06/raw/full/xsim/run_0022_offset_1344_count_0064.log
F1368,3,Rising_TF,43,0,xsim,1,2,1,2,43,M2,FF,FE,640,960,valid,activated_detected,,1,results/step06/raw/full/xsim/run_0022_offset_1344_count_0064.log
F1369,3,Rising_TF,43,1,xsim,1,2,1,2,43,M2,FF,FD,640,960,valid,activated_detected,,1,results/step06/raw/full/xsim/run_0022_offset_1344_count_0064.log
F1370,3,Rising_TF,43,2,xsim,1,2,1,2,43,M2,FF,FB,640,960,valid,activated_detected,,1,results/step06/raw/full/xsim/run_0022_offset_1344_count_0064.log
F1371,3,Rising_TF,43,3,xsim,1,2,1,2,43,M2,FF,F7,640,960,valid,activated_detected,,1,results/step06/raw/full/xsim/run_0022_offset_1344_count_0064.log
F1372,3,Rising_TF,43,4,xsim,1,2,1,2,43,M2,FF,EF,640,960,valid,activated_detected,,1,results/step06/raw/full/xsim/run_0022_offset_1344_count_0064.log
F1373,3,Rising_TF,43,5,xsim,1,2,1,2,43,M2,FF,DF,640,960,valid,activated_detected,,1,results/step06/raw/full/xsim/run_0022_offset_1344_count_0064.log
F1374,3,Rising_TF,43,6,xsim,1,2,1,2,43,M2,FF,BF,640,960,valid,activated_detected,,1,results/step06/raw/full/xsim/run_0022_offset_1344_count_0064.log
F1375,3,Rising_TF,43,7,xsim,1,2,1,2,43,M2,FF,7F,640,960,valid,activated_detected,,1,results/step06/raw/full/xsim/run_0022_offset_1344_count_0064.log
F1376,3,Rising_TF,44,0,xsim,1,2,1,2,44,M2,FF,FE,640,960,valid,activated_detected,,1,results/step06/raw/full/xsim/run_0022_offset_1344_count_0064.log
F1377,3,Rising_TF,44,1,xsim,1,2,1,2,44,M2,FF,FD,640,960,valid,activated_detected,,1,results/step06/raw/full/xsim/run_0022_offset_1344_count_0064.log
F1378,3,Rising_TF,44,2,xsim,1,2,1,2,44,M2,FF,FB,640,960,valid,activated_detected,,1,results/step06/raw/full/xsim/run_0022_offset_1344_count_0064.log
F1379,3,Rising_TF,44,3,xsim,1,2,1,2,44,M2,FF,F7,640,960,valid,activated_detected,,1,results/step06/raw/full/xsim/run_0022_offset_1344_count_0064.log
F1380,3,Rising_TF,44,4,xsim,1,2,1,2,44,M2,FF,EF,640,960,valid,activated_detected,,1,results/step06/raw/full/xsim/run_0022_offset_1344_count_0064.log
F1381,3,Rising_TF,44,5,xsim,1,2,1,2,44,M2,FF,DF,640,960,valid,activated_detected,,1,results/step06/raw/full/xsim/run_0022_offset_1344_count_0064.log
F1382,3,Rising_TF,44,6,xsim,1,2,1,2,44,M2,FF,BF,640,960,valid,activated_detected,,1,results/step06/raw/full/xsim/run_0022_offset_1344_count_0064.log
F1383,3,Rising_TF,44,7,xsim,1,2,1,2,44,M2,FF,7F,640,960,valid,activated_detected,,1,results/step06/raw/full/xsim/run_0022_offset_1344_count_0064.log
F1384,3,Rising_TF,45,0,xsim,1,2,1,2,45,M2,FF,FE,640,960,valid,activated_detected,,1,results/step06/raw/full/xsim/run_0022_offset_1344_count_0064.log
F1385,3,Rising_TF,45,1,xsim,1,2,1,2,45,M2,FF,FD,640,960,valid,activated_detected,,1,results/step06/raw/full/xsim/run_0022_offset_1344_count_0064.log
F1386,3,Rising_TF,45,2,xsim,1,2,1,2,45,M2,FF,FB,640,960,valid,activated_detected,,1,results/step06/raw/full/xsim/run_0022_offset_1344_count_0064.log
F1387,3,Rising_TF,45,3,xsim,1,2,1,2,45,M2,FF,F7,640,960,valid,activated_detected,,1,results/step06/raw/full/xsim/run_0022_offset_1344_count_0064.log
F1388,3,Rising_TF,45,4,xsim,1,2,1,2,45,M2,FF,EF,640,960,valid,activated_detected,,1,results/step06/raw/full/xsim/run_0022_offset_1344_count_0064.log
F1389,3,Rising_TF,45,5,xsim,1,2,1,2,45,M2,FF,DF,640,960,valid,activated_detected,,1,results/step06/raw/full/xsim/run_0022_offset_1344_count_0064.log
F1390,3,Rising_TF,45,6,xsim,1,2,1,2,45,M2,FF,BF,640,960,valid,activated_detected,,1,results/step06/raw/full/xsim/run_0022_offset_1344_count_0064.log
F1391,3,Rising_TF,45,7,xsim,1,2,1,2,45,M2,FF,7F,640,960,valid,activated_detected,,1,results/step06/raw/full/xsim/run_0022_offset_1344_count_0064.log
F1392,3,Rising_TF,46,0,xsim,1,2,1,2,46,M2,FF,FE,640,960,valid,activated_detected,,1,results/step06/raw/full/xsim/run_0022_offset_1344_count_0064.log
F1393,3,Rising_TF,46,1,xsim,1,2,1,2,46,M2,FF,FD,640,960,valid,activated_detected,,1,results/step06/raw/full/xsim/run_0022_offset_1344_count_0064.log
F1394,3,Rising_TF,46,2,xsim,1,2,1,2,46,M2,FF,FB,640,960,valid,activated_detected,,1,results/step06/raw/full/xsim/run_0022_offset_1344_count_0064.log
F1395,3,Rising_TF,46,3,xsim,1,2,1,2,46,M2,FF,F7,640,960,valid,activated_detected,,1,results/step06/raw/full/xsim/run_0022_offset_1344_count_0064.log
F1396,3,Rising_TF,46,4,xsim,1,2,1,2,46,M2,FF,EF,640,960,valid,activated_detected,,1,results/step06/raw/full/xsim/run_0022_offset_1344_count_0064.log
F1397,3,Rising_TF,46,5,xsim,1,2,1,2,46,M2,FF,DF,640,960,valid,activated_detected,,1,results/step06/raw/full/xsim/run_0022_offset_1344_count_0064.log
F1398,3,Rising_TF,46,6,xsim,1,2,1,2,46,M2,FF,BF,640,960,valid,activated_detected,,1,results/step06/raw/full/xsim/run_0022_offset_1344_count_0064.log
F1399,3,Rising_TF,46,7,xsim,1,2,1,2,46,M2,FF,7F,640,960,valid,activated_detected,,1,results/step06/raw/full/xsim/run_0022_offset_1344_count_0064.log
F1400,3,Rising_TF,47,0,xsim,1,2,1,2,47,M2,FF,FE,640,960,valid,activated_detected,,1,results/step06/raw/full/xsim/run_0022_offset_1344_count_0064.log
F1401,3,Rising_TF,47,1,xsim,1,2,1,2,47,M2,FF,FD,640,960,valid,activated_detected,,1,results/step06/raw/full/xsim/run_0022_offset_1344_count_0064.log
F1402,3,Rising_TF,47,2,xsim,1,2,1,2,47,M2,FF,FB,640,960,valid,activated_detected,,1,results/step06/raw/full/xsim/run_0022_offset_1344_count_0064.log
F1403,3,Rising_TF,47,3,xsim,1,2,1,2,47,M2,FF,F7,640,960,valid,activated_detected,,1,results/step06/raw/full/xsim/run_0022_offset_1344_count_0064.log
F1404,3,Rising_TF,47,4,xsim,1,2,1,2,47,M2,FF,EF,640,960,valid,activated_detected,,1,results/step06/raw/full/xsim/run_0022_offset_1344_count_0064.log
F1405,3,Rising_TF,47,5,xsim,1,2,1,2,47,M2,FF,DF,640,960,valid,activated_detected,,1,results/step06/raw/full/xsim/run_0022_offset_1344_count_0064.log
F1406,3,Rising_TF,47,6,xsim,1,2,1,2,47,M2,FF,BF,640,960,valid,activated_detected,,1,results/step06/raw/full/xsim/run_0022_offset_1344_count_0064.log
F1407,3,Rising_TF,47,7,xsim,1,2,1,2,47,M2,FF,7F,640,960,valid,activated_detected,,1,results/step06/raw/full/xsim/run_0022_offset_1344_count_0064.log
F1408,3,Rising_TF,48,0,xsim,1,2,1,2,48,M2,FF,FE,640,960,valid,activated_detected,,1,results/step06/raw/full/xsim/run_0023_offset_1408_count_0064.log
F1409,3,Rising_TF,48,1,xsim,1,2,1,2,48,M2,FF,FD,640,960,valid,activated_detected,,1,results/step06/raw/full/xsim/run_0023_offset_1408_count_0064.log
F1410,3,Rising_TF,48,2,xsim,1,2,1,2,48,M2,FF,FB,640,960,valid,activated_detected,,1,results/step06/raw/full/xsim/run_0023_offset_1408_count_0064.log
F1411,3,Rising_TF,48,3,xsim,1,2,1,2,48,M2,FF,F7,640,960,valid,activated_detected,,1,results/step06/raw/full/xsim/run_0023_offset_1408_count_0064.log
F1412,3,Rising_TF,48,4,xsim,1,2,1,2,48,M2,FF,EF,640,960,valid,activated_detected,,1,results/step06/raw/full/xsim/run_0023_offset_1408_count_0064.log
F1413,3,Rising_TF,48,5,xsim,1,2,1,2,48,M2,FF,DF,640,960,valid,activated_detected,,1,results/step06/raw/full/xsim/run_0023_offset_1408_count_0064.log
F1414,3,Rising_TF,48,6,xsim,1,2,1,2,48,M2,FF,BF,640,960,valid,activated_detected,,1,results/step06/raw/full/xsim/run_0023_offset_1408_count_0064.log
F1415,3,Rising_TF,48,7,xsim,1,2,1,2,48,M2,FF,7F,640,960,valid,activated_detected,,1,results/step06/raw/full/xsim/run_0023_offset_1408_count_0064.log
F1416,3,Rising_TF,49,0,xsim,1,2,1,2,49,M2,FF,FE,640,960,valid,activated_detected,,1,results/step06/raw/full/xsim/run_0023_offset_1408_count_0064.log
F1417,3,Rising_TF,49,1,xsim,1,2,1,2,49,M2,FF,FD,640,960,valid,activated_detected,,1,results/step06/raw/full/xsim/run_0023_offset_1408_count_0064.log
F1418,3,Rising_TF,49,2,xsim,1,2,1,2,49,M2,FF,FB,640,960,valid,activated_detected,,1,results/step06/raw/full/xsim/run_0023_offset_1408_count_0064.log
F1419,3,Rising_TF,49,3,xsim,1,2,1,2,49,M2,FF,F7,640,960,valid,activated_detected,,1,results/step06/raw/full/xsim/run_0023_offset_1408_count_0064.log
F1420,3,Rising_TF,49,4,xsim,1,2,1,2,49,M2,FF,EF,640,960,valid,activated_detected,,1,results/step06/raw/full/xsim/run_0023_offset_1408_count_0064.log
F1421,3,Rising_TF,49,5,xsim,1,2,1,2,49,M2,FF,DF,640,960,valid,activated_detected,,1,results/step06/raw/full/xsim/run_0023_offset_1408_count_0064.log
F1422,3,Rising_TF,49,6,xsim,1,2,1,2,49,M2,FF,BF,640,960,valid,activated_detected,,1,results/step06/raw/full/xsim/run_0023_offset_1408_count_0064.log
F1423,3,Rising_TF,49,7,xsim,1,2,1,2,49,M2,FF,7F,640,960,valid,activated_detected,,1,results/step06/raw/full/xsim/run_0023_offset_1408_count_0064.log
F1424,3,Rising_TF,50,0,xsim,1,2,1,2,50,M2,FF,FE,640,960,valid,activated_detected,,1,results/step06/raw/full/xsim/run_0023_offset_1408_count_0064.log
F1425,3,Rising_TF,50,1,xsim,1,2,1,2,50,M2,FF,FD,640,960,valid,activated_detected,,1,results/step06/raw/full/xsim/run_0023_offset_1408_count_0064.log
F1426,3,Rising_TF,50,2,xsim,1,2,1,2,50,M2,FF,FB,640,960,valid,activated_detected,,1,results/step06/raw/full/xsim/run_0023_offset_1408_count_0064.log
F1427,3,Rising_TF,50,3,xsim,1,2,1,2,50,M2,FF,F7,640,960,valid,activated_detected,,1,results/step06/raw/full/xsim/run_0023_offset_1408_count_0064.log
F1428,3,Rising_TF,50,4,xsim,1,2,1,2,50,M2,FF,EF,640,960,valid,activated_detected,,1,results/step06/raw/full/xsim/run_0023_offset_1408_count_0064.log
F1429,3,Rising_TF,50,5,xsim,1,2,1,2,50,M2,FF,DF,640,960,valid,activated_detected,,1,results/step06/raw/full/xsim/run_0023_offset_1408_count_0064.log
F1430,3,Rising_TF,50,6,xsim,1,2,1,2,50,M2,FF,BF,640,960,valid,activated_detected,,1,results/step06/raw/full/xsim/run_0023_offset_1408_count_0064.log
F1431,3,Rising_TF,50,7,xsim,1,2,1,2,50,M2,FF,7F,640,960,valid,activated_detected,,1,results/step06/raw/full/xsim/run_0023_offset_1408_count_0064.log
F1432,3,Rising_TF,51,0,xsim,1,2,1,2,51,M2,FF,FE,640,960,valid,activated_detected,,1,results/step06/raw/full/xsim/run_0023_offset_1408_count_0064.log
F1433,3,Rising_TF,51,1,xsim,1,2,1,2,51,M2,FF,FD,640,960,valid,activated_detected,,1,results/step06/raw/full/xsim/run_0023_offset_1408_count_0064.log
F1434,3,Rising_TF,51,2,xsim,1,2,1,2,51,M2,FF,FB,640,960,valid,activated_detected,,1,results/step06/raw/full/xsim/run_0023_offset_1408_count_0064.log
F1435,3,Rising_TF,51,3,xsim,1,2,1,2,51,M2,FF,F7,640,960,valid,activated_detected,,1,results/step06/raw/full/xsim/run_0023_offset_1408_count_0064.log
F1436,3,Rising_TF,51,4,xsim,1,2,1,2,51,M2,FF,EF,640,960,valid,activated_detected,,1,results/step06/raw/full/xsim/run_0023_offset_1408_count_0064.log
F1437,3,Rising_TF,51,5,xsim,1,2,1,2,51,M2,FF,DF,640,960,valid,activated_detected,,1,results/step06/raw/full/xsim/run_0023_offset_1408_count_0064.log
F1438,3,Rising_TF,51,6,xsim,1,2,1,2,51,M2,FF,BF,640,960,valid,activated_detected,,1,results/step06/raw/full/xsim/run_0023_offset_1408_count_0064.log
F1439,3,Rising_TF,51,7,xsim,1,2,1,2,51,M2,FF,7F,640,960,valid,activated_detected,,1,results/step06/raw/full/xsim/run_0023_offset_1408_count_0064.log
F1440,3,Rising_TF,52,0,xsim,1,2,1,2,52,M2,FF,FE,640,960,valid,activated_detected,,1,results/step06/raw/full/xsim/run_0023_offset_1408_count_0064.log
F1441,3,Rising_TF,52,1,xsim,1,2,1,2,52,M2,FF,FD,640,960,valid,activated_detected,,1,results/step06/raw/full/xsim/run_0023_offset_1408_count_0064.log
F1442,3,Rising_TF,52,2,xsim,1,2,1,2,52,M2,FF,FB,640,960,valid,activated_detected,,1,results/step06/raw/full/xsim/run_0023_offset_1408_count_0064.log
F1443,3,Rising_TF,52,3,xsim,1,2,1,2,52,M2,FF,F7,640,960,valid,activated_detected,,1,results/step06/raw/full/xsim/run_0023_offset_1408_count_0064.log
F1444,3,Rising_TF,52,4,xsim,1,2,1,2,52,M2,FF,EF,640,960,valid,activated_detected,,1,results/step06/raw/full/xsim/run_0023_offset_1408_count_0064.log
F1445,3,Rising_TF,52,5,xsim,1,2,1,2,52,M2,FF,DF,640,960,valid,activated_detected,,1,results/step06/raw/full/xsim/run_0023_offset_1408_count_0064.log
F1446,3,Rising_TF,52,6,xsim,1,2,1,2,52,M2,FF,BF,640,960,valid,activated_detected,,1,results/step06/raw/full/xsim/run_0023_offset_1408_count_0064.log
F1447,3,Rising_TF,52,7,xsim,1,2,1,2,52,M2,FF,7F,640,960,valid,activated_detected,,1,results/step06/raw/full/xsim/run_0023_offset_1408_count_0064.log
F1448,3,Rising_TF,53,0,xsim,1,2,1,2,53,M2,FF,FE,640,960,valid,activated_detected,,1,results/step06/raw/full/xsim/run_0023_offset_1408_count_0064.log
F1449,3,Rising_TF,53,1,xsim,1,2,1,2,53,M2,FF,FD,640,960,valid,activated_detected,,1,results/step06/raw/full/xsim/run_0023_offset_1408_count_0064.log
F1450,3,Rising_TF,53,2,xsim,1,2,1,2,53,M2,FF,FB,640,960,valid,activated_detected,,1,results/step06/raw/full/xsim/run_0023_offset_1408_count_0064.log
F1451,3,Rising_TF,53,3,xsim,1,2,1,2,53,M2,FF,F7,640,960,valid,activated_detected,,1,results/step06/raw/full/xsim/run_0023_offset_1408_count_0064.log
F1452,3,Rising_TF,53,4,xsim,1,2,1,2,53,M2,FF,EF,640,960,valid,activated_detected,,1,results/step06/raw/full/xsim/run_0023_offset_1408_count_0064.log
F1453,3,Rising_TF,53,5,xsim,1,2,1,2,53,M2,FF,DF,640,960,valid,activated_detected,,1,results/step06/raw/full/xsim/run_0023_offset_1408_count_0064.log
F1454,3,Rising_TF,53,6,xsim,1,2,1,2,53,M2,FF,BF,640,960,valid,activated_detected,,1,results/step06/raw/full/xsim/run_0023_offset_1408_count_0064.log
F1455,3,Rising_TF,53,7,xsim,1,2,1,2,53,M2,FF,7F,640,960,valid,activated_detected,,1,results/step06/raw/full/xsim/run_0023_offset_1408_count_0064.log
F1456,3,Rising_TF,54,0,xsim,1,2,1,2,54,M2,FF,FE,640,960,valid,activated_detected,,1,results/step06/raw/full/xsim/run_0023_offset_1408_count_0064.log
F1457,3,Rising_TF,54,1,xsim,1,2,1,2,54,M2,FF,FD,640,960,valid,activated_detected,,1,results/step06/raw/full/xsim/run_0023_offset_1408_count_0064.log
F1458,3,Rising_TF,54,2,xsim,1,2,1,2,54,M2,FF,FB,640,960,valid,activated_detected,,1,results/step06/raw/full/xsim/run_0023_offset_1408_count_0064.log
F1459,3,Rising_TF,54,3,xsim,1,2,1,2,54,M2,FF,F7,640,960,valid,activated_detected,,1,results/step06/raw/full/xsim/run_0023_offset_1408_count_0064.log
F1460,3,Rising_TF,54,4,xsim,1,2,1,2,54,M2,FF,EF,640,960,valid,activated_detected,,1,results/step06/raw/full/xsim/run_0023_offset_1408_count_0064.log
F1461,3,Rising_TF,54,5,xsim,1,2,1,2,54,M2,FF,DF,640,960,valid,activated_detected,,1,results/step06/raw/full/xsim/run_0023_offset_1408_count_0064.log
F1462,3,Rising_TF,54,6,xsim,1,2,1,2,54,M2,FF,BF,640,960,valid,activated_detected,,1,results/step06/raw/full/xsim/run_0023_offset_1408_count_0064.log
F1463,3,Rising_TF,54,7,xsim,1,2,1,2,54,M2,FF,7F,640,960,valid,activated_detected,,1,results/step06/raw/full/xsim/run_0023_offset_1408_count_0064.log
F1464,3,Rising_TF,55,0,xsim,1,2,1,2,55,M2,FF,FE,640,960,valid,activated_detected,,1,results/step06/raw/full/xsim/run_0023_offset_1408_count_0064.log
F1465,3,Rising_TF,55,1,xsim,1,2,1,2,55,M2,FF,FD,640,960,valid,activated_detected,,1,results/step06/raw/full/xsim/run_0023_offset_1408_count_0064.log
F1466,3,Rising_TF,55,2,xsim,1,2,1,2,55,M2,FF,FB,640,960,valid,activated_detected,,1,results/step06/raw/full/xsim/run_0023_offset_1408_count_0064.log
F1467,3,Rising_TF,55,3,xsim,1,2,1,2,55,M2,FF,F7,640,960,valid,activated_detected,,1,results/step06/raw/full/xsim/run_0023_offset_1408_count_0064.log
F1468,3,Rising_TF,55,4,xsim,1,2,1,2,55,M2,FF,EF,640,960,valid,activated_detected,,1,results/step06/raw/full/xsim/run_0023_offset_1408_count_0064.log
F1469,3,Rising_TF,55,5,xsim,1,2,1,2,55,M2,FF,DF,640,960,valid,activated_detected,,1,results/step06/raw/full/xsim/run_0023_offset_1408_count_0064.log
F1470,3,Rising_TF,55,6,xsim,1,2,1,2,55,M2,FF,BF,640,960,valid,activated_detected,,1,results/step06/raw/full/xsim/run_0023_offset_1408_count_0064.log
F1471,3,Rising_TF,55,7,xsim,1,2,1,2,55,M2,FF,7F,640,960,valid,activated_detected,,1,results/step06/raw/full/xsim/run_0023_offset_1408_count_0064.log
F1472,3,Rising_TF,56,0,xsim,1,2,1,2,56,M2,FF,FE,640,960,valid,activated_detected,,1,results/step06/raw/full/xsim/run_0024_offset_1472_count_0064.log
F1473,3,Rising_TF,56,1,xsim,1,2,1,2,56,M2,FF,FD,640,960,valid,activated_detected,,1,results/step06/raw/full/xsim/run_0024_offset_1472_count_0064.log
F1474,3,Rising_TF,56,2,xsim,1,2,1,2,56,M2,FF,FB,640,960,valid,activated_detected,,1,results/step06/raw/full/xsim/run_0024_offset_1472_count_0064.log
F1475,3,Rising_TF,56,3,xsim,1,2,1,2,56,M2,FF,F7,640,960,valid,activated_detected,,1,results/step06/raw/full/xsim/run_0024_offset_1472_count_0064.log
F1476,3,Rising_TF,56,4,xsim,1,2,1,2,56,M2,FF,EF,640,960,valid,activated_detected,,1,results/step06/raw/full/xsim/run_0024_offset_1472_count_0064.log
F1477,3,Rising_TF,56,5,xsim,1,2,1,2,56,M2,FF,DF,640,960,valid,activated_detected,,1,results/step06/raw/full/xsim/run_0024_offset_1472_count_0064.log
F1478,3,Rising_TF,56,6,xsim,1,2,1,2,56,M2,FF,BF,640,960,valid,activated_detected,,1,results/step06/raw/full/xsim/run_0024_offset_1472_count_0064.log
F1479,3,Rising_TF,56,7,xsim,1,2,1,2,56,M2,FF,7F,640,960,valid,activated_detected,,1,results/step06/raw/full/xsim/run_0024_offset_1472_count_0064.log
F1480,3,Rising_TF,57,0,xsim,1,2,1,2,57,M2,FF,FE,640,960,valid,activated_detected,,1,results/step06/raw/full/xsim/run_0024_offset_1472_count_0064.log
F1481,3,Rising_TF,57,1,xsim,1,2,1,2,57,M2,FF,FD,640,960,valid,activated_detected,,1,results/step06/raw/full/xsim/run_0024_offset_1472_count_0064.log
F1482,3,Rising_TF,57,2,xsim,1,2,1,2,57,M2,FF,FB,640,960,valid,activated_detected,,1,results/step06/raw/full/xsim/run_0024_offset_1472_count_0064.log
F1483,3,Rising_TF,57,3,xsim,1,2,1,2,57,M2,FF,F7,640,960,valid,activated_detected,,1,results/step06/raw/full/xsim/run_0024_offset_1472_count_0064.log
F1484,3,Rising_TF,57,4,xsim,1,2,1,2,57,M2,FF,EF,640,960,valid,activated_detected,,1,results/step06/raw/full/xsim/run_0024_offset_1472_count_0064.log
F1485,3,Rising_TF,57,5,xsim,1,2,1,2,57,M2,FF,DF,640,960,valid,activated_detected,,1,results/step06/raw/full/xsim/run_0024_offset_1472_count_0064.log
F1486,3,Rising_TF,57,6,xsim,1,2,1,2,57,M2,FF,BF,640,960,valid,activated_detected,,1,results/step06/raw/full/xsim/run_0024_offset_1472_count_0064.log
F1487,3,Rising_TF,57,7,xsim,1,2,1,2,57,M2,FF,7F,640,960,valid,activated_detected,,1,results/step06/raw/full/xsim/run_0024_offset_1472_count_0064.log
F1488,3,Rising_TF,58,0,xsim,1,2,1,2,58,M2,FF,FE,640,960,valid,activated_detected,,1,results/step06/raw/full/xsim/run_0024_offset_1472_count_0064.log
F1489,3,Rising_TF,58,1,xsim,1,2,1,2,58,M2,FF,FD,640,960,valid,activated_detected,,1,results/step06/raw/full/xsim/run_0024_offset_1472_count_0064.log
F1490,3,Rising_TF,58,2,xsim,1,2,1,2,58,M2,FF,FB,640,960,valid,activated_detected,,1,results/step06/raw/full/xsim/run_0024_offset_1472_count_0064.log
F1491,3,Rising_TF,58,3,xsim,1,2,1,2,58,M2,FF,F7,640,960,valid,activated_detected,,1,results/step06/raw/full/xsim/run_0024_offset_1472_count_0064.log
F1492,3,Rising_TF,58,4,xsim,1,2,1,2,58,M2,FF,EF,640,960,valid,activated_detected,,1,results/step06/raw/full/xsim/run_0024_offset_1472_count_0064.log
F1493,3,Rising_TF,58,5,xsim,1,2,1,2,58,M2,FF,DF,640,960,valid,activated_detected,,1,results/step06/raw/full/xsim/run_0024_offset_1472_count_0064.log
F1494,3,Rising_TF,58,6,xsim,1,2,1,2,58,M2,FF,BF,640,960,valid,activated_detected,,1,results/step06/raw/full/xsim/run_0024_offset_1472_count_0064.log
F1495,3,Rising_TF,58,7,xsim,1,2,1,2,58,M2,FF,7F,640,960,valid,activated_detected,,1,results/step06/raw/full/xsim/run_0024_offset_1472_count_0064.log
F1496,3,Rising_TF,59,0,xsim,1,2,1,2,59,M2,FF,FE,640,960,valid,activated_detected,,1,results/step06/raw/full/xsim/run_0024_offset_1472_count_0064.log
F1497,3,Rising_TF,59,1,xsim,1,2,1,2,59,M2,FF,FD,640,960,valid,activated_detected,,1,results/step06/raw/full/xsim/run_0024_offset_1472_count_0064.log
F1498,3,Rising_TF,59,2,xsim,1,2,1,2,59,M2,FF,FB,640,960,valid,activated_detected,,1,results/step06/raw/full/xsim/run_0024_offset_1472_count_0064.log
F1499,3,Rising_TF,59,3,xsim,1,2,1,2,59,M2,FF,F7,640,960,valid,activated_detected,,1,results/step06/raw/full/xsim/run_0024_offset_1472_count_0064.log
F1500,3,Rising_TF,59,4,xsim,1,2,1,2,59,M2,FF,EF,640,960,valid,activated_detected,,1,results/step06/raw/full/xsim/run_0024_offset_1472_count_0064.log
F1501,3,Rising_TF,59,5,xsim,1,2,1,2,59,M2,FF,DF,640,960,valid,activated_detected,,1,results/step06/raw/full/xsim/run_0024_offset_1472_count_0064.log
F1502,3,Rising_TF,59,6,xsim,1,2,1,2,59,M2,FF,BF,640,960,valid,activated_detected,,1,results/step06/raw/full/xsim/run_0024_offset_1472_count_0064.log
F1503,3,Rising_TF,59,7,xsim,1,2,1,2,59,M2,FF,7F,640,960,valid,activated_detected,,1,results/step06/raw/full/xsim/run_0024_offset_1472_count_0064.log
F1504,3,Rising_TF,60,0,xsim,1,2,1,2,60,M2,FF,FE,640,960,valid,activated_detected,,1,results/step06/raw/full/xsim/run_0024_offset_1472_count_0064.log
F1505,3,Rising_TF,60,1,xsim,1,2,1,2,60,M2,FF,FD,640,960,valid,activated_detected,,1,results/step06/raw/full/xsim/run_0024_offset_1472_count_0064.log
F1506,3,Rising_TF,60,2,xsim,1,2,1,2,60,M2,FF,FB,640,960,valid,activated_detected,,1,results/step06/raw/full/xsim/run_0024_offset_1472_count_0064.log
F1507,3,Rising_TF,60,3,xsim,1,2,1,2,60,M2,FF,F7,640,960,valid,activated_detected,,1,results/step06/raw/full/xsim/run_0024_offset_1472_count_0064.log
F1508,3,Rising_TF,60,4,xsim,1,2,1,2,60,M2,FF,EF,640,960,valid,activated_detected,,1,results/step06/raw/full/xsim/run_0024_offset_1472_count_0064.log
F1509,3,Rising_TF,60,5,xsim,1,2,1,2,60,M2,FF,DF,640,960,valid,activated_detected,,1,results/step06/raw/full/xsim/run_0024_offset_1472_count_0064.log
F1510,3,Rising_TF,60,6,xsim,1,2,1,2,60,M2,FF,BF,640,960,valid,activated_detected,,1,results/step06/raw/full/xsim/run_0024_offset_1472_count_0064.log
F1511,3,Rising_TF,60,7,xsim,1,2,1,2,60,M2,FF,7F,640,960,valid,activated_detected,,1,results/step06/raw/full/xsim/run_0024_offset_1472_count_0064.log
F1512,3,Rising_TF,61,0,xsim,1,2,1,2,61,M2,FF,FE,640,960,valid,activated_detected,,1,results/step06/raw/full/xsim/run_0024_offset_1472_count_0064.log
F1513,3,Rising_TF,61,1,xsim,1,2,1,2,61,M2,FF,FD,640,960,valid,activated_detected,,1,results/step06/raw/full/xsim/run_0024_offset_1472_count_0064.log
F1514,3,Rising_TF,61,2,xsim,1,2,1,2,61,M2,FF,FB,640,960,valid,activated_detected,,1,results/step06/raw/full/xsim/run_0024_offset_1472_count_0064.log
F1515,3,Rising_TF,61,3,xsim,1,2,1,2,61,M2,FF,F7,640,960,valid,activated_detected,,1,results/step06/raw/full/xsim/run_0024_offset_1472_count_0064.log
F1516,3,Rising_TF,61,4,xsim,1,2,1,2,61,M2,FF,EF,640,960,valid,activated_detected,,1,results/step06/raw/full/xsim/run_0024_offset_1472_count_0064.log
F1517,3,Rising_TF,61,5,xsim,1,2,1,2,61,M2,FF,DF,640,960,valid,activated_detected,,1,results/step06/raw/full/xsim/run_0024_offset_1472_count_0064.log
F1518,3,Rising_TF,61,6,xsim,1,2,1,2,61,M2,FF,BF,640,960,valid,activated_detected,,1,results/step06/raw/full/xsim/run_0024_offset_1472_count_0064.log
F1519,3,Rising_TF,61,7,xsim,1,2,1,2,61,M2,FF,7F,640,960,valid,activated_detected,,1,results/step06/raw/full/xsim/run_0024_offset_1472_count_0064.log
F1520,3,Rising_TF,62,0,xsim,1,2,1,2,62,M2,FF,FE,640,960,valid,activated_detected,,1,results/step06/raw/full/xsim/run_0024_offset_1472_count_0064.log
F1521,3,Rising_TF,62,1,xsim,1,2,1,2,62,M2,FF,FD,640,960,valid,activated_detected,,1,results/step06/raw/full/xsim/run_0024_offset_1472_count_0064.log
F1522,3,Rising_TF,62,2,xsim,1,2,1,2,62,M2,FF,FB,640,960,valid,activated_detected,,1,results/step06/raw/full/xsim/run_0024_offset_1472_count_0064.log
F1523,3,Rising_TF,62,3,xsim,1,2,1,2,62,M2,FF,F7,640,960,valid,activated_detected,,1,results/step06/raw/full/xsim/run_0024_offset_1472_count_0064.log
F1524,3,Rising_TF,62,4,xsim,1,2,1,2,62,M2,FF,EF,640,960,valid,activated_detected,,1,results/step06/raw/full/xsim/run_0024_offset_1472_count_0064.log
F1525,3,Rising_TF,62,5,xsim,1,2,1,2,62,M2,FF,DF,640,960,valid,activated_detected,,1,results/step06/raw/full/xsim/run_0024_offset_1472_count_0064.log
F1526,3,Rising_TF,62,6,xsim,1,2,1,2,62,M2,FF,BF,640,960,valid,activated_detected,,1,results/step06/raw/full/xsim/run_0024_offset_1472_count_0064.log
F1527,3,Rising_TF,62,7,xsim,1,2,1,2,62,M2,FF,7F,640,960,valid,activated_detected,,1,results/step06/raw/full/xsim/run_0024_offset_1472_count_0064.log
F1528,3,Rising_TF,63,0,xsim,1,2,1,2,63,M2,FF,FE,640,960,valid,activated_detected,,1,results/step06/raw/full/xsim/run_0024_offset_1472_count_0064.log
F1529,3,Rising_TF,63,1,xsim,1,2,1,2,63,M2,FF,FD,640,960,valid,activated_detected,,1,results/step06/raw/full/xsim/run_0024_offset_1472_count_0064.log
F1530,3,Rising_TF,63,2,xsim,1,2,1,2,63,M2,FF,FB,640,960,valid,activated_detected,,1,results/step06/raw/full/xsim/run_0024_offset_1472_count_0064.log
F1531,3,Rising_TF,63,3,xsim,1,2,1,2,63,M2,FF,F7,640,960,valid,activated_detected,,1,results/step06/raw/full/xsim/run_0024_offset_1472_count_0064.log
F1532,3,Rising_TF,63,4,xsim,1,2,1,2,63,M2,FF,EF,640,960,valid,activated_detected,,1,results/step06/raw/full/xsim/run_0024_offset_1472_count_0064.log
F1533,3,Rising_TF,63,5,xsim,1,2,1,2,63,M2,FF,DF,640,960,valid,activated_detected,,1,results/step06/raw/full/xsim/run_0024_offset_1472_count_0064.log
F1534,3,Rising_TF,63,6,xsim,1,2,1,2,63,M2,FF,BF,640,960,valid,activated_detected,,1,results/step06/raw/full/xsim/run_0024_offset_1472_count_0064.log
F1535,3,Rising_TF,63,7,xsim,1,2,1,2,63,M2,FF,7F,640,960,valid,activated_detected,,1,results/step06/raw/full/xsim/run_0024_offset_1472_count_0064.log
F1536,4,Falling_TF,0,0,xsim,1,2,1,2,0,M3,00,01,640,960,valid,activated_detected,,1,results/step06/raw/full/xsim/run_0025_offset_1536_count_0064.log
F1537,4,Falling_TF,0,1,xsim,1,2,1,2,0,M3,00,02,640,960,valid,activated_detected,,1,results/step06/raw/full/xsim/run_0025_offset_1536_count_0064.log
F1538,4,Falling_TF,0,2,xsim,1,2,1,2,0,M3,00,04,640,960,valid,activated_detected,,1,results/step06/raw/full/xsim/run_0025_offset_1536_count_0064.log
F1539,4,Falling_TF,0,3,xsim,1,2,1,2,0,M3,00,08,640,960,valid,activated_detected,,1,results/step06/raw/full/xsim/run_0025_offset_1536_count_0064.log
F1540,4,Falling_TF,0,4,xsim,1,2,1,2,0,M3,00,10,640,960,valid,activated_detected,,1,results/step06/raw/full/xsim/run_0025_offset_1536_count_0064.log
F1541,4,Falling_TF,0,5,xsim,1,2,1,2,0,M3,00,20,640,960,valid,activated_detected,,1,results/step06/raw/full/xsim/run_0025_offset_1536_count_0064.log
F1542,4,Falling_TF,0,6,xsim,1,2,1,2,0,M3,00,40,640,960,valid,activated_detected,,1,results/step06/raw/full/xsim/run_0025_offset_1536_count_0064.log
F1543,4,Falling_TF,0,7,xsim,1,2,1,2,0,M3,00,80,640,960,valid,activated_detected,,1,results/step06/raw/full/xsim/run_0025_offset_1536_count_0064.log
F1544,4,Falling_TF,1,0,xsim,1,2,1,2,1,M3,00,01,640,960,valid,activated_detected,,1,results/step06/raw/full/xsim/run_0025_offset_1536_count_0064.log
F1545,4,Falling_TF,1,1,xsim,1,2,1,2,1,M3,00,02,640,960,valid,activated_detected,,1,results/step06/raw/full/xsim/run_0025_offset_1536_count_0064.log
F1546,4,Falling_TF,1,2,xsim,1,2,1,2,1,M3,00,04,640,960,valid,activated_detected,,1,results/step06/raw/full/xsim/run_0025_offset_1536_count_0064.log
F1547,4,Falling_TF,1,3,xsim,1,2,1,2,1,M3,00,08,640,960,valid,activated_detected,,1,results/step06/raw/full/xsim/run_0025_offset_1536_count_0064.log
F1548,4,Falling_TF,1,4,xsim,1,2,1,2,1,M3,00,10,640,960,valid,activated_detected,,1,results/step06/raw/full/xsim/run_0025_offset_1536_count_0064.log
F1549,4,Falling_TF,1,5,xsim,1,2,1,2,1,M3,00,20,640,960,valid,activated_detected,,1,results/step06/raw/full/xsim/run_0025_offset_1536_count_0064.log
F1550,4,Falling_TF,1,6,xsim,1,2,1,2,1,M3,00,40,640,960,valid,activated_detected,,1,results/step06/raw/full/xsim/run_0025_offset_1536_count_0064.log
F1551,4,Falling_TF,1,7,xsim,1,2,1,2,1,M3,00,80,640,960,valid,activated_detected,,1,results/step06/raw/full/xsim/run_0025_offset_1536_count_0064.log
F1552,4,Falling_TF,2,0,xsim,1,2,1,2,2,M3,00,01,640,960,valid,activated_detected,,1,results/step06/raw/full/xsim/run_0025_offset_1536_count_0064.log
F1553,4,Falling_TF,2,1,xsim,1,2,1,2,2,M3,00,02,640,960,valid,activated_detected,,1,results/step06/raw/full/xsim/run_0025_offset_1536_count_0064.log
F1554,4,Falling_TF,2,2,xsim,1,2,1,2,2,M3,00,04,640,960,valid,activated_detected,,1,results/step06/raw/full/xsim/run_0025_offset_1536_count_0064.log
F1555,4,Falling_TF,2,3,xsim,1,2,1,2,2,M3,00,08,640,960,valid,activated_detected,,1,results/step06/raw/full/xsim/run_0025_offset_1536_count_0064.log
F1556,4,Falling_TF,2,4,xsim,1,2,1,2,2,M3,00,10,640,960,valid,activated_detected,,1,results/step06/raw/full/xsim/run_0025_offset_1536_count_0064.log
F1557,4,Falling_TF,2,5,xsim,1,2,1,2,2,M3,00,20,640,960,valid,activated_detected,,1,results/step06/raw/full/xsim/run_0025_offset_1536_count_0064.log
F1558,4,Falling_TF,2,6,xsim,1,2,1,2,2,M3,00,40,640,960,valid,activated_detected,,1,results/step06/raw/full/xsim/run_0025_offset_1536_count_0064.log
F1559,4,Falling_TF,2,7,xsim,1,2,1,2,2,M3,00,80,640,960,valid,activated_detected,,1,results/step06/raw/full/xsim/run_0025_offset_1536_count_0064.log
F1560,4,Falling_TF,3,0,xsim,1,2,1,2,3,M3,00,01,640,960,valid,activated_detected,,1,results/step06/raw/full/xsim/run_0025_offset_1536_count_0064.log
F1561,4,Falling_TF,3,1,xsim,1,2,1,2,3,M3,00,02,640,960,valid,activated_detected,,1,results/step06/raw/full/xsim/run_0025_offset_1536_count_0064.log
F1562,4,Falling_TF,3,2,xsim,1,2,1,2,3,M3,00,04,640,960,valid,activated_detected,,1,results/step06/raw/full/xsim/run_0025_offset_1536_count_0064.log
F1563,4,Falling_TF,3,3,xsim,1,2,1,2,3,M3,00,08,640,960,valid,activated_detected,,1,results/step06/raw/full/xsim/run_0025_offset_1536_count_0064.log
F1564,4,Falling_TF,3,4,xsim,1,2,1,2,3,M3,00,10,640,960,valid,activated_detected,,1,results/step06/raw/full/xsim/run_0025_offset_1536_count_0064.log
F1565,4,Falling_TF,3,5,xsim,1,2,1,2,3,M3,00,20,640,960,valid,activated_detected,,1,results/step06/raw/full/xsim/run_0025_offset_1536_count_0064.log
F1566,4,Falling_TF,3,6,xsim,1,2,1,2,3,M3,00,40,640,960,valid,activated_detected,,1,results/step06/raw/full/xsim/run_0025_offset_1536_count_0064.log
F1567,4,Falling_TF,3,7,xsim,1,2,1,2,3,M3,00,80,640,960,valid,activated_detected,,1,results/step06/raw/full/xsim/run_0025_offset_1536_count_0064.log
F1568,4,Falling_TF,4,0,xsim,1,2,1,2,4,M3,00,01,640,960,valid,activated_detected,,1,results/step06/raw/full/xsim/run_0025_offset_1536_count_0064.log
F1569,4,Falling_TF,4,1,xsim,1,2,1,2,4,M3,00,02,640,960,valid,activated_detected,,1,results/step06/raw/full/xsim/run_0025_offset_1536_count_0064.log
F1570,4,Falling_TF,4,2,xsim,1,2,1,2,4,M3,00,04,640,960,valid,activated_detected,,1,results/step06/raw/full/xsim/run_0025_offset_1536_count_0064.log
F1571,4,Falling_TF,4,3,xsim,1,2,1,2,4,M3,00,08,640,960,valid,activated_detected,,1,results/step06/raw/full/xsim/run_0025_offset_1536_count_0064.log
F1572,4,Falling_TF,4,4,xsim,1,2,1,2,4,M3,00,10,640,960,valid,activated_detected,,1,results/step06/raw/full/xsim/run_0025_offset_1536_count_0064.log
F1573,4,Falling_TF,4,5,xsim,1,2,1,2,4,M3,00,20,640,960,valid,activated_detected,,1,results/step06/raw/full/xsim/run_0025_offset_1536_count_0064.log
F1574,4,Falling_TF,4,6,xsim,1,2,1,2,4,M3,00,40,640,960,valid,activated_detected,,1,results/step06/raw/full/xsim/run_0025_offset_1536_count_0064.log
F1575,4,Falling_TF,4,7,xsim,1,2,1,2,4,M3,00,80,640,960,valid,activated_detected,,1,results/step06/raw/full/xsim/run_0025_offset_1536_count_0064.log
F1576,4,Falling_TF,5,0,xsim,1,2,1,2,5,M3,00,01,640,960,valid,activated_detected,,1,results/step06/raw/full/xsim/run_0025_offset_1536_count_0064.log
F1577,4,Falling_TF,5,1,xsim,1,2,1,2,5,M3,00,02,640,960,valid,activated_detected,,1,results/step06/raw/full/xsim/run_0025_offset_1536_count_0064.log
F1578,4,Falling_TF,5,2,xsim,1,2,1,2,5,M3,00,04,640,960,valid,activated_detected,,1,results/step06/raw/full/xsim/run_0025_offset_1536_count_0064.log
F1579,4,Falling_TF,5,3,xsim,1,2,1,2,5,M3,00,08,640,960,valid,activated_detected,,1,results/step06/raw/full/xsim/run_0025_offset_1536_count_0064.log
F1580,4,Falling_TF,5,4,xsim,1,2,1,2,5,M3,00,10,640,960,valid,activated_detected,,1,results/step06/raw/full/xsim/run_0025_offset_1536_count_0064.log
F1581,4,Falling_TF,5,5,xsim,1,2,1,2,5,M3,00,20,640,960,valid,activated_detected,,1,results/step06/raw/full/xsim/run_0025_offset_1536_count_0064.log
F1582,4,Falling_TF,5,6,xsim,1,2,1,2,5,M3,00,40,640,960,valid,activated_detected,,1,results/step06/raw/full/xsim/run_0025_offset_1536_count_0064.log
F1583,4,Falling_TF,5,7,xsim,1,2,1,2,5,M3,00,80,640,960,valid,activated_detected,,1,results/step06/raw/full/xsim/run_0025_offset_1536_count_0064.log
F1584,4,Falling_TF,6,0,xsim,1,2,1,2,6,M3,00,01,640,960,valid,activated_detected,,1,results/step06/raw/full/xsim/run_0025_offset_1536_count_0064.log
F1585,4,Falling_TF,6,1,xsim,1,2,1,2,6,M3,00,02,640,960,valid,activated_detected,,1,results/step06/raw/full/xsim/run_0025_offset_1536_count_0064.log
F1586,4,Falling_TF,6,2,xsim,1,2,1,2,6,M3,00,04,640,960,valid,activated_detected,,1,results/step06/raw/full/xsim/run_0025_offset_1536_count_0064.log
F1587,4,Falling_TF,6,3,xsim,1,2,1,2,6,M3,00,08,640,960,valid,activated_detected,,1,results/step06/raw/full/xsim/run_0025_offset_1536_count_0064.log
F1588,4,Falling_TF,6,4,xsim,1,2,1,2,6,M3,00,10,640,960,valid,activated_detected,,1,results/step06/raw/full/xsim/run_0025_offset_1536_count_0064.log
F1589,4,Falling_TF,6,5,xsim,1,2,1,2,6,M3,00,20,640,960,valid,activated_detected,,1,results/step06/raw/full/xsim/run_0025_offset_1536_count_0064.log
F1590,4,Falling_TF,6,6,xsim,1,2,1,2,6,M3,00,40,640,960,valid,activated_detected,,1,results/step06/raw/full/xsim/run_0025_offset_1536_count_0064.log
F1591,4,Falling_TF,6,7,xsim,1,2,1,2,6,M3,00,80,640,960,valid,activated_detected,,1,results/step06/raw/full/xsim/run_0025_offset_1536_count_0064.log
F1592,4,Falling_TF,7,0,xsim,1,2,1,2,7,M3,00,01,640,960,valid,activated_detected,,1,results/step06/raw/full/xsim/run_0025_offset_1536_count_0064.log
F1593,4,Falling_TF,7,1,xsim,1,2,1,2,7,M3,00,02,640,960,valid,activated_detected,,1,results/step06/raw/full/xsim/run_0025_offset_1536_count_0064.log
F1594,4,Falling_TF,7,2,xsim,1,2,1,2,7,M3,00,04,640,960,valid,activated_detected,,1,results/step06/raw/full/xsim/run_0025_offset_1536_count_0064.log
F1595,4,Falling_TF,7,3,xsim,1,2,1,2,7,M3,00,08,640,960,valid,activated_detected,,1,results/step06/raw/full/xsim/run_0025_offset_1536_count_0064.log
F1596,4,Falling_TF,7,4,xsim,1,2,1,2,7,M3,00,10,640,960,valid,activated_detected,,1,results/step06/raw/full/xsim/run_0025_offset_1536_count_0064.log
F1597,4,Falling_TF,7,5,xsim,1,2,1,2,7,M3,00,20,640,960,valid,activated_detected,,1,results/step06/raw/full/xsim/run_0025_offset_1536_count_0064.log
F1598,4,Falling_TF,7,6,xsim,1,2,1,2,7,M3,00,40,640,960,valid,activated_detected,,1,results/step06/raw/full/xsim/run_0025_offset_1536_count_0064.log
F1599,4,Falling_TF,7,7,xsim,1,2,1,2,7,M3,00,80,640,960,valid,activated_detected,,1,results/step06/raw/full/xsim/run_0025_offset_1536_count_0064.log
F1600,4,Falling_TF,8,0,xsim,1,2,1,2,8,M3,00,01,640,960,valid,activated_detected,,1,results/step06/raw/full/xsim/run_0026_offset_1600_count_0064.log
F1601,4,Falling_TF,8,1,xsim,1,2,1,2,8,M3,00,02,640,960,valid,activated_detected,,1,results/step06/raw/full/xsim/run_0026_offset_1600_count_0064.log
F1602,4,Falling_TF,8,2,xsim,1,2,1,2,8,M3,00,04,640,960,valid,activated_detected,,1,results/step06/raw/full/xsim/run_0026_offset_1600_count_0064.log
F1603,4,Falling_TF,8,3,xsim,1,2,1,2,8,M3,00,08,640,960,valid,activated_detected,,1,results/step06/raw/full/xsim/run_0026_offset_1600_count_0064.log
F1604,4,Falling_TF,8,4,xsim,1,2,1,2,8,M3,00,10,640,960,valid,activated_detected,,1,results/step06/raw/full/xsim/run_0026_offset_1600_count_0064.log
F1605,4,Falling_TF,8,5,xsim,1,2,1,2,8,M3,00,20,640,960,valid,activated_detected,,1,results/step06/raw/full/xsim/run_0026_offset_1600_count_0064.log
F1606,4,Falling_TF,8,6,xsim,1,2,1,2,8,M3,00,40,640,960,valid,activated_detected,,1,results/step06/raw/full/xsim/run_0026_offset_1600_count_0064.log
F1607,4,Falling_TF,8,7,xsim,1,2,1,2,8,M3,00,80,640,960,valid,activated_detected,,1,results/step06/raw/full/xsim/run_0026_offset_1600_count_0064.log
F1608,4,Falling_TF,9,0,xsim,1,2,1,2,9,M3,00,01,640,960,valid,activated_detected,,1,results/step06/raw/full/xsim/run_0026_offset_1600_count_0064.log
F1609,4,Falling_TF,9,1,xsim,1,2,1,2,9,M3,00,02,640,960,valid,activated_detected,,1,results/step06/raw/full/xsim/run_0026_offset_1600_count_0064.log
F1610,4,Falling_TF,9,2,xsim,1,2,1,2,9,M3,00,04,640,960,valid,activated_detected,,1,results/step06/raw/full/xsim/run_0026_offset_1600_count_0064.log
F1611,4,Falling_TF,9,3,xsim,1,2,1,2,9,M3,00,08,640,960,valid,activated_detected,,1,results/step06/raw/full/xsim/run_0026_offset_1600_count_0064.log
F1612,4,Falling_TF,9,4,xsim,1,2,1,2,9,M3,00,10,640,960,valid,activated_detected,,1,results/step06/raw/full/xsim/run_0026_offset_1600_count_0064.log
F1613,4,Falling_TF,9,5,xsim,1,2,1,2,9,M3,00,20,640,960,valid,activated_detected,,1,results/step06/raw/full/xsim/run_0026_offset_1600_count_0064.log
F1614,4,Falling_TF,9,6,xsim,1,2,1,2,9,M3,00,40,640,960,valid,activated_detected,,1,results/step06/raw/full/xsim/run_0026_offset_1600_count_0064.log
F1615,4,Falling_TF,9,7,xsim,1,2,1,2,9,M3,00,80,640,960,valid,activated_detected,,1,results/step06/raw/full/xsim/run_0026_offset_1600_count_0064.log
F1616,4,Falling_TF,10,0,xsim,1,2,1,2,10,M3,00,01,640,960,valid,activated_detected,,1,results/step06/raw/full/xsim/run_0026_offset_1600_count_0064.log
F1617,4,Falling_TF,10,1,xsim,1,2,1,2,10,M3,00,02,640,960,valid,activated_detected,,1,results/step06/raw/full/xsim/run_0026_offset_1600_count_0064.log
F1618,4,Falling_TF,10,2,xsim,1,2,1,2,10,M3,00,04,640,960,valid,activated_detected,,1,results/step06/raw/full/xsim/run_0026_offset_1600_count_0064.log
F1619,4,Falling_TF,10,3,xsim,1,2,1,2,10,M3,00,08,640,960,valid,activated_detected,,1,results/step06/raw/full/xsim/run_0026_offset_1600_count_0064.log
F1620,4,Falling_TF,10,4,xsim,1,2,1,2,10,M3,00,10,640,960,valid,activated_detected,,1,results/step06/raw/full/xsim/run_0026_offset_1600_count_0064.log
F1621,4,Falling_TF,10,5,xsim,1,2,1,2,10,M3,00,20,640,960,valid,activated_detected,,1,results/step06/raw/full/xsim/run_0026_offset_1600_count_0064.log
F1622,4,Falling_TF,10,6,xsim,1,2,1,2,10,M3,00,40,640,960,valid,activated_detected,,1,results/step06/raw/full/xsim/run_0026_offset_1600_count_0064.log
F1623,4,Falling_TF,10,7,xsim,1,2,1,2,10,M3,00,80,640,960,valid,activated_detected,,1,results/step06/raw/full/xsim/run_0026_offset_1600_count_0064.log
F1624,4,Falling_TF,11,0,xsim,1,2,1,2,11,M3,00,01,640,960,valid,activated_detected,,1,results/step06/raw/full/xsim/run_0026_offset_1600_count_0064.log
F1625,4,Falling_TF,11,1,xsim,1,2,1,2,11,M3,00,02,640,960,valid,activated_detected,,1,results/step06/raw/full/xsim/run_0026_offset_1600_count_0064.log
F1626,4,Falling_TF,11,2,xsim,1,2,1,2,11,M3,00,04,640,960,valid,activated_detected,,1,results/step06/raw/full/xsim/run_0026_offset_1600_count_0064.log
F1627,4,Falling_TF,11,3,xsim,1,2,1,2,11,M3,00,08,640,960,valid,activated_detected,,1,results/step06/raw/full/xsim/run_0026_offset_1600_count_0064.log
F1628,4,Falling_TF,11,4,xsim,1,2,1,2,11,M3,00,10,640,960,valid,activated_detected,,1,results/step06/raw/full/xsim/run_0026_offset_1600_count_0064.log
F1629,4,Falling_TF,11,5,xsim,1,2,1,2,11,M3,00,20,640,960,valid,activated_detected,,1,results/step06/raw/full/xsim/run_0026_offset_1600_count_0064.log
F1630,4,Falling_TF,11,6,xsim,1,2,1,2,11,M3,00,40,640,960,valid,activated_detected,,1,results/step06/raw/full/xsim/run_0026_offset_1600_count_0064.log
F1631,4,Falling_TF,11,7,xsim,1,2,1,2,11,M3,00,80,640,960,valid,activated_detected,,1,results/step06/raw/full/xsim/run_0026_offset_1600_count_0064.log
F1632,4,Falling_TF,12,0,xsim,1,2,1,2,12,M3,00,01,640,960,valid,activated_detected,,1,results/step06/raw/full/xsim/run_0026_offset_1600_count_0064.log
F1633,4,Falling_TF,12,1,xsim,1,2,1,2,12,M3,00,02,640,960,valid,activated_detected,,1,results/step06/raw/full/xsim/run_0026_offset_1600_count_0064.log
F1634,4,Falling_TF,12,2,xsim,1,2,1,2,12,M3,00,04,640,960,valid,activated_detected,,1,results/step06/raw/full/xsim/run_0026_offset_1600_count_0064.log
F1635,4,Falling_TF,12,3,xsim,1,2,1,2,12,M3,00,08,640,960,valid,activated_detected,,1,results/step06/raw/full/xsim/run_0026_offset_1600_count_0064.log
F1636,4,Falling_TF,12,4,xsim,1,2,1,2,12,M3,00,10,640,960,valid,activated_detected,,1,results/step06/raw/full/xsim/run_0026_offset_1600_count_0064.log
F1637,4,Falling_TF,12,5,xsim,1,2,1,2,12,M3,00,20,640,960,valid,activated_detected,,1,results/step06/raw/full/xsim/run_0026_offset_1600_count_0064.log
F1638,4,Falling_TF,12,6,xsim,1,2,1,2,12,M3,00,40,640,960,valid,activated_detected,,1,results/step06/raw/full/xsim/run_0026_offset_1600_count_0064.log
F1639,4,Falling_TF,12,7,xsim,1,2,1,2,12,M3,00,80,640,960,valid,activated_detected,,1,results/step06/raw/full/xsim/run_0026_offset_1600_count_0064.log
F1640,4,Falling_TF,13,0,xsim,1,2,1,2,13,M3,00,01,640,960,valid,activated_detected,,1,results/step06/raw/full/xsim/run_0026_offset_1600_count_0064.log
F1641,4,Falling_TF,13,1,xsim,1,2,1,2,13,M3,00,02,640,960,valid,activated_detected,,1,results/step06/raw/full/xsim/run_0026_offset_1600_count_0064.log
F1642,4,Falling_TF,13,2,xsim,1,2,1,2,13,M3,00,04,640,960,valid,activated_detected,,1,results/step06/raw/full/xsim/run_0026_offset_1600_count_0064.log
F1643,4,Falling_TF,13,3,xsim,1,2,1,2,13,M3,00,08,640,960,valid,activated_detected,,1,results/step06/raw/full/xsim/run_0026_offset_1600_count_0064.log
F1644,4,Falling_TF,13,4,xsim,1,2,1,2,13,M3,00,10,640,960,valid,activated_detected,,1,results/step06/raw/full/xsim/run_0026_offset_1600_count_0064.log
F1645,4,Falling_TF,13,5,xsim,1,2,1,2,13,M3,00,20,640,960,valid,activated_detected,,1,results/step06/raw/full/xsim/run_0026_offset_1600_count_0064.log
F1646,4,Falling_TF,13,6,xsim,1,2,1,2,13,M3,00,40,640,960,valid,activated_detected,,1,results/step06/raw/full/xsim/run_0026_offset_1600_count_0064.log
F1647,4,Falling_TF,13,7,xsim,1,2,1,2,13,M3,00,80,640,960,valid,activated_detected,,1,results/step06/raw/full/xsim/run_0026_offset_1600_count_0064.log
F1648,4,Falling_TF,14,0,xsim,1,2,1,2,14,M3,00,01,640,960,valid,activated_detected,,1,results/step06/raw/full/xsim/run_0026_offset_1600_count_0064.log
F1649,4,Falling_TF,14,1,xsim,1,2,1,2,14,M3,00,02,640,960,valid,activated_detected,,1,results/step06/raw/full/xsim/run_0026_offset_1600_count_0064.log
F1650,4,Falling_TF,14,2,xsim,1,2,1,2,14,M3,00,04,640,960,valid,activated_detected,,1,results/step06/raw/full/xsim/run_0026_offset_1600_count_0064.log
F1651,4,Falling_TF,14,3,xsim,1,2,1,2,14,M3,00,08,640,960,valid,activated_detected,,1,results/step06/raw/full/xsim/run_0026_offset_1600_count_0064.log
F1652,4,Falling_TF,14,4,xsim,1,2,1,2,14,M3,00,10,640,960,valid,activated_detected,,1,results/step06/raw/full/xsim/run_0026_offset_1600_count_0064.log
F1653,4,Falling_TF,14,5,xsim,1,2,1,2,14,M3,00,20,640,960,valid,activated_detected,,1,results/step06/raw/full/xsim/run_0026_offset_1600_count_0064.log
F1654,4,Falling_TF,14,6,xsim,1,2,1,2,14,M3,00,40,640,960,valid,activated_detected,,1,results/step06/raw/full/xsim/run_0026_offset_1600_count_0064.log
F1655,4,Falling_TF,14,7,xsim,1,2,1,2,14,M3,00,80,640,960,valid,activated_detected,,1,results/step06/raw/full/xsim/run_0026_offset_1600_count_0064.log
F1656,4,Falling_TF,15,0,xsim,1,2,1,2,15,M3,00,01,640,960,valid,activated_detected,,1,results/step06/raw/full/xsim/run_0026_offset_1600_count_0064.log
F1657,4,Falling_TF,15,1,xsim,1,2,1,2,15,M3,00,02,640,960,valid,activated_detected,,1,results/step06/raw/full/xsim/run_0026_offset_1600_count_0064.log
F1658,4,Falling_TF,15,2,xsim,1,2,1,2,15,M3,00,04,640,960,valid,activated_detected,,1,results/step06/raw/full/xsim/run_0026_offset_1600_count_0064.log
F1659,4,Falling_TF,15,3,xsim,1,2,1,2,15,M3,00,08,640,960,valid,activated_detected,,1,results/step06/raw/full/xsim/run_0026_offset_1600_count_0064.log
F1660,4,Falling_TF,15,4,xsim,1,2,1,2,15,M3,00,10,640,960,valid,activated_detected,,1,results/step06/raw/full/xsim/run_0026_offset_1600_count_0064.log
F1661,4,Falling_TF,15,5,xsim,1,2,1,2,15,M3,00,20,640,960,valid,activated_detected,,1,results/step06/raw/full/xsim/run_0026_offset_1600_count_0064.log
F1662,4,Falling_TF,15,6,xsim,1,2,1,2,15,M3,00,40,640,960,valid,activated_detected,,1,results/step06/raw/full/xsim/run_0026_offset_1600_count_0064.log
F1663,4,Falling_TF,15,7,xsim,1,2,1,2,15,M3,00,80,640,960,valid,activated_detected,,1,results/step06/raw/full/xsim/run_0026_offset_1600_count_0064.log
F1664,4,Falling_TF,16,0,xsim,1,2,1,2,16,M3,00,01,640,960,valid,activated_detected,,1,results/step06/raw/full/xsim/run_0027_offset_1664_count_0064.log
F1665,4,Falling_TF,16,1,xsim,1,2,1,2,16,M3,00,02,640,960,valid,activated_detected,,1,results/step06/raw/full/xsim/run_0027_offset_1664_count_0064.log
F1666,4,Falling_TF,16,2,xsim,1,2,1,2,16,M3,00,04,640,960,valid,activated_detected,,1,results/step06/raw/full/xsim/run_0027_offset_1664_count_0064.log
F1667,4,Falling_TF,16,3,xsim,1,2,1,2,16,M3,00,08,640,960,valid,activated_detected,,1,results/step06/raw/full/xsim/run_0027_offset_1664_count_0064.log
F1668,4,Falling_TF,16,4,xsim,1,2,1,2,16,M3,00,10,640,960,valid,activated_detected,,1,results/step06/raw/full/xsim/run_0027_offset_1664_count_0064.log
F1669,4,Falling_TF,16,5,xsim,1,2,1,2,16,M3,00,20,640,960,valid,activated_detected,,1,results/step06/raw/full/xsim/run_0027_offset_1664_count_0064.log
F1670,4,Falling_TF,16,6,xsim,1,2,1,2,16,M3,00,40,640,960,valid,activated_detected,,1,results/step06/raw/full/xsim/run_0027_offset_1664_count_0064.log
F1671,4,Falling_TF,16,7,xsim,1,2,1,2,16,M3,00,80,640,960,valid,activated_detected,,1,results/step06/raw/full/xsim/run_0027_offset_1664_count_0064.log
F1672,4,Falling_TF,17,0,xsim,1,2,1,2,17,M3,00,01,640,960,valid,activated_detected,,1,results/step06/raw/full/xsim/run_0027_offset_1664_count_0064.log
F1673,4,Falling_TF,17,1,xsim,1,2,1,2,17,M3,00,02,640,960,valid,activated_detected,,1,results/step06/raw/full/xsim/run_0027_offset_1664_count_0064.log
F1674,4,Falling_TF,17,2,xsim,1,2,1,2,17,M3,00,04,640,960,valid,activated_detected,,1,results/step06/raw/full/xsim/run_0027_offset_1664_count_0064.log
F1675,4,Falling_TF,17,3,xsim,1,2,1,2,17,M3,00,08,640,960,valid,activated_detected,,1,results/step06/raw/full/xsim/run_0027_offset_1664_count_0064.log
F1676,4,Falling_TF,17,4,xsim,1,2,1,2,17,M3,00,10,640,960,valid,activated_detected,,1,results/step06/raw/full/xsim/run_0027_offset_1664_count_0064.log
F1677,4,Falling_TF,17,5,xsim,1,2,1,2,17,M3,00,20,640,960,valid,activated_detected,,1,results/step06/raw/full/xsim/run_0027_offset_1664_count_0064.log
F1678,4,Falling_TF,17,6,xsim,1,2,1,2,17,M3,00,40,640,960,valid,activated_detected,,1,results/step06/raw/full/xsim/run_0027_offset_1664_count_0064.log
F1679,4,Falling_TF,17,7,xsim,1,2,1,2,17,M3,00,80,640,960,valid,activated_detected,,1,results/step06/raw/full/xsim/run_0027_offset_1664_count_0064.log
F1680,4,Falling_TF,18,0,xsim,1,2,1,2,18,M3,00,01,640,960,valid,activated_detected,,1,results/step06/raw/full/xsim/run_0027_offset_1664_count_0064.log
F1681,4,Falling_TF,18,1,xsim,1,2,1,2,18,M3,00,02,640,960,valid,activated_detected,,1,results/step06/raw/full/xsim/run_0027_offset_1664_count_0064.log
F1682,4,Falling_TF,18,2,xsim,1,2,1,2,18,M3,00,04,640,960,valid,activated_detected,,1,results/step06/raw/full/xsim/run_0027_offset_1664_count_0064.log
F1683,4,Falling_TF,18,3,xsim,1,2,1,2,18,M3,00,08,640,960,valid,activated_detected,,1,results/step06/raw/full/xsim/run_0027_offset_1664_count_0064.log
F1684,4,Falling_TF,18,4,xsim,1,2,1,2,18,M3,00,10,640,960,valid,activated_detected,,1,results/step06/raw/full/xsim/run_0027_offset_1664_count_0064.log
F1685,4,Falling_TF,18,5,xsim,1,2,1,2,18,M3,00,20,640,960,valid,activated_detected,,1,results/step06/raw/full/xsim/run_0027_offset_1664_count_0064.log
F1686,4,Falling_TF,18,6,xsim,1,2,1,2,18,M3,00,40,640,960,valid,activated_detected,,1,results/step06/raw/full/xsim/run_0027_offset_1664_count_0064.log
F1687,4,Falling_TF,18,7,xsim,1,2,1,2,18,M3,00,80,640,960,valid,activated_detected,,1,results/step06/raw/full/xsim/run_0027_offset_1664_count_0064.log
F1688,4,Falling_TF,19,0,xsim,1,2,1,2,19,M3,00,01,640,960,valid,activated_detected,,1,results/step06/raw/full/xsim/run_0027_offset_1664_count_0064.log
F1689,4,Falling_TF,19,1,xsim,1,2,1,2,19,M3,00,02,640,960,valid,activated_detected,,1,results/step06/raw/full/xsim/run_0027_offset_1664_count_0064.log
F1690,4,Falling_TF,19,2,xsim,1,2,1,2,19,M3,00,04,640,960,valid,activated_detected,,1,results/step06/raw/full/xsim/run_0027_offset_1664_count_0064.log
F1691,4,Falling_TF,19,3,xsim,1,2,1,2,19,M3,00,08,640,960,valid,activated_detected,,1,results/step06/raw/full/xsim/run_0027_offset_1664_count_0064.log
F1692,4,Falling_TF,19,4,xsim,1,2,1,2,19,M3,00,10,640,960,valid,activated_detected,,1,results/step06/raw/full/xsim/run_0027_offset_1664_count_0064.log
F1693,4,Falling_TF,19,5,xsim,1,2,1,2,19,M3,00,20,640,960,valid,activated_detected,,1,results/step06/raw/full/xsim/run_0027_offset_1664_count_0064.log
F1694,4,Falling_TF,19,6,xsim,1,2,1,2,19,M3,00,40,640,960,valid,activated_detected,,1,results/step06/raw/full/xsim/run_0027_offset_1664_count_0064.log
F1695,4,Falling_TF,19,7,xsim,1,2,1,2,19,M3,00,80,640,960,valid,activated_detected,,1,results/step06/raw/full/xsim/run_0027_offset_1664_count_0064.log
F1696,4,Falling_TF,20,0,xsim,1,2,1,2,20,M3,00,01,640,960,valid,activated_detected,,1,results/step06/raw/full/xsim/run_0027_offset_1664_count_0064.log
F1697,4,Falling_TF,20,1,xsim,1,2,1,2,20,M3,00,02,640,960,valid,activated_detected,,1,results/step06/raw/full/xsim/run_0027_offset_1664_count_0064.log
F1698,4,Falling_TF,20,2,xsim,1,2,1,2,20,M3,00,04,640,960,valid,activated_detected,,1,results/step06/raw/full/xsim/run_0027_offset_1664_count_0064.log
F1699,4,Falling_TF,20,3,xsim,1,2,1,2,20,M3,00,08,640,960,valid,activated_detected,,1,results/step06/raw/full/xsim/run_0027_offset_1664_count_0064.log
F1700,4,Falling_TF,20,4,xsim,1,2,1,2,20,M3,00,10,640,960,valid,activated_detected,,1,results/step06/raw/full/xsim/run_0027_offset_1664_count_0064.log
F1701,4,Falling_TF,20,5,xsim,1,2,1,2,20,M3,00,20,640,960,valid,activated_detected,,1,results/step06/raw/full/xsim/run_0027_offset_1664_count_0064.log
F1702,4,Falling_TF,20,6,xsim,1,2,1,2,20,M3,00,40,640,960,valid,activated_detected,,1,results/step06/raw/full/xsim/run_0027_offset_1664_count_0064.log
F1703,4,Falling_TF,20,7,xsim,1,2,1,2,20,M3,00,80,640,960,valid,activated_detected,,1,results/step06/raw/full/xsim/run_0027_offset_1664_count_0064.log
F1704,4,Falling_TF,21,0,xsim,1,2,1,2,21,M3,00,01,640,960,valid,activated_detected,,1,results/step06/raw/full/xsim/run_0027_offset_1664_count_0064.log
F1705,4,Falling_TF,21,1,xsim,1,2,1,2,21,M3,00,02,640,960,valid,activated_detected,,1,results/step06/raw/full/xsim/run_0027_offset_1664_count_0064.log
F1706,4,Falling_TF,21,2,xsim,1,2,1,2,21,M3,00,04,640,960,valid,activated_detected,,1,results/step06/raw/full/xsim/run_0027_offset_1664_count_0064.log
F1707,4,Falling_TF,21,3,xsim,1,2,1,2,21,M3,00,08,640,960,valid,activated_detected,,1,results/step06/raw/full/xsim/run_0027_offset_1664_count_0064.log
F1708,4,Falling_TF,21,4,xsim,1,2,1,2,21,M3,00,10,640,960,valid,activated_detected,,1,results/step06/raw/full/xsim/run_0027_offset_1664_count_0064.log
F1709,4,Falling_TF,21,5,xsim,1,2,1,2,21,M3,00,20,640,960,valid,activated_detected,,1,results/step06/raw/full/xsim/run_0027_offset_1664_count_0064.log
F1710,4,Falling_TF,21,6,xsim,1,2,1,2,21,M3,00,40,640,960,valid,activated_detected,,1,results/step06/raw/full/xsim/run_0027_offset_1664_count_0064.log
F1711,4,Falling_TF,21,7,xsim,1,2,1,2,21,M3,00,80,640,960,valid,activated_detected,,1,results/step06/raw/full/xsim/run_0027_offset_1664_count_0064.log
F1712,4,Falling_TF,22,0,xsim,1,2,1,2,22,M3,00,01,640,960,valid,activated_detected,,1,results/step06/raw/full/xsim/run_0027_offset_1664_count_0064.log
F1713,4,Falling_TF,22,1,xsim,1,2,1,2,22,M3,00,02,640,960,valid,activated_detected,,1,results/step06/raw/full/xsim/run_0027_offset_1664_count_0064.log
F1714,4,Falling_TF,22,2,xsim,1,2,1,2,22,M3,00,04,640,960,valid,activated_detected,,1,results/step06/raw/full/xsim/run_0027_offset_1664_count_0064.log
F1715,4,Falling_TF,22,3,xsim,1,2,1,2,22,M3,00,08,640,960,valid,activated_detected,,1,results/step06/raw/full/xsim/run_0027_offset_1664_count_0064.log
F1716,4,Falling_TF,22,4,xsim,1,2,1,2,22,M3,00,10,640,960,valid,activated_detected,,1,results/step06/raw/full/xsim/run_0027_offset_1664_count_0064.log
F1717,4,Falling_TF,22,5,xsim,1,2,1,2,22,M3,00,20,640,960,valid,activated_detected,,1,results/step06/raw/full/xsim/run_0027_offset_1664_count_0064.log
F1718,4,Falling_TF,22,6,xsim,1,2,1,2,22,M3,00,40,640,960,valid,activated_detected,,1,results/step06/raw/full/xsim/run_0027_offset_1664_count_0064.log
F1719,4,Falling_TF,22,7,xsim,1,2,1,2,22,M3,00,80,640,960,valid,activated_detected,,1,results/step06/raw/full/xsim/run_0027_offset_1664_count_0064.log
F1720,4,Falling_TF,23,0,xsim,1,2,1,2,23,M3,00,01,640,960,valid,activated_detected,,1,results/step06/raw/full/xsim/run_0027_offset_1664_count_0064.log
F1721,4,Falling_TF,23,1,xsim,1,2,1,2,23,M3,00,02,640,960,valid,activated_detected,,1,results/step06/raw/full/xsim/run_0027_offset_1664_count_0064.log
F1722,4,Falling_TF,23,2,xsim,1,2,1,2,23,M3,00,04,640,960,valid,activated_detected,,1,results/step06/raw/full/xsim/run_0027_offset_1664_count_0064.log
F1723,4,Falling_TF,23,3,xsim,1,2,1,2,23,M3,00,08,640,960,valid,activated_detected,,1,results/step06/raw/full/xsim/run_0027_offset_1664_count_0064.log
F1724,4,Falling_TF,23,4,xsim,1,2,1,2,23,M3,00,10,640,960,valid,activated_detected,,1,results/step06/raw/full/xsim/run_0027_offset_1664_count_0064.log
F1725,4,Falling_TF,23,5,xsim,1,2,1,2,23,M3,00,20,640,960,valid,activated_detected,,1,results/step06/raw/full/xsim/run_0027_offset_1664_count_0064.log
F1726,4,Falling_TF,23,6,xsim,1,2,1,2,23,M3,00,40,640,960,valid,activated_detected,,1,results/step06/raw/full/xsim/run_0027_offset_1664_count_0064.log
F1727,4,Falling_TF,23,7,xsim,1,2,1,2,23,M3,00,80,640,960,valid,activated_detected,,1,results/step06/raw/full/xsim/run_0027_offset_1664_count_0064.log
F1728,4,Falling_TF,24,0,xsim,1,2,1,2,24,M3,00,01,640,960,valid,activated_detected,,1,results/step06/raw/full/xsim/run_0028_offset_1728_count_0064.log
F1729,4,Falling_TF,24,1,xsim,1,2,1,2,24,M3,00,02,640,960,valid,activated_detected,,1,results/step06/raw/full/xsim/run_0028_offset_1728_count_0064.log
F1730,4,Falling_TF,24,2,xsim,1,2,1,2,24,M3,00,04,640,960,valid,activated_detected,,1,results/step06/raw/full/xsim/run_0028_offset_1728_count_0064.log
F1731,4,Falling_TF,24,3,xsim,1,2,1,2,24,M3,00,08,640,960,valid,activated_detected,,1,results/step06/raw/full/xsim/run_0028_offset_1728_count_0064.log
F1732,4,Falling_TF,24,4,xsim,1,2,1,2,24,M3,00,10,640,960,valid,activated_detected,,1,results/step06/raw/full/xsim/run_0028_offset_1728_count_0064.log
F1733,4,Falling_TF,24,5,xsim,1,2,1,2,24,M3,00,20,640,960,valid,activated_detected,,1,results/step06/raw/full/xsim/run_0028_offset_1728_count_0064.log
F1734,4,Falling_TF,24,6,xsim,1,2,1,2,24,M3,00,40,640,960,valid,activated_detected,,1,results/step06/raw/full/xsim/run_0028_offset_1728_count_0064.log
F1735,4,Falling_TF,24,7,xsim,1,2,1,2,24,M3,00,80,640,960,valid,activated_detected,,1,results/step06/raw/full/xsim/run_0028_offset_1728_count_0064.log
F1736,4,Falling_TF,25,0,xsim,1,2,1,2,25,M3,00,01,640,960,valid,activated_detected,,1,results/step06/raw/full/xsim/run_0028_offset_1728_count_0064.log
F1737,4,Falling_TF,25,1,xsim,1,2,1,2,25,M3,00,02,640,960,valid,activated_detected,,1,results/step06/raw/full/xsim/run_0028_offset_1728_count_0064.log
F1738,4,Falling_TF,25,2,xsim,1,2,1,2,25,M3,00,04,640,960,valid,activated_detected,,1,results/step06/raw/full/xsim/run_0028_offset_1728_count_0064.log
F1739,4,Falling_TF,25,3,xsim,1,2,1,2,25,M3,00,08,640,960,valid,activated_detected,,1,results/step06/raw/full/xsim/run_0028_offset_1728_count_0064.log
F1740,4,Falling_TF,25,4,xsim,1,2,1,2,25,M3,00,10,640,960,valid,activated_detected,,1,results/step06/raw/full/xsim/run_0028_offset_1728_count_0064.log
F1741,4,Falling_TF,25,5,xsim,1,2,1,2,25,M3,00,20,640,960,valid,activated_detected,,1,results/step06/raw/full/xsim/run_0028_offset_1728_count_0064.log
F1742,4,Falling_TF,25,6,xsim,1,2,1,2,25,M3,00,40,640,960,valid,activated_detected,,1,results/step06/raw/full/xsim/run_0028_offset_1728_count_0064.log
F1743,4,Falling_TF,25,7,xsim,1,2,1,2,25,M3,00,80,640,960,valid,activated_detected,,1,results/step06/raw/full/xsim/run_0028_offset_1728_count_0064.log
F1744,4,Falling_TF,26,0,xsim,1,2,1,2,26,M3,00,01,640,960,valid,activated_detected,,1,results/step06/raw/full/xsim/run_0028_offset_1728_count_0064.log
F1745,4,Falling_TF,26,1,xsim,1,2,1,2,26,M3,00,02,640,960,valid,activated_detected,,1,results/step06/raw/full/xsim/run_0028_offset_1728_count_0064.log
F1746,4,Falling_TF,26,2,xsim,1,2,1,2,26,M3,00,04,640,960,valid,activated_detected,,1,results/step06/raw/full/xsim/run_0028_offset_1728_count_0064.log
F1747,4,Falling_TF,26,3,xsim,1,2,1,2,26,M3,00,08,640,960,valid,activated_detected,,1,results/step06/raw/full/xsim/run_0028_offset_1728_count_0064.log
F1748,4,Falling_TF,26,4,xsim,1,2,1,2,26,M3,00,10,640,960,valid,activated_detected,,1,results/step06/raw/full/xsim/run_0028_offset_1728_count_0064.log
F1749,4,Falling_TF,26,5,xsim,1,2,1,2,26,M3,00,20,640,960,valid,activated_detected,,1,results/step06/raw/full/xsim/run_0028_offset_1728_count_0064.log
F1750,4,Falling_TF,26,6,xsim,1,2,1,2,26,M3,00,40,640,960,valid,activated_detected,,1,results/step06/raw/full/xsim/run_0028_offset_1728_count_0064.log
F1751,4,Falling_TF,26,7,xsim,1,2,1,2,26,M3,00,80,640,960,valid,activated_detected,,1,results/step06/raw/full/xsim/run_0028_offset_1728_count_0064.log
F1752,4,Falling_TF,27,0,xsim,1,2,1,2,27,M3,00,01,640,960,valid,activated_detected,,1,results/step06/raw/full/xsim/run_0028_offset_1728_count_0064.log
F1753,4,Falling_TF,27,1,xsim,1,2,1,2,27,M3,00,02,640,960,valid,activated_detected,,1,results/step06/raw/full/xsim/run_0028_offset_1728_count_0064.log
F1754,4,Falling_TF,27,2,xsim,1,2,1,2,27,M3,00,04,640,960,valid,activated_detected,,1,results/step06/raw/full/xsim/run_0028_offset_1728_count_0064.log
F1755,4,Falling_TF,27,3,xsim,1,2,1,2,27,M3,00,08,640,960,valid,activated_detected,,1,results/step06/raw/full/xsim/run_0028_offset_1728_count_0064.log
F1756,4,Falling_TF,27,4,xsim,1,2,1,2,27,M3,00,10,640,960,valid,activated_detected,,1,results/step06/raw/full/xsim/run_0028_offset_1728_count_0064.log
F1757,4,Falling_TF,27,5,xsim,1,2,1,2,27,M3,00,20,640,960,valid,activated_detected,,1,results/step06/raw/full/xsim/run_0028_offset_1728_count_0064.log
F1758,4,Falling_TF,27,6,xsim,1,2,1,2,27,M3,00,40,640,960,valid,activated_detected,,1,results/step06/raw/full/xsim/run_0028_offset_1728_count_0064.log
F1759,4,Falling_TF,27,7,xsim,1,2,1,2,27,M3,00,80,640,960,valid,activated_detected,,1,results/step06/raw/full/xsim/run_0028_offset_1728_count_0064.log
F1760,4,Falling_TF,28,0,xsim,1,2,1,2,28,M3,00,01,640,960,valid,activated_detected,,1,results/step06/raw/full/xsim/run_0028_offset_1728_count_0064.log
F1761,4,Falling_TF,28,1,xsim,1,2,1,2,28,M3,00,02,640,960,valid,activated_detected,,1,results/step06/raw/full/xsim/run_0028_offset_1728_count_0064.log
F1762,4,Falling_TF,28,2,xsim,1,2,1,2,28,M3,00,04,640,960,valid,activated_detected,,1,results/step06/raw/full/xsim/run_0028_offset_1728_count_0064.log
F1763,4,Falling_TF,28,3,xsim,1,2,1,2,28,M3,00,08,640,960,valid,activated_detected,,1,results/step06/raw/full/xsim/run_0028_offset_1728_count_0064.log
F1764,4,Falling_TF,28,4,xsim,1,2,1,2,28,M3,00,10,640,960,valid,activated_detected,,1,results/step06/raw/full/xsim/run_0028_offset_1728_count_0064.log
F1765,4,Falling_TF,28,5,xsim,1,2,1,2,28,M3,00,20,640,960,valid,activated_detected,,1,results/step06/raw/full/xsim/run_0028_offset_1728_count_0064.log
F1766,4,Falling_TF,28,6,xsim,1,2,1,2,28,M3,00,40,640,960,valid,activated_detected,,1,results/step06/raw/full/xsim/run_0028_offset_1728_count_0064.log
F1767,4,Falling_TF,28,7,xsim,1,2,1,2,28,M3,00,80,640,960,valid,activated_detected,,1,results/step06/raw/full/xsim/run_0028_offset_1728_count_0064.log
F1768,4,Falling_TF,29,0,xsim,1,2,1,2,29,M3,00,01,640,960,valid,activated_detected,,1,results/step06/raw/full/xsim/run_0028_offset_1728_count_0064.log
F1769,4,Falling_TF,29,1,xsim,1,2,1,2,29,M3,00,02,640,960,valid,activated_detected,,1,results/step06/raw/full/xsim/run_0028_offset_1728_count_0064.log
F1770,4,Falling_TF,29,2,xsim,1,2,1,2,29,M3,00,04,640,960,valid,activated_detected,,1,results/step06/raw/full/xsim/run_0028_offset_1728_count_0064.log
F1771,4,Falling_TF,29,3,xsim,1,2,1,2,29,M3,00,08,640,960,valid,activated_detected,,1,results/step06/raw/full/xsim/run_0028_offset_1728_count_0064.log
F1772,4,Falling_TF,29,4,xsim,1,2,1,2,29,M3,00,10,640,960,valid,activated_detected,,1,results/step06/raw/full/xsim/run_0028_offset_1728_count_0064.log
F1773,4,Falling_TF,29,5,xsim,1,2,1,2,29,M3,00,20,640,960,valid,activated_detected,,1,results/step06/raw/full/xsim/run_0028_offset_1728_count_0064.log
F1774,4,Falling_TF,29,6,xsim,1,2,1,2,29,M3,00,40,640,960,valid,activated_detected,,1,results/step06/raw/full/xsim/run_0028_offset_1728_count_0064.log
F1775,4,Falling_TF,29,7,xsim,1,2,1,2,29,M3,00,80,640,960,valid,activated_detected,,1,results/step06/raw/full/xsim/run_0028_offset_1728_count_0064.log
F1776,4,Falling_TF,30,0,xsim,1,2,1,2,30,M3,00,01,640,960,valid,activated_detected,,1,results/step06/raw/full/xsim/run_0028_offset_1728_count_0064.log
F1777,4,Falling_TF,30,1,xsim,1,2,1,2,30,M3,00,02,640,960,valid,activated_detected,,1,results/step06/raw/full/xsim/run_0028_offset_1728_count_0064.log
F1778,4,Falling_TF,30,2,xsim,1,2,1,2,30,M3,00,04,640,960,valid,activated_detected,,1,results/step06/raw/full/xsim/run_0028_offset_1728_count_0064.log
F1779,4,Falling_TF,30,3,xsim,1,2,1,2,30,M3,00,08,640,960,valid,activated_detected,,1,results/step06/raw/full/xsim/run_0028_offset_1728_count_0064.log
F1780,4,Falling_TF,30,4,xsim,1,2,1,2,30,M3,00,10,640,960,valid,activated_detected,,1,results/step06/raw/full/xsim/run_0028_offset_1728_count_0064.log
F1781,4,Falling_TF,30,5,xsim,1,2,1,2,30,M3,00,20,640,960,valid,activated_detected,,1,results/step06/raw/full/xsim/run_0028_offset_1728_count_0064.log
F1782,4,Falling_TF,30,6,xsim,1,2,1,2,30,M3,00,40,640,960,valid,activated_detected,,1,results/step06/raw/full/xsim/run_0028_offset_1728_count_0064.log
F1783,4,Falling_TF,30,7,xsim,1,2,1,2,30,M3,00,80,640,960,valid,activated_detected,,1,results/step06/raw/full/xsim/run_0028_offset_1728_count_0064.log
F1784,4,Falling_TF,31,0,xsim,1,2,1,2,31,M3,00,01,640,960,valid,activated_detected,,1,results/step06/raw/full/xsim/run_0028_offset_1728_count_0064.log
F1785,4,Falling_TF,31,1,xsim,1,2,1,2,31,M3,00,02,640,960,valid,activated_detected,,1,results/step06/raw/full/xsim/run_0028_offset_1728_count_0064.log
F1786,4,Falling_TF,31,2,xsim,1,2,1,2,31,M3,00,04,640,960,valid,activated_detected,,1,results/step06/raw/full/xsim/run_0028_offset_1728_count_0064.log
F1787,4,Falling_TF,31,3,xsim,1,2,1,2,31,M3,00,08,640,960,valid,activated_detected,,1,results/step06/raw/full/xsim/run_0028_offset_1728_count_0064.log
F1788,4,Falling_TF,31,4,xsim,1,2,1,2,31,M3,00,10,640,960,valid,activated_detected,,1,results/step06/raw/full/xsim/run_0028_offset_1728_count_0064.log
F1789,4,Falling_TF,31,5,xsim,1,2,1,2,31,M3,00,20,640,960,valid,activated_detected,,1,results/step06/raw/full/xsim/run_0028_offset_1728_count_0064.log
F1790,4,Falling_TF,31,6,xsim,1,2,1,2,31,M3,00,40,640,960,valid,activated_detected,,1,results/step06/raw/full/xsim/run_0028_offset_1728_count_0064.log
F1791,4,Falling_TF,31,7,xsim,1,2,1,2,31,M3,00,80,640,960,valid,activated_detected,,1,results/step06/raw/full/xsim/run_0028_offset_1728_count_0064.log
F1792,4,Falling_TF,32,0,xsim,1,2,1,2,32,M3,00,01,640,960,valid,activated_detected,,1,results/step06/raw/full/xsim/run_0029_offset_1792_count_0064.log
F1793,4,Falling_TF,32,1,xsim,1,2,1,2,32,M3,00,02,640,960,valid,activated_detected,,1,results/step06/raw/full/xsim/run_0029_offset_1792_count_0064.log
F1794,4,Falling_TF,32,2,xsim,1,2,1,2,32,M3,00,04,640,960,valid,activated_detected,,1,results/step06/raw/full/xsim/run_0029_offset_1792_count_0064.log
F1795,4,Falling_TF,32,3,xsim,1,2,1,2,32,M3,00,08,640,960,valid,activated_detected,,1,results/step06/raw/full/xsim/run_0029_offset_1792_count_0064.log
F1796,4,Falling_TF,32,4,xsim,1,2,1,2,32,M3,00,10,640,960,valid,activated_detected,,1,results/step06/raw/full/xsim/run_0029_offset_1792_count_0064.log
F1797,4,Falling_TF,32,5,xsim,1,2,1,2,32,M3,00,20,640,960,valid,activated_detected,,1,results/step06/raw/full/xsim/run_0029_offset_1792_count_0064.log
F1798,4,Falling_TF,32,6,xsim,1,2,1,2,32,M3,00,40,640,960,valid,activated_detected,,1,results/step06/raw/full/xsim/run_0029_offset_1792_count_0064.log
F1799,4,Falling_TF,32,7,xsim,1,2,1,2,32,M3,00,80,640,960,valid,activated_detected,,1,results/step06/raw/full/xsim/run_0029_offset_1792_count_0064.log
F1800,4,Falling_TF,33,0,xsim,1,2,1,2,33,M3,00,01,640,960,valid,activated_detected,,1,results/step06/raw/full/xsim/run_0029_offset_1792_count_0064.log
F1801,4,Falling_TF,33,1,xsim,1,2,1,2,33,M3,00,02,640,960,valid,activated_detected,,1,results/step06/raw/full/xsim/run_0029_offset_1792_count_0064.log
F1802,4,Falling_TF,33,2,xsim,1,2,1,2,33,M3,00,04,640,960,valid,activated_detected,,1,results/step06/raw/full/xsim/run_0029_offset_1792_count_0064.log
F1803,4,Falling_TF,33,3,xsim,1,2,1,2,33,M3,00,08,640,960,valid,activated_detected,,1,results/step06/raw/full/xsim/run_0029_offset_1792_count_0064.log
F1804,4,Falling_TF,33,4,xsim,1,2,1,2,33,M3,00,10,640,960,valid,activated_detected,,1,results/step06/raw/full/xsim/run_0029_offset_1792_count_0064.log
F1805,4,Falling_TF,33,5,xsim,1,2,1,2,33,M3,00,20,640,960,valid,activated_detected,,1,results/step06/raw/full/xsim/run_0029_offset_1792_count_0064.log
F1806,4,Falling_TF,33,6,xsim,1,2,1,2,33,M3,00,40,640,960,valid,activated_detected,,1,results/step06/raw/full/xsim/run_0029_offset_1792_count_0064.log
F1807,4,Falling_TF,33,7,xsim,1,2,1,2,33,M3,00,80,640,960,valid,activated_detected,,1,results/step06/raw/full/xsim/run_0029_offset_1792_count_0064.log
F1808,4,Falling_TF,34,0,xsim,1,2,1,2,34,M3,00,01,640,960,valid,activated_detected,,1,results/step06/raw/full/xsim/run_0029_offset_1792_count_0064.log
F1809,4,Falling_TF,34,1,xsim,1,2,1,2,34,M3,00,02,640,960,valid,activated_detected,,1,results/step06/raw/full/xsim/run_0029_offset_1792_count_0064.log
F1810,4,Falling_TF,34,2,xsim,1,2,1,2,34,M3,00,04,640,960,valid,activated_detected,,1,results/step06/raw/full/xsim/run_0029_offset_1792_count_0064.log
F1811,4,Falling_TF,34,3,xsim,1,2,1,2,34,M3,00,08,640,960,valid,activated_detected,,1,results/step06/raw/full/xsim/run_0029_offset_1792_count_0064.log
F1812,4,Falling_TF,34,4,xsim,1,2,1,2,34,M3,00,10,640,960,valid,activated_detected,,1,results/step06/raw/full/xsim/run_0029_offset_1792_count_0064.log
F1813,4,Falling_TF,34,5,xsim,1,2,1,2,34,M3,00,20,640,960,valid,activated_detected,,1,results/step06/raw/full/xsim/run_0029_offset_1792_count_0064.log
F1814,4,Falling_TF,34,6,xsim,1,2,1,2,34,M3,00,40,640,960,valid,activated_detected,,1,results/step06/raw/full/xsim/run_0029_offset_1792_count_0064.log
F1815,4,Falling_TF,34,7,xsim,1,2,1,2,34,M3,00,80,640,960,valid,activated_detected,,1,results/step06/raw/full/xsim/run_0029_offset_1792_count_0064.log
F1816,4,Falling_TF,35,0,xsim,1,2,1,2,35,M3,00,01,640,960,valid,activated_detected,,1,results/step06/raw/full/xsim/run_0029_offset_1792_count_0064.log
F1817,4,Falling_TF,35,1,xsim,1,2,1,2,35,M3,00,02,640,960,valid,activated_detected,,1,results/step06/raw/full/xsim/run_0029_offset_1792_count_0064.log
F1818,4,Falling_TF,35,2,xsim,1,2,1,2,35,M3,00,04,640,960,valid,activated_detected,,1,results/step06/raw/full/xsim/run_0029_offset_1792_count_0064.log
F1819,4,Falling_TF,35,3,xsim,1,2,1,2,35,M3,00,08,640,960,valid,activated_detected,,1,results/step06/raw/full/xsim/run_0029_offset_1792_count_0064.log
F1820,4,Falling_TF,35,4,xsim,1,2,1,2,35,M3,00,10,640,960,valid,activated_detected,,1,results/step06/raw/full/xsim/run_0029_offset_1792_count_0064.log
F1821,4,Falling_TF,35,5,xsim,1,2,1,2,35,M3,00,20,640,960,valid,activated_detected,,1,results/step06/raw/full/xsim/run_0029_offset_1792_count_0064.log
F1822,4,Falling_TF,35,6,xsim,1,2,1,2,35,M3,00,40,640,960,valid,activated_detected,,1,results/step06/raw/full/xsim/run_0029_offset_1792_count_0064.log
F1823,4,Falling_TF,35,7,xsim,1,2,1,2,35,M3,00,80,640,960,valid,activated_detected,,1,results/step06/raw/full/xsim/run_0029_offset_1792_count_0064.log
F1824,4,Falling_TF,36,0,xsim,1,2,1,2,36,M3,00,01,640,960,valid,activated_detected,,1,results/step06/raw/full/xsim/run_0029_offset_1792_count_0064.log
F1825,4,Falling_TF,36,1,xsim,1,2,1,2,36,M3,00,02,640,960,valid,activated_detected,,1,results/step06/raw/full/xsim/run_0029_offset_1792_count_0064.log
F1826,4,Falling_TF,36,2,xsim,1,2,1,2,36,M3,00,04,640,960,valid,activated_detected,,1,results/step06/raw/full/xsim/run_0029_offset_1792_count_0064.log
F1827,4,Falling_TF,36,3,xsim,1,2,1,2,36,M3,00,08,640,960,valid,activated_detected,,1,results/step06/raw/full/xsim/run_0029_offset_1792_count_0064.log
F1828,4,Falling_TF,36,4,xsim,1,2,1,2,36,M3,00,10,640,960,valid,activated_detected,,1,results/step06/raw/full/xsim/run_0029_offset_1792_count_0064.log
F1829,4,Falling_TF,36,5,xsim,1,2,1,2,36,M3,00,20,640,960,valid,activated_detected,,1,results/step06/raw/full/xsim/run_0029_offset_1792_count_0064.log
F1830,4,Falling_TF,36,6,xsim,1,2,1,2,36,M3,00,40,640,960,valid,activated_detected,,1,results/step06/raw/full/xsim/run_0029_offset_1792_count_0064.log
F1831,4,Falling_TF,36,7,xsim,1,2,1,2,36,M3,00,80,640,960,valid,activated_detected,,1,results/step06/raw/full/xsim/run_0029_offset_1792_count_0064.log
F1832,4,Falling_TF,37,0,xsim,1,2,1,2,37,M3,00,01,640,960,valid,activated_detected,,1,results/step06/raw/full/xsim/run_0029_offset_1792_count_0064.log
F1833,4,Falling_TF,37,1,xsim,1,2,1,2,37,M3,00,02,640,960,valid,activated_detected,,1,results/step06/raw/full/xsim/run_0029_offset_1792_count_0064.log
F1834,4,Falling_TF,37,2,xsim,1,2,1,2,37,M3,00,04,640,960,valid,activated_detected,,1,results/step06/raw/full/xsim/run_0029_offset_1792_count_0064.log
F1835,4,Falling_TF,37,3,xsim,1,2,1,2,37,M3,00,08,640,960,valid,activated_detected,,1,results/step06/raw/full/xsim/run_0029_offset_1792_count_0064.log
F1836,4,Falling_TF,37,4,xsim,1,2,1,2,37,M3,00,10,640,960,valid,activated_detected,,1,results/step06/raw/full/xsim/run_0029_offset_1792_count_0064.log
F1837,4,Falling_TF,37,5,xsim,1,2,1,2,37,M3,00,20,640,960,valid,activated_detected,,1,results/step06/raw/full/xsim/run_0029_offset_1792_count_0064.log
F1838,4,Falling_TF,37,6,xsim,1,2,1,2,37,M3,00,40,640,960,valid,activated_detected,,1,results/step06/raw/full/xsim/run_0029_offset_1792_count_0064.log
F1839,4,Falling_TF,37,7,xsim,1,2,1,2,37,M3,00,80,640,960,valid,activated_detected,,1,results/step06/raw/full/xsim/run_0029_offset_1792_count_0064.log
F1840,4,Falling_TF,38,0,xsim,1,2,1,2,38,M3,00,01,640,960,valid,activated_detected,,1,results/step06/raw/full/xsim/run_0029_offset_1792_count_0064.log
F1841,4,Falling_TF,38,1,xsim,1,2,1,2,38,M3,00,02,640,960,valid,activated_detected,,1,results/step06/raw/full/xsim/run_0029_offset_1792_count_0064.log
F1842,4,Falling_TF,38,2,xsim,1,2,1,2,38,M3,00,04,640,960,valid,activated_detected,,1,results/step06/raw/full/xsim/run_0029_offset_1792_count_0064.log
F1843,4,Falling_TF,38,3,xsim,1,2,1,2,38,M3,00,08,640,960,valid,activated_detected,,1,results/step06/raw/full/xsim/run_0029_offset_1792_count_0064.log
F1844,4,Falling_TF,38,4,xsim,1,2,1,2,38,M3,00,10,640,960,valid,activated_detected,,1,results/step06/raw/full/xsim/run_0029_offset_1792_count_0064.log
F1845,4,Falling_TF,38,5,xsim,1,2,1,2,38,M3,00,20,640,960,valid,activated_detected,,1,results/step06/raw/full/xsim/run_0029_offset_1792_count_0064.log
F1846,4,Falling_TF,38,6,xsim,1,2,1,2,38,M3,00,40,640,960,valid,activated_detected,,1,results/step06/raw/full/xsim/run_0029_offset_1792_count_0064.log
F1847,4,Falling_TF,38,7,xsim,1,2,1,2,38,M3,00,80,640,960,valid,activated_detected,,1,results/step06/raw/full/xsim/run_0029_offset_1792_count_0064.log
F1848,4,Falling_TF,39,0,xsim,1,2,1,2,39,M3,00,01,640,960,valid,activated_detected,,1,results/step06/raw/full/xsim/run_0029_offset_1792_count_0064.log
F1849,4,Falling_TF,39,1,xsim,1,2,1,2,39,M3,00,02,640,960,valid,activated_detected,,1,results/step06/raw/full/xsim/run_0029_offset_1792_count_0064.log
F1850,4,Falling_TF,39,2,xsim,1,2,1,2,39,M3,00,04,640,960,valid,activated_detected,,1,results/step06/raw/full/xsim/run_0029_offset_1792_count_0064.log
F1851,4,Falling_TF,39,3,xsim,1,2,1,2,39,M3,00,08,640,960,valid,activated_detected,,1,results/step06/raw/full/xsim/run_0029_offset_1792_count_0064.log
F1852,4,Falling_TF,39,4,xsim,1,2,1,2,39,M3,00,10,640,960,valid,activated_detected,,1,results/step06/raw/full/xsim/run_0029_offset_1792_count_0064.log
F1853,4,Falling_TF,39,5,xsim,1,2,1,2,39,M3,00,20,640,960,valid,activated_detected,,1,results/step06/raw/full/xsim/run_0029_offset_1792_count_0064.log
F1854,4,Falling_TF,39,6,xsim,1,2,1,2,39,M3,00,40,640,960,valid,activated_detected,,1,results/step06/raw/full/xsim/run_0029_offset_1792_count_0064.log
F1855,4,Falling_TF,39,7,xsim,1,2,1,2,39,M3,00,80,640,960,valid,activated_detected,,1,results/step06/raw/full/xsim/run_0029_offset_1792_count_0064.log
F1856,4,Falling_TF,40,0,xsim,1,2,1,2,40,M3,00,01,640,960,valid,activated_detected,,1,results/step06/raw/full/xsim/run_0030_offset_1856_count_0064.log
F1857,4,Falling_TF,40,1,xsim,1,2,1,2,40,M3,00,02,640,960,valid,activated_detected,,1,results/step06/raw/full/xsim/run_0030_offset_1856_count_0064.log
F1858,4,Falling_TF,40,2,xsim,1,2,1,2,40,M3,00,04,640,960,valid,activated_detected,,1,results/step06/raw/full/xsim/run_0030_offset_1856_count_0064.log
F1859,4,Falling_TF,40,3,xsim,1,2,1,2,40,M3,00,08,640,960,valid,activated_detected,,1,results/step06/raw/full/xsim/run_0030_offset_1856_count_0064.log
F1860,4,Falling_TF,40,4,xsim,1,2,1,2,40,M3,00,10,640,960,valid,activated_detected,,1,results/step06/raw/full/xsim/run_0030_offset_1856_count_0064.log
F1861,4,Falling_TF,40,5,xsim,1,2,1,2,40,M3,00,20,640,960,valid,activated_detected,,1,results/step06/raw/full/xsim/run_0030_offset_1856_count_0064.log
F1862,4,Falling_TF,40,6,xsim,1,2,1,2,40,M3,00,40,640,960,valid,activated_detected,,1,results/step06/raw/full/xsim/run_0030_offset_1856_count_0064.log
F1863,4,Falling_TF,40,7,xsim,1,2,1,2,40,M3,00,80,640,960,valid,activated_detected,,1,results/step06/raw/full/xsim/run_0030_offset_1856_count_0064.log
F1864,4,Falling_TF,41,0,xsim,1,2,1,2,41,M3,00,01,640,960,valid,activated_detected,,1,results/step06/raw/full/xsim/run_0030_offset_1856_count_0064.log
F1865,4,Falling_TF,41,1,xsim,1,2,1,2,41,M3,00,02,640,960,valid,activated_detected,,1,results/step06/raw/full/xsim/run_0030_offset_1856_count_0064.log
F1866,4,Falling_TF,41,2,xsim,1,2,1,2,41,M3,00,04,640,960,valid,activated_detected,,1,results/step06/raw/full/xsim/run_0030_offset_1856_count_0064.log
F1867,4,Falling_TF,41,3,xsim,1,2,1,2,41,M3,00,08,640,960,valid,activated_detected,,1,results/step06/raw/full/xsim/run_0030_offset_1856_count_0064.log
F1868,4,Falling_TF,41,4,xsim,1,2,1,2,41,M3,00,10,640,960,valid,activated_detected,,1,results/step06/raw/full/xsim/run_0030_offset_1856_count_0064.log
F1869,4,Falling_TF,41,5,xsim,1,2,1,2,41,M3,00,20,640,960,valid,activated_detected,,1,results/step06/raw/full/xsim/run_0030_offset_1856_count_0064.log
F1870,4,Falling_TF,41,6,xsim,1,2,1,2,41,M3,00,40,640,960,valid,activated_detected,,1,results/step06/raw/full/xsim/run_0030_offset_1856_count_0064.log
F1871,4,Falling_TF,41,7,xsim,1,2,1,2,41,M3,00,80,640,960,valid,activated_detected,,1,results/step06/raw/full/xsim/run_0030_offset_1856_count_0064.log
F1872,4,Falling_TF,42,0,xsim,1,2,1,2,42,M3,00,01,640,960,valid,activated_detected,,1,results/step06/raw/full/xsim/run_0030_offset_1856_count_0064.log
F1873,4,Falling_TF,42,1,xsim,1,2,1,2,42,M3,00,02,640,960,valid,activated_detected,,1,results/step06/raw/full/xsim/run_0030_offset_1856_count_0064.log
F1874,4,Falling_TF,42,2,xsim,1,2,1,2,42,M3,00,04,640,960,valid,activated_detected,,1,results/step06/raw/full/xsim/run_0030_offset_1856_count_0064.log
F1875,4,Falling_TF,42,3,xsim,1,2,1,2,42,M3,00,08,640,960,valid,activated_detected,,1,results/step06/raw/full/xsim/run_0030_offset_1856_count_0064.log
F1876,4,Falling_TF,42,4,xsim,1,2,1,2,42,M3,00,10,640,960,valid,activated_detected,,1,results/step06/raw/full/xsim/run_0030_offset_1856_count_0064.log
F1877,4,Falling_TF,42,5,xsim,1,2,1,2,42,M3,00,20,640,960,valid,activated_detected,,1,results/step06/raw/full/xsim/run_0030_offset_1856_count_0064.log
F1878,4,Falling_TF,42,6,xsim,1,2,1,2,42,M3,00,40,640,960,valid,activated_detected,,1,results/step06/raw/full/xsim/run_0030_offset_1856_count_0064.log
F1879,4,Falling_TF,42,7,xsim,1,2,1,2,42,M3,00,80,640,960,valid,activated_detected,,1,results/step06/raw/full/xsim/run_0030_offset_1856_count_0064.log
F1880,4,Falling_TF,43,0,xsim,1,2,1,2,43,M3,00,01,640,960,valid,activated_detected,,1,results/step06/raw/full/xsim/run_0030_offset_1856_count_0064.log
F1881,4,Falling_TF,43,1,xsim,1,2,1,2,43,M3,00,02,640,960,valid,activated_detected,,1,results/step06/raw/full/xsim/run_0030_offset_1856_count_0064.log
F1882,4,Falling_TF,43,2,xsim,1,2,1,2,43,M3,00,04,640,960,valid,activated_detected,,1,results/step06/raw/full/xsim/run_0030_offset_1856_count_0064.log
F1883,4,Falling_TF,43,3,xsim,1,2,1,2,43,M3,00,08,640,960,valid,activated_detected,,1,results/step06/raw/full/xsim/run_0030_offset_1856_count_0064.log
F1884,4,Falling_TF,43,4,xsim,1,2,1,2,43,M3,00,10,640,960,valid,activated_detected,,1,results/step06/raw/full/xsim/run_0030_offset_1856_count_0064.log
F1885,4,Falling_TF,43,5,xsim,1,2,1,2,43,M3,00,20,640,960,valid,activated_detected,,1,results/step06/raw/full/xsim/run_0030_offset_1856_count_0064.log
F1886,4,Falling_TF,43,6,xsim,1,2,1,2,43,M3,00,40,640,960,valid,activated_detected,,1,results/step06/raw/full/xsim/run_0030_offset_1856_count_0064.log
F1887,4,Falling_TF,43,7,xsim,1,2,1,2,43,M3,00,80,640,960,valid,activated_detected,,1,results/step06/raw/full/xsim/run_0030_offset_1856_count_0064.log
F1888,4,Falling_TF,44,0,xsim,1,2,1,2,44,M3,00,01,640,960,valid,activated_detected,,1,results/step06/raw/full/xsim/run_0030_offset_1856_count_0064.log
F1889,4,Falling_TF,44,1,xsim,1,2,1,2,44,M3,00,02,640,960,valid,activated_detected,,1,results/step06/raw/full/xsim/run_0030_offset_1856_count_0064.log
F1890,4,Falling_TF,44,2,xsim,1,2,1,2,44,M3,00,04,640,960,valid,activated_detected,,1,results/step06/raw/full/xsim/run_0030_offset_1856_count_0064.log
F1891,4,Falling_TF,44,3,xsim,1,2,1,2,44,M3,00,08,640,960,valid,activated_detected,,1,results/step06/raw/full/xsim/run_0030_offset_1856_count_0064.log
F1892,4,Falling_TF,44,4,xsim,1,2,1,2,44,M3,00,10,640,960,valid,activated_detected,,1,results/step06/raw/full/xsim/run_0030_offset_1856_count_0064.log
F1893,4,Falling_TF,44,5,xsim,1,2,1,2,44,M3,00,20,640,960,valid,activated_detected,,1,results/step06/raw/full/xsim/run_0030_offset_1856_count_0064.log
F1894,4,Falling_TF,44,6,xsim,1,2,1,2,44,M3,00,40,640,960,valid,activated_detected,,1,results/step06/raw/full/xsim/run_0030_offset_1856_count_0064.log
F1895,4,Falling_TF,44,7,xsim,1,2,1,2,44,M3,00,80,640,960,valid,activated_detected,,1,results/step06/raw/full/xsim/run_0030_offset_1856_count_0064.log
F1896,4,Falling_TF,45,0,xsim,1,2,1,2,45,M3,00,01,640,960,valid,activated_detected,,1,results/step06/raw/full/xsim/run_0030_offset_1856_count_0064.log
F1897,4,Falling_TF,45,1,xsim,1,2,1,2,45,M3,00,02,640,960,valid,activated_detected,,1,results/step06/raw/full/xsim/run_0030_offset_1856_count_0064.log
F1898,4,Falling_TF,45,2,xsim,1,2,1,2,45,M3,00,04,640,960,valid,activated_detected,,1,results/step06/raw/full/xsim/run_0030_offset_1856_count_0064.log
F1899,4,Falling_TF,45,3,xsim,1,2,1,2,45,M3,00,08,640,960,valid,activated_detected,,1,results/step06/raw/full/xsim/run_0030_offset_1856_count_0064.log
F1900,4,Falling_TF,45,4,xsim,1,2,1,2,45,M3,00,10,640,960,valid,activated_detected,,1,results/step06/raw/full/xsim/run_0030_offset_1856_count_0064.log
F1901,4,Falling_TF,45,5,xsim,1,2,1,2,45,M3,00,20,640,960,valid,activated_detected,,1,results/step06/raw/full/xsim/run_0030_offset_1856_count_0064.log
F1902,4,Falling_TF,45,6,xsim,1,2,1,2,45,M3,00,40,640,960,valid,activated_detected,,1,results/step06/raw/full/xsim/run_0030_offset_1856_count_0064.log
F1903,4,Falling_TF,45,7,xsim,1,2,1,2,45,M3,00,80,640,960,valid,activated_detected,,1,results/step06/raw/full/xsim/run_0030_offset_1856_count_0064.log
F1904,4,Falling_TF,46,0,xsim,1,2,1,2,46,M3,00,01,640,960,valid,activated_detected,,1,results/step06/raw/full/xsim/run_0030_offset_1856_count_0064.log
F1905,4,Falling_TF,46,1,xsim,1,2,1,2,46,M3,00,02,640,960,valid,activated_detected,,1,results/step06/raw/full/xsim/run_0030_offset_1856_count_0064.log
F1906,4,Falling_TF,46,2,xsim,1,2,1,2,46,M3,00,04,640,960,valid,activated_detected,,1,results/step06/raw/full/xsim/run_0030_offset_1856_count_0064.log
F1907,4,Falling_TF,46,3,xsim,1,2,1,2,46,M3,00,08,640,960,valid,activated_detected,,1,results/step06/raw/full/xsim/run_0030_offset_1856_count_0064.log
F1908,4,Falling_TF,46,4,xsim,1,2,1,2,46,M3,00,10,640,960,valid,activated_detected,,1,results/step06/raw/full/xsim/run_0030_offset_1856_count_0064.log
F1909,4,Falling_TF,46,5,xsim,1,2,1,2,46,M3,00,20,640,960,valid,activated_detected,,1,results/step06/raw/full/xsim/run_0030_offset_1856_count_0064.log
F1910,4,Falling_TF,46,6,xsim,1,2,1,2,46,M3,00,40,640,960,valid,activated_detected,,1,results/step06/raw/full/xsim/run_0030_offset_1856_count_0064.log
F1911,4,Falling_TF,46,7,xsim,1,2,1,2,46,M3,00,80,640,960,valid,activated_detected,,1,results/step06/raw/full/xsim/run_0030_offset_1856_count_0064.log
F1912,4,Falling_TF,47,0,xsim,1,2,1,2,47,M3,00,01,640,960,valid,activated_detected,,1,results/step06/raw/full/xsim/run_0030_offset_1856_count_0064.log
F1913,4,Falling_TF,47,1,xsim,1,2,1,2,47,M3,00,02,640,960,valid,activated_detected,,1,results/step06/raw/full/xsim/run_0030_offset_1856_count_0064.log
F1914,4,Falling_TF,47,2,xsim,1,2,1,2,47,M3,00,04,640,960,valid,activated_detected,,1,results/step06/raw/full/xsim/run_0030_offset_1856_count_0064.log
F1915,4,Falling_TF,47,3,xsim,1,2,1,2,47,M3,00,08,640,960,valid,activated_detected,,1,results/step06/raw/full/xsim/run_0030_offset_1856_count_0064.log
F1916,4,Falling_TF,47,4,xsim,1,2,1,2,47,M3,00,10,640,960,valid,activated_detected,,1,results/step06/raw/full/xsim/run_0030_offset_1856_count_0064.log
F1917,4,Falling_TF,47,5,xsim,1,2,1,2,47,M3,00,20,640,960,valid,activated_detected,,1,results/step06/raw/full/xsim/run_0030_offset_1856_count_0064.log
F1918,4,Falling_TF,47,6,xsim,1,2,1,2,47,M3,00,40,640,960,valid,activated_detected,,1,results/step06/raw/full/xsim/run_0030_offset_1856_count_0064.log
F1919,4,Falling_TF,47,7,xsim,1,2,1,2,47,M3,00,80,640,960,valid,activated_detected,,1,results/step06/raw/full/xsim/run_0030_offset_1856_count_0064.log
F1920,4,Falling_TF,48,0,xsim,1,2,1,2,48,M3,00,01,640,960,valid,activated_detected,,1,results/step06/raw/full/xsim/run_0031_offset_1920_count_0064.log
F1921,4,Falling_TF,48,1,xsim,1,2,1,2,48,M3,00,02,640,960,valid,activated_detected,,1,results/step06/raw/full/xsim/run_0031_offset_1920_count_0064.log
F1922,4,Falling_TF,48,2,xsim,1,2,1,2,48,M3,00,04,640,960,valid,activated_detected,,1,results/step06/raw/full/xsim/run_0031_offset_1920_count_0064.log
F1923,4,Falling_TF,48,3,xsim,1,2,1,2,48,M3,00,08,640,960,valid,activated_detected,,1,results/step06/raw/full/xsim/run_0031_offset_1920_count_0064.log
F1924,4,Falling_TF,48,4,xsim,1,2,1,2,48,M3,00,10,640,960,valid,activated_detected,,1,results/step06/raw/full/xsim/run_0031_offset_1920_count_0064.log
F1925,4,Falling_TF,48,5,xsim,1,2,1,2,48,M3,00,20,640,960,valid,activated_detected,,1,results/step06/raw/full/xsim/run_0031_offset_1920_count_0064.log
F1926,4,Falling_TF,48,6,xsim,1,2,1,2,48,M3,00,40,640,960,valid,activated_detected,,1,results/step06/raw/full/xsim/run_0031_offset_1920_count_0064.log
F1927,4,Falling_TF,48,7,xsim,1,2,1,2,48,M3,00,80,640,960,valid,activated_detected,,1,results/step06/raw/full/xsim/run_0031_offset_1920_count_0064.log
F1928,4,Falling_TF,49,0,xsim,1,2,1,2,49,M3,00,01,640,960,valid,activated_detected,,1,results/step06/raw/full/xsim/run_0031_offset_1920_count_0064.log
F1929,4,Falling_TF,49,1,xsim,1,2,1,2,49,M3,00,02,640,960,valid,activated_detected,,1,results/step06/raw/full/xsim/run_0031_offset_1920_count_0064.log
F1930,4,Falling_TF,49,2,xsim,1,2,1,2,49,M3,00,04,640,960,valid,activated_detected,,1,results/step06/raw/full/xsim/run_0031_offset_1920_count_0064.log
F1931,4,Falling_TF,49,3,xsim,1,2,1,2,49,M3,00,08,640,960,valid,activated_detected,,1,results/step06/raw/full/xsim/run_0031_offset_1920_count_0064.log
F1932,4,Falling_TF,49,4,xsim,1,2,1,2,49,M3,00,10,640,960,valid,activated_detected,,1,results/step06/raw/full/xsim/run_0031_offset_1920_count_0064.log
F1933,4,Falling_TF,49,5,xsim,1,2,1,2,49,M3,00,20,640,960,valid,activated_detected,,1,results/step06/raw/full/xsim/run_0031_offset_1920_count_0064.log
F1934,4,Falling_TF,49,6,xsim,1,2,1,2,49,M3,00,40,640,960,valid,activated_detected,,1,results/step06/raw/full/xsim/run_0031_offset_1920_count_0064.log
F1935,4,Falling_TF,49,7,xsim,1,2,1,2,49,M3,00,80,640,960,valid,activated_detected,,1,results/step06/raw/full/xsim/run_0031_offset_1920_count_0064.log
F1936,4,Falling_TF,50,0,xsim,1,2,1,2,50,M3,00,01,640,960,valid,activated_detected,,1,results/step06/raw/full/xsim/run_0031_offset_1920_count_0064.log
F1937,4,Falling_TF,50,1,xsim,1,2,1,2,50,M3,00,02,640,960,valid,activated_detected,,1,results/step06/raw/full/xsim/run_0031_offset_1920_count_0064.log
F1938,4,Falling_TF,50,2,xsim,1,2,1,2,50,M3,00,04,640,960,valid,activated_detected,,1,results/step06/raw/full/xsim/run_0031_offset_1920_count_0064.log
F1939,4,Falling_TF,50,3,xsim,1,2,1,2,50,M3,00,08,640,960,valid,activated_detected,,1,results/step06/raw/full/xsim/run_0031_offset_1920_count_0064.log
F1940,4,Falling_TF,50,4,xsim,1,2,1,2,50,M3,00,10,640,960,valid,activated_detected,,1,results/step06/raw/full/xsim/run_0031_offset_1920_count_0064.log
F1941,4,Falling_TF,50,5,xsim,1,2,1,2,50,M3,00,20,640,960,valid,activated_detected,,1,results/step06/raw/full/xsim/run_0031_offset_1920_count_0064.log
F1942,4,Falling_TF,50,6,xsim,1,2,1,2,50,M3,00,40,640,960,valid,activated_detected,,1,results/step06/raw/full/xsim/run_0031_offset_1920_count_0064.log
F1943,4,Falling_TF,50,7,xsim,1,2,1,2,50,M3,00,80,640,960,valid,activated_detected,,1,results/step06/raw/full/xsim/run_0031_offset_1920_count_0064.log
F1944,4,Falling_TF,51,0,xsim,1,2,1,2,51,M3,00,01,640,960,valid,activated_detected,,1,results/step06/raw/full/xsim/run_0031_offset_1920_count_0064.log
F1945,4,Falling_TF,51,1,xsim,1,2,1,2,51,M3,00,02,640,960,valid,activated_detected,,1,results/step06/raw/full/xsim/run_0031_offset_1920_count_0064.log
F1946,4,Falling_TF,51,2,xsim,1,2,1,2,51,M3,00,04,640,960,valid,activated_detected,,1,results/step06/raw/full/xsim/run_0031_offset_1920_count_0064.log
F1947,4,Falling_TF,51,3,xsim,1,2,1,2,51,M3,00,08,640,960,valid,activated_detected,,1,results/step06/raw/full/xsim/run_0031_offset_1920_count_0064.log
F1948,4,Falling_TF,51,4,xsim,1,2,1,2,51,M3,00,10,640,960,valid,activated_detected,,1,results/step06/raw/full/xsim/run_0031_offset_1920_count_0064.log
F1949,4,Falling_TF,51,5,xsim,1,2,1,2,51,M3,00,20,640,960,valid,activated_detected,,1,results/step06/raw/full/xsim/run_0031_offset_1920_count_0064.log
F1950,4,Falling_TF,51,6,xsim,1,2,1,2,51,M3,00,40,640,960,valid,activated_detected,,1,results/step06/raw/full/xsim/run_0031_offset_1920_count_0064.log
F1951,4,Falling_TF,51,7,xsim,1,2,1,2,51,M3,00,80,640,960,valid,activated_detected,,1,results/step06/raw/full/xsim/run_0031_offset_1920_count_0064.log
F1952,4,Falling_TF,52,0,xsim,1,2,1,2,52,M3,00,01,640,960,valid,activated_detected,,1,results/step06/raw/full/xsim/run_0031_offset_1920_count_0064.log
F1953,4,Falling_TF,52,1,xsim,1,2,1,2,52,M3,00,02,640,960,valid,activated_detected,,1,results/step06/raw/full/xsim/run_0031_offset_1920_count_0064.log
F1954,4,Falling_TF,52,2,xsim,1,2,1,2,52,M3,00,04,640,960,valid,activated_detected,,1,results/step06/raw/full/xsim/run_0031_offset_1920_count_0064.log
F1955,4,Falling_TF,52,3,xsim,1,2,1,2,52,M3,00,08,640,960,valid,activated_detected,,1,results/step06/raw/full/xsim/run_0031_offset_1920_count_0064.log
F1956,4,Falling_TF,52,4,xsim,1,2,1,2,52,M3,00,10,640,960,valid,activated_detected,,1,results/step06/raw/full/xsim/run_0031_offset_1920_count_0064.log
F1957,4,Falling_TF,52,5,xsim,1,2,1,2,52,M3,00,20,640,960,valid,activated_detected,,1,results/step06/raw/full/xsim/run_0031_offset_1920_count_0064.log
F1958,4,Falling_TF,52,6,xsim,1,2,1,2,52,M3,00,40,640,960,valid,activated_detected,,1,results/step06/raw/full/xsim/run_0031_offset_1920_count_0064.log
F1959,4,Falling_TF,52,7,xsim,1,2,1,2,52,M3,00,80,640,960,valid,activated_detected,,1,results/step06/raw/full/xsim/run_0031_offset_1920_count_0064.log
F1960,4,Falling_TF,53,0,xsim,1,2,1,2,53,M3,00,01,640,960,valid,activated_detected,,1,results/step06/raw/full/xsim/run_0031_offset_1920_count_0064.log
F1961,4,Falling_TF,53,1,xsim,1,2,1,2,53,M3,00,02,640,960,valid,activated_detected,,1,results/step06/raw/full/xsim/run_0031_offset_1920_count_0064.log
F1962,4,Falling_TF,53,2,xsim,1,2,1,2,53,M3,00,04,640,960,valid,activated_detected,,1,results/step06/raw/full/xsim/run_0031_offset_1920_count_0064.log
F1963,4,Falling_TF,53,3,xsim,1,2,1,2,53,M3,00,08,640,960,valid,activated_detected,,1,results/step06/raw/full/xsim/run_0031_offset_1920_count_0064.log
F1964,4,Falling_TF,53,4,xsim,1,2,1,2,53,M3,00,10,640,960,valid,activated_detected,,1,results/step06/raw/full/xsim/run_0031_offset_1920_count_0064.log
F1965,4,Falling_TF,53,5,xsim,1,2,1,2,53,M3,00,20,640,960,valid,activated_detected,,1,results/step06/raw/full/xsim/run_0031_offset_1920_count_0064.log
F1966,4,Falling_TF,53,6,xsim,1,2,1,2,53,M3,00,40,640,960,valid,activated_detected,,1,results/step06/raw/full/xsim/run_0031_offset_1920_count_0064.log
F1967,4,Falling_TF,53,7,xsim,1,2,1,2,53,M3,00,80,640,960,valid,activated_detected,,1,results/step06/raw/full/xsim/run_0031_offset_1920_count_0064.log
F1968,4,Falling_TF,54,0,xsim,1,2,1,2,54,M3,00,01,640,960,valid,activated_detected,,1,results/step06/raw/full/xsim/run_0031_offset_1920_count_0064.log
F1969,4,Falling_TF,54,1,xsim,1,2,1,2,54,M3,00,02,640,960,valid,activated_detected,,1,results/step06/raw/full/xsim/run_0031_offset_1920_count_0064.log
F1970,4,Falling_TF,54,2,xsim,1,2,1,2,54,M3,00,04,640,960,valid,activated_detected,,1,results/step06/raw/full/xsim/run_0031_offset_1920_count_0064.log
F1971,4,Falling_TF,54,3,xsim,1,2,1,2,54,M3,00,08,640,960,valid,activated_detected,,1,results/step06/raw/full/xsim/run_0031_offset_1920_count_0064.log
F1972,4,Falling_TF,54,4,xsim,1,2,1,2,54,M3,00,10,640,960,valid,activated_detected,,1,results/step06/raw/full/xsim/run_0031_offset_1920_count_0064.log
F1973,4,Falling_TF,54,5,xsim,1,2,1,2,54,M3,00,20,640,960,valid,activated_detected,,1,results/step06/raw/full/xsim/run_0031_offset_1920_count_0064.log
F1974,4,Falling_TF,54,6,xsim,1,2,1,2,54,M3,00,40,640,960,valid,activated_detected,,1,results/step06/raw/full/xsim/run_0031_offset_1920_count_0064.log
F1975,4,Falling_TF,54,7,xsim,1,2,1,2,54,M3,00,80,640,960,valid,activated_detected,,1,results/step06/raw/full/xsim/run_0031_offset_1920_count_0064.log
F1976,4,Falling_TF,55,0,xsim,1,2,1,2,55,M3,00,01,640,960,valid,activated_detected,,1,results/step06/raw/full/xsim/run_0031_offset_1920_count_0064.log
F1977,4,Falling_TF,55,1,xsim,1,2,1,2,55,M3,00,02,640,960,valid,activated_detected,,1,results/step06/raw/full/xsim/run_0031_offset_1920_count_0064.log
F1978,4,Falling_TF,55,2,xsim,1,2,1,2,55,M3,00,04,640,960,valid,activated_detected,,1,results/step06/raw/full/xsim/run_0031_offset_1920_count_0064.log
F1979,4,Falling_TF,55,3,xsim,1,2,1,2,55,M3,00,08,640,960,valid,activated_detected,,1,results/step06/raw/full/xsim/run_0031_offset_1920_count_0064.log
F1980,4,Falling_TF,55,4,xsim,1,2,1,2,55,M3,00,10,640,960,valid,activated_detected,,1,results/step06/raw/full/xsim/run_0031_offset_1920_count_0064.log
F1981,4,Falling_TF,55,5,xsim,1,2,1,2,55,M3,00,20,640,960,valid,activated_detected,,1,results/step06/raw/full/xsim/run_0031_offset_1920_count_0064.log
F1982,4,Falling_TF,55,6,xsim,1,2,1,2,55,M3,00,40,640,960,valid,activated_detected,,1,results/step06/raw/full/xsim/run_0031_offset_1920_count_0064.log
F1983,4,Falling_TF,55,7,xsim,1,2,1,2,55,M3,00,80,640,960,valid,activated_detected,,1,results/step06/raw/full/xsim/run_0031_offset_1920_count_0064.log
F1984,4,Falling_TF,56,0,xsim,1,2,1,2,56,M3,00,01,640,960,valid,activated_detected,,1,results/step06/raw/full/xsim/run_0032_offset_1984_count_0064.log
F1985,4,Falling_TF,56,1,xsim,1,2,1,2,56,M3,00,02,640,960,valid,activated_detected,,1,results/step06/raw/full/xsim/run_0032_offset_1984_count_0064.log
F1986,4,Falling_TF,56,2,xsim,1,2,1,2,56,M3,00,04,640,960,valid,activated_detected,,1,results/step06/raw/full/xsim/run_0032_offset_1984_count_0064.log
F1987,4,Falling_TF,56,3,xsim,1,2,1,2,56,M3,00,08,640,960,valid,activated_detected,,1,results/step06/raw/full/xsim/run_0032_offset_1984_count_0064.log
F1988,4,Falling_TF,56,4,xsim,1,2,1,2,56,M3,00,10,640,960,valid,activated_detected,,1,results/step06/raw/full/xsim/run_0032_offset_1984_count_0064.log
F1989,4,Falling_TF,56,5,xsim,1,2,1,2,56,M3,00,20,640,960,valid,activated_detected,,1,results/step06/raw/full/xsim/run_0032_offset_1984_count_0064.log
F1990,4,Falling_TF,56,6,xsim,1,2,1,2,56,M3,00,40,640,960,valid,activated_detected,,1,results/step06/raw/full/xsim/run_0032_offset_1984_count_0064.log
F1991,4,Falling_TF,56,7,xsim,1,2,1,2,56,M3,00,80,640,960,valid,activated_detected,,1,results/step06/raw/full/xsim/run_0032_offset_1984_count_0064.log
F1992,4,Falling_TF,57,0,xsim,1,2,1,2,57,M3,00,01,640,960,valid,activated_detected,,1,results/step06/raw/full/xsim/run_0032_offset_1984_count_0064.log
F1993,4,Falling_TF,57,1,xsim,1,2,1,2,57,M3,00,02,640,960,valid,activated_detected,,1,results/step06/raw/full/xsim/run_0032_offset_1984_count_0064.log
F1994,4,Falling_TF,57,2,xsim,1,2,1,2,57,M3,00,04,640,960,valid,activated_detected,,1,results/step06/raw/full/xsim/run_0032_offset_1984_count_0064.log
F1995,4,Falling_TF,57,3,xsim,1,2,1,2,57,M3,00,08,640,960,valid,activated_detected,,1,results/step06/raw/full/xsim/run_0032_offset_1984_count_0064.log
F1996,4,Falling_TF,57,4,xsim,1,2,1,2,57,M3,00,10,640,960,valid,activated_detected,,1,results/step06/raw/full/xsim/run_0032_offset_1984_count_0064.log
F1997,4,Falling_TF,57,5,xsim,1,2,1,2,57,M3,00,20,640,960,valid,activated_detected,,1,results/step06/raw/full/xsim/run_0032_offset_1984_count_0064.log
F1998,4,Falling_TF,57,6,xsim,1,2,1,2,57,M3,00,40,640,960,valid,activated_detected,,1,results/step06/raw/full/xsim/run_0032_offset_1984_count_0064.log
F1999,4,Falling_TF,57,7,xsim,1,2,1,2,57,M3,00,80,640,960,valid,activated_detected,,1,results/step06/raw/full/xsim/run_0032_offset_1984_count_0064.log
F2000,4,Falling_TF,58,0,xsim,1,2,1,2,58,M3,00,01,640,960,valid,activated_detected,,1,results/step06/raw/full/xsim/run_0032_offset_1984_count_0064.log
F2001,4,Falling_TF,58,1,xsim,1,2,1,2,58,M3,00,02,640,960,valid,activated_detected,,1,results/step06/raw/full/xsim/run_0032_offset_1984_count_0064.log
F2002,4,Falling_TF,58,2,xsim,1,2,1,2,58,M3,00,04,640,960,valid,activated_detected,,1,results/step06/raw/full/xsim/run_0032_offset_1984_count_0064.log
F2003,4,Falling_TF,58,3,xsim,1,2,1,2,58,M3,00,08,640,960,valid,activated_detected,,1,results/step06/raw/full/xsim/run_0032_offset_1984_count_0064.log
F2004,4,Falling_TF,58,4,xsim,1,2,1,2,58,M3,00,10,640,960,valid,activated_detected,,1,results/step06/raw/full/xsim/run_0032_offset_1984_count_0064.log
F2005,4,Falling_TF,58,5,xsim,1,2,1,2,58,M3,00,20,640,960,valid,activated_detected,,1,results/step06/raw/full/xsim/run_0032_offset_1984_count_0064.log
F2006,4,Falling_TF,58,6,xsim,1,2,1,2,58,M3,00,40,640,960,valid,activated_detected,,1,results/step06/raw/full/xsim/run_0032_offset_1984_count_0064.log
F2007,4,Falling_TF,58,7,xsim,1,2,1,2,58,M3,00,80,640,960,valid,activated_detected,,1,results/step06/raw/full/xsim/run_0032_offset_1984_count_0064.log
F2008,4,Falling_TF,59,0,xsim,1,2,1,2,59,M3,00,01,640,960,valid,activated_detected,,1,results/step06/raw/full/xsim/run_0032_offset_1984_count_0064.log
F2009,4,Falling_TF,59,1,xsim,1,2,1,2,59,M3,00,02,640,960,valid,activated_detected,,1,results/step06/raw/full/xsim/run_0032_offset_1984_count_0064.log
F2010,4,Falling_TF,59,2,xsim,1,2,1,2,59,M3,00,04,640,960,valid,activated_detected,,1,results/step06/raw/full/xsim/run_0032_offset_1984_count_0064.log
F2011,4,Falling_TF,59,3,xsim,1,2,1,2,59,M3,00,08,640,960,valid,activated_detected,,1,results/step06/raw/full/xsim/run_0032_offset_1984_count_0064.log
F2012,4,Falling_TF,59,4,xsim,1,2,1,2,59,M3,00,10,640,960,valid,activated_detected,,1,results/step06/raw/full/xsim/run_0032_offset_1984_count_0064.log
F2013,4,Falling_TF,59,5,xsim,1,2,1,2,59,M3,00,20,640,960,valid,activated_detected,,1,results/step06/raw/full/xsim/run_0032_offset_1984_count_0064.log
F2014,4,Falling_TF,59,6,xsim,1,2,1,2,59,M3,00,40,640,960,valid,activated_detected,,1,results/step06/raw/full/xsim/run_0032_offset_1984_count_0064.log
F2015,4,Falling_TF,59,7,xsim,1,2,1,2,59,M3,00,80,640,960,valid,activated_detected,,1,results/step06/raw/full/xsim/run_0032_offset_1984_count_0064.log
F2016,4,Falling_TF,60,0,xsim,1,2,1,2,60,M3,00,01,640,960,valid,activated_detected,,1,results/step06/raw/full/xsim/run_0032_offset_1984_count_0064.log
F2017,4,Falling_TF,60,1,xsim,1,2,1,2,60,M3,00,02,640,960,valid,activated_detected,,1,results/step06/raw/full/xsim/run_0032_offset_1984_count_0064.log
F2018,4,Falling_TF,60,2,xsim,1,2,1,2,60,M3,00,04,640,960,valid,activated_detected,,1,results/step06/raw/full/xsim/run_0032_offset_1984_count_0064.log
F2019,4,Falling_TF,60,3,xsim,1,2,1,2,60,M3,00,08,640,960,valid,activated_detected,,1,results/step06/raw/full/xsim/run_0032_offset_1984_count_0064.log
F2020,4,Falling_TF,60,4,xsim,1,2,1,2,60,M3,00,10,640,960,valid,activated_detected,,1,results/step06/raw/full/xsim/run_0032_offset_1984_count_0064.log
F2021,4,Falling_TF,60,5,xsim,1,2,1,2,60,M3,00,20,640,960,valid,activated_detected,,1,results/step06/raw/full/xsim/run_0032_offset_1984_count_0064.log
F2022,4,Falling_TF,60,6,xsim,1,2,1,2,60,M3,00,40,640,960,valid,activated_detected,,1,results/step06/raw/full/xsim/run_0032_offset_1984_count_0064.log
F2023,4,Falling_TF,60,7,xsim,1,2,1,2,60,M3,00,80,640,960,valid,activated_detected,,1,results/step06/raw/full/xsim/run_0032_offset_1984_count_0064.log
F2024,4,Falling_TF,61,0,xsim,1,2,1,2,61,M3,00,01,640,960,valid,activated_detected,,1,results/step06/raw/full/xsim/run_0032_offset_1984_count_0064.log
F2025,4,Falling_TF,61,1,xsim,1,2,1,2,61,M3,00,02,640,960,valid,activated_detected,,1,results/step06/raw/full/xsim/run_0032_offset_1984_count_0064.log
F2026,4,Falling_TF,61,2,xsim,1,2,1,2,61,M3,00,04,640,960,valid,activated_detected,,1,results/step06/raw/full/xsim/run_0032_offset_1984_count_0064.log
F2027,4,Falling_TF,61,3,xsim,1,2,1,2,61,M3,00,08,640,960,valid,activated_detected,,1,results/step06/raw/full/xsim/run_0032_offset_1984_count_0064.log
F2028,4,Falling_TF,61,4,xsim,1,2,1,2,61,M3,00,10,640,960,valid,activated_detected,,1,results/step06/raw/full/xsim/run_0032_offset_1984_count_0064.log
F2029,4,Falling_TF,61,5,xsim,1,2,1,2,61,M3,00,20,640,960,valid,activated_detected,,1,results/step06/raw/full/xsim/run_0032_offset_1984_count_0064.log
F2030,4,Falling_TF,61,6,xsim,1,2,1,2,61,M3,00,40,640,960,valid,activated_detected,,1,results/step06/raw/full/xsim/run_0032_offset_1984_count_0064.log
F2031,4,Falling_TF,61,7,xsim,1,2,1,2,61,M3,00,80,640,960,valid,activated_detected,,1,results/step06/raw/full/xsim/run_0032_offset_1984_count_0064.log
F2032,4,Falling_TF,62,0,xsim,1,2,1,2,62,M3,00,01,640,960,valid,activated_detected,,1,results/step06/raw/full/xsim/run_0032_offset_1984_count_0064.log
F2033,4,Falling_TF,62,1,xsim,1,2,1,2,62,M3,00,02,640,960,valid,activated_detected,,1,results/step06/raw/full/xsim/run_0032_offset_1984_count_0064.log
F2034,4,Falling_TF,62,2,xsim,1,2,1,2,62,M3,00,04,640,960,valid,activated_detected,,1,results/step06/raw/full/xsim/run_0032_offset_1984_count_0064.log
F2035,4,Falling_TF,62,3,xsim,1,2,1,2,62,M3,00,08,640,960,valid,activated_detected,,1,results/step06/raw/full/xsim/run_0032_offset_1984_count_0064.log
F2036,4,Falling_TF,62,4,xsim,1,2,1,2,62,M3,00,10,640,960,valid,activated_detected,,1,results/step06/raw/full/xsim/run_0032_offset_1984_count_0064.log
F2037,4,Falling_TF,62,5,xsim,1,2,1,2,62,M3,00,20,640,960,valid,activated_detected,,1,results/step06/raw/full/xsim/run_0032_offset_1984_count_0064.log
F2038,4,Falling_TF,62,6,xsim,1,2,1,2,62,M3,00,40,640,960,valid,activated_detected,,1,results/step06/raw/full/xsim/run_0032_offset_1984_count_0064.log
F2039,4,Falling_TF,62,7,xsim,1,2,1,2,62,M3,00,80,640,960,valid,activated_detected,,1,results/step06/raw/full/xsim/run_0032_offset_1984_count_0064.log
F2040,4,Falling_TF,63,0,xsim,1,2,1,2,63,M3,00,01,640,960,valid,activated_detected,,1,results/step06/raw/full/xsim/run_0032_offset_1984_count_0064.log
F2041,4,Falling_TF,63,1,xsim,1,2,1,2,63,M3,00,02,640,960,valid,activated_detected,,1,results/step06/raw/full/xsim/run_0032_offset_1984_count_0064.log
F2042,4,Falling_TF,63,2,xsim,1,2,1,2,63,M3,00,04,640,960,valid,activated_detected,,1,results/step06/raw/full/xsim/run_0032_offset_1984_count_0064.log
F2043,4,Falling_TF,63,3,xsim,1,2,1,2,63,M3,00,08,640,960,valid,activated_detected,,1,results/step06/raw/full/xsim/run_0032_offset_1984_count_0064.log
F2044,4,Falling_TF,63,4,xsim,1,2,1,2,63,M3,00,10,640,960,valid,activated_detected,,1,results/step06/raw/full/xsim/run_0032_offset_1984_count_0064.log
F2045,4,Falling_TF,63,5,xsim,1,2,1,2,63,M3,00,20,640,960,valid,activated_detected,,1,results/step06/raw/full/xsim/run_0032_offset_1984_count_0064.log
F2046,4,Falling_TF,63,6,xsim,1,2,1,2,63,M3,00,40,640,960,valid,activated_detected,,1,results/step06/raw/full/xsim/run_0032_offset_1984_count_0064.log
F2047,4,Falling_TF,63,7,xsim,1,2,1,2,63,M3,00,80,640,960,valid,activated_detected,,1,results/step06/raw/full/xsim/run_0032_offset_1984_count_0064.log
